structure_id,endpoint,assay_family,n_measurements,n_source_rows,n_cross_source_mirror_rows_collapsed,n_sources,n_exact_measurements,n_censored_measurements,n_approximate_measurements,p_activity_median,p_activity_best,p_activity_min,value_nm_median,value_nm_best,endpoints,n_endpoints,endpoint_families,n_endpoint_families,assay_families,n_assay_families,sources,compound_ids,target_names,document_years,relations,smiles,original_smiles,canonical_smiles,standardized_smiles,inchi_key,standard_inchi_key,structure_standardization_status,activity_range_log10,is_activity_heterogeneous,heterogeneity_log_spread_threshold,censoring_policy,aggregation_value_semantics,potency_class,active_100nM,active_1uM,scored_menin_endpoint,scored_menin_assay_family,has_observed_primary_herg_record,predicted_herg_blocker_probability,predicted_herg_probability_entropy_bits,herg_max_training_tanimoto,herg_nearest_training_smiles,herg_inside_applicability_domain,predicted_herg_risk,mol_wt,exact_mol_wt,logp,tpsa,h_bond_donors,h_bond_acceptors,rotatable_bonds,ring_count,aromatic_ring_count,fraction_csp3,heavy_atom_count,formal_charge,invalid_structure,qed,pains_alert_count,brenk_alert_count,nih_alert_count,pains_alerts,brenk_alerts,nih_alerts,scaffold_key,scaffold_method,series_id,series_size,connectivity_key,connectivity_group_size,nearest_neighbor_achiral_tanimoto,nearest_neighbor_achiral_structure_id,nearest_neighbor_chiral_tanimoto,nearest_neighbor_chiral_structure_id,local_novelty_achiral,property_window_violation_count,property_window_violations,property_desirability,ro5_violation_count,veber_violation_count,apparent_ligand_efficiency_kcal_per_mol_per_heavy_atom,apparent_lipophilic_ligand_efficiency,similarity_cluster_id,similarity_cluster_size,similarity_cluster_representative,observed_herg_blocker_label,observed_p_herg_median,observed_herg_value_nm_median,observed_herg_measurement_count,pk_observation_count,pk_endpoint_count,pk_endpoints,pk_species,pk_matrices,herg_evidence_status,herg_probability_used_for_decision,herg_prediction_used,observed_herg_used,potency_desirability,qed_desirability,evidence_desirability,herg_desirability,discovery_score_without_safety,complete_evidence_score,chemistry_evidence_gate,experimental_followup_tier,potency_property_pareto_rank,complete_evidence_pareto_rank,discovery_rank_without_safety,complete_evidence_rank,sensitivity_scenarios_eligible,sensitivity_rank_min,sensitivity_rank_median,sensitivity_rank_max,sensitivity_rank_span
STR-34FE1D5BDCFE7B2EB7FE,IC50,biochemical_binding,1,1,0,1,1,0,0,9.0,9.0,9.0,1.0,1.0,IC50,1,inhibitory_potency,1,biochemical_binding,1,ChEMBL,CHEMBL4211366,Menin,2018,=,O=c1cccc2n1[C@@H]1C[C@H](C2)CN(CC(O)CCCc2ccccc2)C1,O=c1cccc2n1[C@@H]1C[C@H](C2)CN(CC(O)CCCc2ccccc2)C1,O=c1cccc2n1[C@@H]1C[C@H](C2)CN(CC(O)CCCc2ccccc2)C1,O=c1cccc2n1[C@@H]1C[C@H](C2)CN(CC(O)CCCc2ccccc2)C1,MCMLLYNXDSNKTO-PALXJHBUSA-N,MCMLLYNXDSNKTO-PALXJHBUSA-N,standardized,0.0,False,2.0,strict_exact,exact_point_estimate,high_potency_<=100nM,True,True,IC50,biochemical_binding,False,0.9196178046380028,0.403524449663921,0.2857142984867096,O=C(CCc1ccccc1)c1ccccc1OCC(O)CN1CCC(c2ccccc2)CC1,True,high,352.47800000000007,352.215078136,2.651200000000001,45.47,1.0,3.0,6.0,4.0,2.0,0.5,26.0,0.0,0.0,0.8693079130263618,0,0,0,,,,O=c1cccc2n1C1CC(C2)CN(CCCCCc2ccccc2)C1,bemis_murcko,SER-87DF4ACBBC600AE2,1,MCMLLYNXDSNKTO,1,0.2151898734177215,STR-8C455D8899B5E9DDDDFA,0.2151898734177215,STR-8C455D8899B5E9DDDDFA,0.7848101265822784,0,,1.0,0,0,0.4721538461538462,6.348799999999999,CLU-4F217024905A362A,1,STR-34FE1D5BDCFE7B2EB7FE,,,,,0,0,,,,predicted_high_concern,0.9196178046380028,True,False,1.0,0.8693079130263618,0.611111111111111,0.0803821953619972,0.9220097307534204,0.7116028469055646,True,priority_3_potent_liability_flag,1,1,1,1,11,1,1.0,26,25
STR-0B18427EF6CEB8CC075B,IC50,biochemical_binding,1,2,1,2,1,0,0,8.397940008672037,8.397940008672037,8.397940008672037,4.0,4.0,IC50,1,inhibitory_potency,1,biochemical_binding,1,ChEMBL;PubChem,CHEMBL5763525,Menin,2021,=,C#CC(=O)N[C@H]1CCC[C@@H]1[C@](C#N)(c1cccc(F)c1)C1CCN(CC2CN(c3ccc(C#N)cc3)C2)CC1,C#CC(=O)N[C@H]1CCC[C@@H]1[C@](C#N)(c1cccc(F)c1)C1CCN(CC2CN(c3ccc(C#N)cc3)C2)CC1,C#CC(=O)N[C@H]1CCC[C@@H]1[C@](C#N)(c1cccc(F)c1)C1CCN(CC2CN(c3ccc(C#N)cc3)C2)CC1,C#CC(=O)N[C@H]1CCC[C@@H]1[C@](C#N)(c1cccc(F)c1)C1CCN(CC2CN(c3ccc(C#N)cc3)C2)CC1,NHEREKBYONAPFU-GCRSFRQPSA-N,NHEREKBYONAPFU-GCRSFRQPSA-N,standardized,0.0,False,2.0,strict_exact,exact_point_estimate,high_potency_<=100nM,True,True,IC50,biochemical_binding,False,0.8946137337592125,0.4858407371522572,0.2792792916297912,O=C(N[C@H]1CCN(CC2CCC2)C[C@@H]1C(=O)NC1(c2ncccn2)CC1)c1cc(-c2ccc(F)cc2F)on1,True,high,523.6560000000004,523.274738928,4.225260000000004,83.16,1.0,5.0,7.0,5.0,2.0,0.46875,39.0,0.0,0.0,0.5496426370008535,0,1,1,,triple_bond,activated_acetylene,c1ccc(C(C2CCCC2)C2CCN(CC3CN(c4ccccc4)C3)CC2)cc1,bemis_murcko,SER-FBD8412D03D2F209,47,NHEREKBYONAPFU,1,0.8181818181818182,STR-571CCDCD3D693D6D5618,0.8205128205128205,STR-571CCDCD3D693D6D5618,0.1818181818181817,0,,1.0,1,0,0.2937125685084272,4.1726800086720335,CLU-5FD0DDB00E1E9375,12,STR-8A96AEE3549DB26F33DD,,,,,0,0,,,,predicted_high_concern,0.8946137337592125,True,False,0.7993133362240125,0.5496426370008535,0.7777777777777777,0.1053862662407875,0.7866451213417468,0.6163304075665069,True,priority_3_potent_liability_flag,1,1,2,4,11,2,5.0,82,80
STR-21E735B2891431212E1A,IC50,biochemical_binding,1,2,1,2,1,0,0,7.823908740944319,7.823908740944319,7.823908740944319,15.0,15.0,IC50,1,inhibitory_potency,1,biochemical_binding,1,ChEMBL;PubChem,CHEMBL5914463,Menin,2021,=,CNS(=O)(=O)c1ccc(N2CC(CN3CCC(C4(C5CCCC5)NCCc5c(F)cccc54)CC3)C2)cc1,CNS(=O)(=O)c1ccc(N2CC(CN3CCC(C4(C5CCCC5)NCCc5c(F)cccc54)CC3)C2)cc1,CNS(=O)(=O)c1ccc(N2CC(CN3CCC(C4(C5CCCC5)NCCc5c(F)cccc54)CC3)C2)cc1,CNS(=O)(=O)c1ccc(N2CC(CN3CCC(C4(C5CCCC5)NCCc5c(F)cccc54)CC3)C2)cc1,PQORXHKMGAJELL-UHFFFAOYSA-N,PQORXHKMGAJELL-UHFFFAOYSA-N,standardized,0.0,False,2.0,strict_exact,exact_point_estimate,high_potency_<=100nM,True,True,IC50,biochemical_binding,False,0.8370907087705141,0.6412242959474561,0.2688172161579132,CC(=O)Nc1cccc(N2CCN(CC3CCN(S(=O)(=O)CC4CCCCC4)CC3)CC2)c1,True,high,540.7490000000004,540.293425772,4.113400000000002,64.68,2.0,5.0,7.0,6.0,2.0,0.6,38.0,0.0,0.0,0.5535103593563964,0,0,0,,,,c1ccc(N2CC(CN3CCC(C4(C5CCCC5)NCCc5ccccc54)CC3)C2)cc1,bemis_murcko,SER-13C58FCF8A37F10D,9,PQORXHKMGAJELL,1,0.6351351351351351,STR-9C6F5F9AE1FD0341471B,0.6351351351351351,STR-9C6F5F9AE1FD0341471B,0.3648648648648649,0,,1.0,1,0,0.2808371453328434,3.710508740944317,CLU-6B75409E391AFF65,1,STR-21E735B2891431212E1A,,,,,0,0,,,,predicted_high_concern,0.8370907087705141,True,False,0.6079695803147729,0.5535103593563964,0.7777777777777777,0.1629092912294859,0.6981249130552104,0.5643210075987792,True,priority_3_potent_liability_flag,1,1,8,12,11,13,35.0,81,68
STR-DE2EA720A2F505856D97,IC50,biochemical_binding,1,2,1,2,1,0,0,7.585026652029182,7.585026652029182,7.585026652029182,26.0,26.0,IC50,1,inhibitory_potency,1,biochemical_binding,1,ChEMBL;PubChem,CHEMBL5790885,Menin,2021,=,N#Cc1ccc(N2CC(CN3CCC(C4(C5CCCC5)CNCc5ccccc54)CC3)C2)cc1,N#Cc1ccc(N2CC(CN3CCC(C4(C5CCCC5)CNCc5ccccc54)CC3)C2)cc1,N#Cc1ccc(N2CC(CN3CCC(C4(C5CCCC5)CNCc5ccccc54)CC3)C2)cc1,N#Cc1ccc(N2CC(CN3CCC(C4(C5CCCC5)CNCc5ccccc54)CC3)C2)cc1,BMLFKOWHMDVPHW-UHFFFAOYSA-N,BMLFKOWHMDVPHW-UHFFFAOYSA-N,standardized,0.0,False,2.0,strict_exact,exact_point_estimate,high_potency_<=100nM,True,True,IC50,biochemical_binding,False,0.8865383439379462,0.5102698628862855,0.2874999940395355,N#Cc1ccc(CCN2CCC(Nc3nc4ccccc4[nH]3)CC2)cc1,True,high,454.66200000000026,454.309647216,4.937880000000005,42.3,1.0,4.0,5.0,6.0,2.0,0.5666666666666667,34.0,0.0,0.0,0.695053924541965,0,0,0,,,,c1ccc(N2CC(CN3CCC(C4(C5CCCC5)CNCc5ccccc54)CC3)C2)cc1,bemis_murcko,SER-C8E13902550B1B05,8,BMLFKOWHMDVPHW,1,0.7076923076923077,STR-A59B36009FADA199468E,0.7076923076923077,STR-A59B36009FADA199468E,0.2923076923076922,0,,1.0,0,0,0.3042934221578766,2.6471466520291766,CLU-9850EA2764F0102A,27,STR-33ECA7BC02C166AF1729,,,,,0,0,,,,predicted_high_concern,0.8865383439379462,True,False,0.5283422173430606,0.695053924541965,0.7777777777777777,0.1134616560620538,0.6892741900388583,0.5453210565446571,True,priority_3_potent_liability_flag,1,1,9,19,11,9,47.0,95,86
STR-DAA31E2085C9B01F8A70,IC50,biochemical_binding,1,2,1,2,1,0,0,7.721246399047171,7.721246399047171,7.721246399047171,19.0,19.0,IC50,1,inhibitory_potency,1,biochemical_binding,1,ChEMBL;PubChem,CHEMBL5939584,Menin,2021,=,CN1Cc2cccc(F)c2C(C2CCCC2)(C2CCN(CC3CN(c4ccc(C#N)cc4)C3)CC2)C1,CN1Cc2cccc(F)c2C(C2CCCC2)(C2CCN(CC3CN(c4ccc(C#N)cc4)C3)CC2)C1,CN1Cc2cccc(F)c2C(C2CCCC2)(C2CCN(CC3CN(c4ccc(C#N)cc4)C3)CC2)C1,CN1Cc2cccc(F)c2C(C2CCCC2)(C2CCN(CC3CN(c4ccc(C#N)cc4)C3)CC2)C1,FZALIIIMFVLAJA-UHFFFAOYSA-N,FZALIIIMFVLAJA-UHFFFAOYSA-N,standardized,0.0,False,2.0,strict_exact,exact_point_estimate,high_potency_<=100nM,True,True,IC50,biochemical_binding,False,0.9250403163130438,0.3841654011147388,0.2588235437870025,N#Cc1ccc(CCN2CCC(Nc3nc4ccccc4[nH]3)CC2)cc1,True,high,486.6790000000003,486.31587546800006,5.419180000000005,33.51,0.0,4.0,5.0,6.0,2.0,0.5806451612903226,36.0,0.0,0.0,0.5652070346957735,0,0,0,,,,c1ccc(N2CC(CN3CCC(C4(C5CCCC5)CNCc5ccccc54)CC3)C2)cc1,bemis_murcko,SER-C8E13902550B1B05,8,FZALIIIMFVLAJA,1,0.7692307692307693,STR-F334A782B734CE96FF39,0.7692307692307693,STR-F334A782B734CE96FF39,0.2307692307692307,0,,1.0,1,0,0.2925494468972317,2.302066399047166,CLU-6085115AF26E9129,1,STR-DAA31E2085C9B01F8A70,,,,,0,0,,,,predicted_high_concern,0.9250403163130438,True,False,0.5737487996823903,0.5652070346957735,0.7777777777777777,0.0749596836869561,0.6844945504946406,0.5321108337927195,True,priority_3_potent_liability_flag,1,1,10,20,11,36,60.0,104,68
STR-C388369FA2BBC8775FB4,IC50,biochemical_binding,2,3,1,2,2,0,0,7.495699914119041,7.522878745280337,7.468521082957745,32.0,30.0,IC50,1,inhibitory_potency,1,biochemical_binding,1,ChEMBL;PubChem,CHEMBL4460234,Menin,2019;2021,=,CCS(=O)(=O)c1ccc(N2CC(CN3CCC(C4(C5CCCC5)NCCc5ccccc54)CC3)C2)cc1,CCS(=O)(=O)c1ccc(N2CC(CN3CCC(C4(C5CCCC5)NCCc5ccccc54)CC3)C2)cc1,CCS(=O)(=O)c1ccc(N2CC(CN3CCC(C4(C5CCCC5)NCCc5ccccc54)CC3)C2)cc1,CCS(=O)(=O)c1ccc(N2CC(CN3CCC(C4(C5CCCC5)NCCc5ccccc54)CC3)C2)cc1,YKADJJCDDOYNKA-UHFFFAOYSA-N,YKADJJCDDOYNKA-UHFFFAOYSA-N,standardized,0.0543576623225927,False,2.0,strict_exact,exact_point_estimate,high_potency_<=100nM,True,True,IC50,biochemical_binding,False,0.8807998442664303,0.5270573591290472,0.2727272808551788,CC(=O)Nc1cccc(N2CCN(CC3CCN(S(=O)(=O)CC4CCCCC4)CC3)CC2)c1,True,high,521.7710000000004,521.3075986160001,4.859800000000004,52.650000000000006,1.0,5.0,7.0,6.0,2.0,0.6129032258064516,37.0,0.0,0.0,0.5640541771053956,0,0,0,,,,c1ccc(N2CC(CN3CCC(C4(C5CCCC5)NCCc5ccccc54)CC3)C2)cc1,bemis_murcko,SER-13C58FCF8A37F10D,9,YKADJJCDDOYNKA,1,0.8852459016393442,STR-F45BBAA26D4E2A02347B,0.8852459016393442,STR-F45BBAA26D4E2A02347B,0.1147540983606557,0,,1.0,1,0,0.2763279644015776,2.6358999141190367,CLU-9850EA2764F0102A,27,STR-33ECA7BC02C166AF1729,,,,,0,0,,,,predicted_high_concern,0.8807998442664303,True,False,0.4895070276525815,0.5640541771053956,0.8707696681146913,0.1192001557335696,0.6573500707409093,0.5228125919890745,True,priority_3_potent_liability_flag,1,1,13,21,11,46,59.0,148,102
STR-841FC2EFD5AAF36FB504,IC50,biochemical_binding,2,3,1,2,2,0,0,7.114721262574502,7.173925197299173,7.055517327849831,77.5,67.0,IC50,1,inhibitory_potency,1,biochemical_binding,1,ChEMBL;PubChem,CHEMBL4466955,Menin,2019;2021,=,N#Cc1ccc(N2CCC(CN3CCC(C4(C5CCCC5)NCCc5ccccc54)CC3)C2)cc1,N#Cc1ccc(N2CCC(CN3CCC(C4(C5CCCC5)NCCc5ccccc54)CC3)C2)cc1,N#Cc1ccc(N2CCC(CN3CCC(C4(C5CCCC5)NCCc5ccccc54)CC3)C2)cc1,N#Cc1ccc(N2CCC(CN3CCC(C4(C5CCCC5)NCCc5ccccc54)CC3)C2)cc1,PVXVJMFKKBQPAS-UHFFFAOYSA-N,PVXVJMFKKBQPAS-UHFFFAOYSA-N,standardized,0.1184078694493422,False,2.0,strict_exact,exact_point_estimate,high_potency_<=100nM,True,True,IC50,biochemical_binding,False,0.9154180873764716,0.4181215700017819,0.2839506268501282,N#Cc1ccc(CCN2CCC(Nc3nc4ccccc4[nH]3)CC2)cc1,True,high,468.6890000000003,468.32529728,5.3279800000000055,42.3,1.0,4.0,5.0,6.0,2.0,0.5806451612903226,35.0,0.0,0.0,0.6442283091934651,0,0,0,,,,c1ccc(N2CCC(CN3CCC(C4(C5CCCC5)NCCc5ccccc54)CC3)C2)cc1,bemis_murcko,SER-3C887B53965E3428,1,PVXVJMFKKBQPAS,1,0.9152542372881356,STR-FF095523952A15300267,0.9152542372881356,STR-FF095523952A15300267,0.0847457627118644,0,,1.0,1,0,0.2772708514900463,1.7867412625744965,CLU-9850EA2764F0102A,27,STR-33ECA7BC02C166AF1729,,,,,0,0,,,,predicted_high_concern,0.9154180873764716,True,False,0.3518391092832769,0.6442283091934651,0.8494195990724415,0.0845819126235284,0.6062931927138812,0.4758653726912929,True,priority_3_potent_liability_flag,1,1,14,24,11,41,107.0,202,161
STR-4A902F7AC5A334C3F331,IC50,biochemical_binding,1,1,0,1,1,0,0,8.769551078621726,8.769551078621726,8.769551078621726,1.7,1.7,IC50,1,inhibitory_potency,1,biochemical_binding,1,ChEMBL,CHEMBL5076146,Menin,2021,=,COC(=O)N[C@H]1CCC[C@@H]1[C@](CN(C)C)(c1cccc(F)c1)C1CCN(CC2CN(c3ccc(S(=O)(=O)C4CC4)cc3)C2)CC1,COC(=O)N[C@H]1CCC[C@@H]1[C@](CN(C)C)(c1cccc(F)c1)C1CCN(CC2CN(c3ccc(S(=O)(=O)C4CC4)cc3)C2)CC1,COC(=O)N[C@H]1CCC[C@@H]1[C@](CN(C)C)(c1cccc(F)c1)C1CCN(CC2CN(c3ccc(S(=O)(=O)C4CC4)cc3)C2)CC1,COC(=O)N[C@H]1CCC[C@@H]1[C@](CN(C)C)(c1cccc(F)c1)C1CCN(CC2CN(c3ccc(S(=O)(=O)C4CC4)cc3)C2)CC1,REIRIUGWHFIUEL-BVPJJHLOSA-N,REIRIUGWHFIUEL-BVPJJHLOSA-N,standardized,0.0,False,2.0,strict_exact,exact_point_estimate,high_potency_<=100nM,True,True,IC50,biochemical_binding,False,0.8995452615611159,0.4704354251713178,0.2647058963775635,CC(=O)Nc1cccc(N2CCN(CC3CCN(S(=O)(=O)CC4CCCCC4)CC3)CC2)c1,True,high,640.866,640.345855268,4.934300000000005,82.19,1.0,7.0,11.0,6.0,2.0,0.6285714285714286,45.0,0.0,0.0,0.3730649894694384,0,0,0,,,,O=S(=O)(c1ccc(N2CC(CN3CCC(C(c4ccccc4)C4CCCC4)CC3)C2)cc1)C1CC1,bemis_murcko,SER-6F3389DAFB00746E,25,REIRIUGWHFIUEL,1,0.85,STR-1F39727F90F76C636B4B,0.85,STR-1F39727F90F76C636B4B,0.15,0,,1.0,1,1,0.2658148371386674,3.835251078621721,CLU-EFD949491EF7831E,43,STR-F32727EFAF81D38C7334,,,,,0,0,,,,predicted_high_concern,0.8995452615611159,True,False,0.9231836928739088,0.3730649894694384,0.611111111111111,0.100454738438884,0.7869135360498598,0.6152988366471159,True,priority_3_potent_liability_flag,2,1,21,5,11,2,5.0,311,309
STR-B56EF6AC340F28C175E6,IC50,biochemical_binding,1,1,0,1,1,0,0,7.958607314841775,7.958607314841775,7.958607314841775,11.0,11.0,IC50,1,inhibitory_potency,1,biochemical_binding,1,ChEMBL,CHEMBL4458829,Menin,2019,=,CNC(=O)O[C@H]1CCC[C@@H]1[C@](C#N)(c1ccccc1)C1CCN(CC2CN(c3ccc(C#N)cc3)C2)CC1,CNC(=O)O[C@H]1CCC[C@@H]1[C@](C#N)(c1ccccc1)C1CCN(CC2CN(c3ccc(C#N)cc3)C2)CC1,CNC(=O)O[C@H]1CCC[C@@H]1[C@](C#N)(c1ccccc1)C1CCN(CC2CN(c3ccc(C#N)cc3)C2)CC1,CNC(=O)O[C@H]1CCC[C@@H]1[C@](C#N)(c1ccccc1)C1CCN(CC2CN(c3ccc(C#N)cc3)C2)CC1,IFDKQQVTCZCWIE-GSBZAIBZSA-N,IFDKQQVTCZCWIE-GSBZAIBZSA-N,standardized,0.0,False,2.0,strict_exact,exact_point_estimate,high_potency_<=100nM,True,True,IC50,biochemical_binding,False,0.8622511498148172,0.5783127541197729,0.2653061151504516,N#Cc1ccc(CCN2CCC(Nc3nc4ccccc4n3Cc3ccc(C(=O)O)cc3)CC2)cc1,True,high,511.6700000000004,511.2947254240001,4.692760000000004,92.39,1.0,6.0,7.0,5.0,2.0,0.5161290322580645,38.0,0.0,0.0,0.5797129380017543,0,0,0,,,,c1ccc(C(C2CCCC2)C2CCN(CC3CN(c4ccccc4)C3)CC2)cc1,bemis_murcko,SER-FBD8412D03D2F209,47,IFDKQQVTCZCWIE,2,1.0,STR-E71EA49855240EBB6F7C,0.8450704225352113,STR-53AEACA9E792A76EA570,0.0,0,,1.0,1,0,0.2856721151958995,3.2658473148417704,CLU-09CD093C2B53B295,112,STR-09E54D8A9B952AC86D2A,,,,,0,0,,,,predicted_high_concern,0.8622511498148172,True,False,0.6528691049472582,0.5797129380017543,0.611111111111111,0.1377488501851828,0.7020963180572196,0.5610094510892104,True,priority_3_potent_liability_flag,2,1,29,14,11,11,40.0,100,89
STR-5D9D18A659624B9D4D9E,IC50,biochemical_binding,2,3,1,2,2,0,0,7.860623199523586,8.0,7.721246399047171,14.5,10.0,IC50,1,inhibitory_potency,1,biochemical_binding,1,ChEMBL;PubChem,CHEMBL4578509,Menin,2019;2021,=,O=S(=O)(c1ccc(N2CC(CN3CCC(C4(C5CCCC5)NCCc5ccccc54)CC3)C2)cc1)C1CCCCC1,O=S(=O)(c1ccc(N2CC(CN3CCC(C4(C5CCCC5)NCCc5ccccc54)CC3)C2)cc1)C1CCCCC1,O=S(=O)(c1ccc(N2CC(CN3CCC(C4(C5CCCC5)NCCc5ccccc54)CC3)C2)cc1)C1CCCCC1,O=S(=O)(c1ccc(N2CC(CN3CCC(C4(C5CCCC5)NCCc5ccccc54)CC3)C2)cc1)C1CCCCC1,DHTUDUJUVDDGLA-UHFFFAOYSA-N,DHTUDUJUVDDGLA-UHFFFAOYSA-N,standardized,0.2787536009528288,False,2.0,strict_exact,exact_point_estimate,high_potency_<=100nM,True,True,IC50,biochemical_binding,False,0.8945149946564029,0.4861453297858759,0.2555555701255798,CC(=O)Nc1cccc(N2CCN(CC3CCN(S(=O)(=O)CC4CCCCC4)CC3)CC2)c1,True,high,575.863,575.3545488080001,6.172600000000007,52.650000000000006,1.0,5.0,7.0,7.0,2.0,0.6571428571428571,41.0,0.0,0.0,0.4278649006912198,0,0,0,,,,O=S(=O)(c1ccc(N2CC(CN3CCC(C4(C5CCCC5)NCCc5ccccc54)CC3)C2)cc1)C1CCCCC1,bemis_murcko,SER-7508F175795F25E8,1,DHTUDUJUVDDGLA,1,0.9830508474576272,STR-213F84F38B4A2B9413E0,0.9830508474576272,STR-213F84F38B4A2B9413E0,0.0169491525423728,1,logp:above_max,0.8333333333333334,2,0,0.2615095132719554,1.6880231995235784,CLU-9850EA2764F0102A,27,STR-33ECA7BC02C166AF1729,,,,,0,0,,,,predicted_high_concern,0.8945149946564029,True,False,0.5737487996823903,0.4278649006912198,0.7959710219046126,0.105485005343597,0.6261185562439745,0.4959601685188801,True,priority_3_potent_liability_flag,2,1,36,22,11,72,89.0,302,230
STR-768449AFD0A1BD14A41D,IC50,biochemical_binding,1,2,1,2,1,0,0,8.522878745280337,8.522878745280337,8.522878745280337,3.0,3.0,IC50,1,inhibitory_potency,1,biochemical_binding,1,ChEMBL;PubChem,CHEMBL5905647,Menin,2021,=,CNC(=O)O[C@H]1CCC[C@@H]1C(Cn1ccnc1C)(c1ccccc1)C1CCN(CC2CN(c3ccc(C#N)cc3)C2)CC1,CNC(=O)O[C@H]1CCC[C@@H]1C(Cn1ccnc1C)(c1ccccc1)C1CCN(CC2CN(c3ccc(C#N)cc3)C2)CC1,CNC(=O)O[C@H]1CCC[C@@H]1C(Cn1ccnc1C)(c1ccccc1)C1CCN(CC2CN(c3ccc(C#N)cc3)C2)CC1,CNC(=O)O[C@H]1CCC[C@@H]1C(Cn1ccnc1C)(c1ccccc1)C1CCN(CC2CN(c3ccc(C#N)cc3)C2)CC1,UZMIDAORHBZWKU-HEVKVOQNSA-N,UZMIDAORHBZWKU-HEVKVOQNSA-N,standardized,0.0,False,2.0,strict_exact,exact_point_estimate,high_potency_<=100nM,True,True,IC50,biochemical_binding,False,0.8144714661958131,0.6920232149848937,0.2636363506317138,N#Cc1ccc2c(c1)CCN(CC[C@H]1CC[C@H](NC(=O)c3ccnc4ccccc34)CC1)C2,True,high,580.777,580.3525746480001,5.374300000000006,86.42,1.0,6.0,9.0,6.0,3.0,0.5142857142857142,43.0,0.0,0.0,0.3661417999083218,0,0,0,,,,c1ccc(N2CC(CN3CCC(C(Cn4ccnc4)(c4ccccc4)C4CCCC4)CC3)C2)cc1,bemis_murcko,SER-647213101879D186,10,UZMIDAORHBZWKU,1,0.8536585365853658,STR-39A915FABCDA41B4B311,0.8571428571428571,STR-D517B4FC121862D9BE6F,0.1463414634146341,0,,1.0,2,0,0.2703536420595903,3.1485787452803313,CLU-D7D8CB9A550B55F0,6,STR-768449AFD0A1BD14A41D,,,,,0,0,,,,predicted_high_concern,0.8144714661958131,True,False,0.8409595817601124,0.3661417999083218,0.7777777777777777,0.1855285338041868,0.7693798685067538,0.623417034831112,True,priority_3_potent_liability_flag,3,1,50,3,11,2,4.0,118,116
STR-9E4FCF8CA68285C7D759,IC50,biochemical_binding,1,2,1,2,1,0,0,8.397940008672037,8.397940008672037,8.397940008672037,4.0,4.0,IC50,1,inhibitory_potency,1,biochemical_binding,1,ChEMBL;PubChem,CHEMBL5938942,Menin,2021,=,CC(=O)N[C@H]1CCC[C@@H]1C1(C2CCN(CC3CN(c4ccc(S(=O)(=O)c5cnn(C)c5)cc4)C3)CC2)CNCc2ccccc21,CC(=O)N[C@H]1CCC[C@@H]1C1(C2CCN(CC3CN(c4ccc(S(=O)(=O)c5cnn(C)c5)cc4)C3)CC2)CNCc2ccccc21,CC(=O)N[C@H]1CCC[C@@H]1C1(C2CCN(CC3CN(c4ccc(S(=O)(=O)c5cnn(C)c5)cc4)C3)CC2)CNCc2ccccc21,CC(=O)N[C@H]1CCC[C@@H]1C1(C2CCN(CC3CN(c4ccc(S(=O)(=O)c5cnn(C)c5)cc4)C3)CC2)CNCc2ccccc21,KBCHFACNIBEZDD-IEKJTBOOSA-N,KBCHFACNIBEZDD-IEKJTBOOSA-N,standardized,0.0,False,2.0,strict_exact,exact_point_estimate,high_potency_<=100nM,True,True,IC50,biochemical_binding,False,0.7653074989828528,0.7861021214935086,0.2547169923782348,CC(=O)Nc1cccc(N2CCN(CC3CCN(S(=O)(=O)CC4CCCCC4)CC3)CC2)c1,True,high,630.8590000000002,630.335210332,3.7471000000000023,99.57,2.0,7.0,8.0,7.0,3.0,0.5428571428571428,45.0,0.0,0.0,0.3913749689446152,0,0,0,,,,O=S(=O)(c1ccc(N2CC(CN3CCC(C4(C5CCCC5)CNCc5ccccc54)CC3)C2)cc1)c1cn[nH]c1,bemis_murcko,SER-B210E620CAC4DB11,7,KBCHFACNIBEZDD,2,1.0,STR-C3AB20114EC3D149B3FF,0.8160919540229885,STR-C3AB20114EC3D149B3FF,0.0,0,,1.0,1,0,0.2545508927073036,4.650840008672035,CLU-426D02ED5BFF1983,10,STR-BD3C32C55755152AB6D1,,,,,0,0,,,,predicted_high_concern,0.7653074989828528,True,False,0.7993133362240125,0.3913749689446152,0.7777777777777777,0.2346925010171472,0.754991587730499,0.6249168160521611,True,priority_3_potent_liability_flag,3,1,51,2,11,2,3.0,62,60
STR-1F39727F90F76C636B4B,IC50,biochemical_binding,1,1,0,1,1,0,0,8.397940008672037,8.397940008672037,8.397940008672037,4.0,4.0,IC50,1,inhibitory_potency,1,biochemical_binding,1,ChEMBL,CHEMBL5087485,Menin,2021,=,COC(=O)N[C@H]1CCC[C@@H]1[C@](CN)(c1cccc(F)c1)C1CCN(CC2CN(c3ccc(S(=O)(=O)C4CC4)cc3)C2)CC1,COC(=O)N[C@H]1CCC[C@@H]1[C@](CN)(c1cccc(F)c1)C1CCN(CC2CN(c3ccc(S(=O)(=O)C4CC4)cc3)C2)CC1,COC(=O)N[C@H]1CCC[C@@H]1[C@](CN)(c1cccc(F)c1)C1CCN(CC2CN(c3ccc(S(=O)(=O)C4CC4)cc3)C2)CC1,COC(=O)N[C@H]1CCC[C@@H]1[C@](CN)(c1cccc(F)c1)C1CCN(CC2CN(c3ccc(S(=O)(=O)C4CC4)cc3)C2)CC1,KUFACZGHKUZTGV-PHDGFQFKSA-N,KUFACZGHKUZTGV-PHDGFQFKSA-N,standardized,0.0,False,2.0,strict_exact,exact_point_estimate,high_potency_<=100nM,True,True,IC50,biochemical_binding,False,0.8659055125330981,0.5685613466258402,0.270000010728836,CC(=O)Nc1cccc(N2CCN(CC3CCN(S(=O)(=O)CC4CCCCC4)CC3)CC2)c1,True,high,612.812,612.31455514,4.331400000000003,104.96999999999996,2.0,7.0,10.0,6.0,2.0,0.6060606060606061,43.0,0.0,0.0,0.4116687659577129,0,0,0,,,,O=S(=O)(c1ccc(N2CC(CN3CCC(C(c4ccccc4)C4CCCC4)CC3)C2)cc1)C1CC1,bemis_murcko,SER-6F3389DAFB00746E,25,KUFACZGHKUZTGV,1,0.8607594936708861,STR-49EE11A98D32940D40F8,0.8607594936708861,STR-49EE11A98D32940D40F8,0.1392405063291139,0,,1.0,1,0,0.2663904691122944,4.0665400086720345,CLU-EFD949491EF7831E,43,STR-F32727EFAF81D38C7334,,,,,0,0,,,,predicted_high_concern,0.8659055125330981,True,False,0.7993133362240125,0.4116687659577129,0.611111111111111,0.1340944874669019,0.7368281249108964,0.5861447155498978,True,priority_3_potent_liability_flag,3,1,55,8,11,9,18.0,263,254
STR-93E40DC911AC439ED16C,IC50,biochemical_binding,1,1,0,1,1,0,0,8.55284196865778,8.55284196865778,8.55284196865778,2.8,2.8,IC50,1,inhibitory_potency,1,biochemical_binding,1,ChEMBL,CHEMBL5071412,Menin,2021,=,COC(=O)N[C@H]1CCC[C@@H]1[C@](CN1CCCC1)(c1cccc(F)c1)C1CCN(CC2CN(c3ccc(S(=O)(=O)C4CC4)cc3)C2)CC1,COC(=O)N[C@H]1CCC[C@@H]1[C@](CN1CCCC1)(c1cccc(F)c1)C1CCN(CC2CN(c3ccc(S(=O)(=O)C4CC4)cc3)C2)CC1,COC(=O)N[C@H]1CCC[C@@H]1[C@](CN1CCCC1)(c1cccc(F)c1)C1CCN(CC2CN(c3ccc(S(=O)(=O)C4CC4)cc3)C2)CC1,COC(=O)N[C@H]1CCC[C@@H]1[C@](CN1CCCC1)(c1cccc(F)c1)C1CCN(CC2CN(c3ccc(S(=O)(=O)C4CC4)cc3)C2)CC1,LZJNITGWXZKPLE-IWQNTTPNSA-N,LZJNITGWXZKPLE-IWQNTTPNSA-N,standardized,0.0,False,2.0,strict_exact,exact_point_estimate,high_potency_<=100nM,True,True,IC50,biochemical_binding,False,0.8785781384335765,0.5334341992232909,0.2673267424106598,CC(=O)Nc1cccc(N2CCN(CC3CCN(S(=O)(=O)CC4CCCCC4)CC3)CC2)c1,True,high,666.9039999999999,666.361505332,5.468500000000006,82.19,1.0,7.0,11.0,7.0,2.0,0.6486486486486487,47.0,0.0,0.0,0.3409458451345736,0,0,0,,,,O=S(=O)(c1ccc(N2CC(CN3CCC(C(CN4CCCC4)(c4ccccc4)C4CCCC4)CC3)C2)cc1)C1CC1,bemis_murcko,SER-DD1295DDB898AA28,1,LZJNITGWXZKPLE,1,0.9733333333333334,STR-49EE11A98D32940D40F8,0.9733333333333334,STR-49EE11A98D32940D40F8,0.0266666666666666,1,mol_wt:above_max,0.8333333333333334,2,1,0.2482143924521109,3.0843419686577747,CLU-EFD949491EF7831E,43,STR-F32727EFAF81D38C7334,,,,,0,0,,,,predicted_high_concern,0.8785781384335765,True,False,0.8509473228859269,0.3409458451345736,0.611111111111111,0.1214218615664235,0.7134460678551621,0.5654400162829774,True,priority_3_potent_liability_flag,3,1,61,10,11,16,33.0,367,351
STR-33EC56FC5D9EE8140CC4,IC50,biochemical_binding,1,2,1,2,1,0,0,8.698970004336019,8.698970004336019,8.698970004336019,2.0,2.0,IC50,1,inhibitory_potency,1,biochemical_binding,1,ChEMBL;PubChem,CHEMBL5794245,Menin,2021,=,C=CC(=O)Nc1ccc(S(=O)(=O)c2ccc(N3CC(CN4CCC([C@@](C#N)(c5cccc(F)c5)[C@H]5CCC[C@@H]5OC(=O)NC)CC4)C3)cc2)cc1,C=CC(=O)Nc1ccc(S(=O)(=O)c2ccc(N3CC(CN4CCC([C@@](C#N)(c5cccc(F)c5)[C@H]5CCC[C@@H]5OC(=O)NC)CC4)C3)cc2)cc1,C=CC(=O)Nc1ccc(S(=O)(=O)c2ccc(N3CC(CN4CCC([C@@](C#N)(c5cccc(F)c5)[C@H]5CCC[C@@H]5OC(=O)NC)CC4)C3)cc2)cc1,C=CC(=O)Nc1ccc(S(=O)(=O)c2ccc(N3CC(CN4CCC([C@@](C#N)(c5cccc(F)c5)[C@H]5CCC[C@@H]5OC(=O)NC)CC4)C3)cc2)cc1,VDJTWLOLAUELBT-YFTHYISFSA-N,VDJTWLOLAUELBT-YFTHYISFSA-N,standardized,0.0,False,2.0,strict_exact,exact_point_estimate,high_potency_<=100nM,True,True,IC50,biochemical_binding,False,0.7967247636659991,0.7284304011915692,0.2685185074806213,CC(=O)Nc1cccc(N2CCN(CC3CCN(S(=O)(=O)CC4CCCCC4)CC3)CC2)c1,True,high,713.876,713.304718728,5.9174800000000065,131.84,2.0,8.0,11.0,6.0,3.0,0.4102564102564102,51.0,0.0,0.0,0.2344811509312809,0,1,2,,Michael_acceptor_1,acrylate;halo_acrylate,O=S(=O)(c1ccccc1)c1ccc(N2CC(CN3CCC(C(c4ccccc4)C4CCCC4)CC3)C2)cc1,bemis_murcko,SER-D0CCC78DDD1F06F9,22,VDJTWLOLAUELBT,2,1.0,STR-50194E6CF0AF9E3900D0,0.9767441860465116,STR-50194E6CF0AF9E3900D0,0.0,1,mol_wt:above_max,0.8333333333333334,2,1,0.2326548056061633,2.781490004336012,CLU-09CD093C2B53B295,112,STR-09E54D8A9B952AC86D2A,,,,,0,0,,,,predicted_high_concern,0.7967247636659991,True,False,0.8996566681120063,0.2344811509312809,0.7777777777777777,0.2032752363340009,0.7371063790088961,0.6036485933401723,True,priority_3_potent_liability_flag,4,1,80,6,11,2,7.0,318,316
STR-C16923E52D20199D1E6F,IC50,biochemical_binding,1,1,0,1,1,0,0,8.568636235841012,8.568636235841012,8.568636235841012,2.7,2.7,IC50,1,inhibitory_potency,1,biochemical_binding,1,ChEMBL,CHEMBL5094183,Menin,2021,=,C=CC(=O)N1C[C@@H]2C[C@H]1CN2S(=O)(=O)c1ccc(N2CC(CN3CCC([C@@](CN4CCC4)(c4cccc(F)c4)[C@H]4CCC[C@@H]4NC(=O)OC)CC3)(OC)C2)cc1,C=CC(=O)N1C[C@@H]2C[C@H]1CN2S(=O)(=O)c1ccc(N2CC(CN3CCC([C@@](CN4CCC4)(c4cccc(F)c4)[C@H]4CCC[C@@H]4NC(=O)OC)CC3)(OC)C2)cc1,C=CC(=O)N1C[C@@H]2C[C@H]1CN2S(=O)(=O)c1ccc(N2CC(CN3CCC([C@@](CN4CCC4)(c4cccc(F)c4)[C@H]4CCC[C@@H]4NC(=O)OC)CC3)(OC)C2)cc1,C=CC(=O)N1C[C@@H]2C[C@H]1CN2S(=O)(=O)c1ccc(N2CC(CN3CCC([C@@](CN4CCC4)(c4cccc(F)c4)[C@H]4CCC[C@@H]4NC(=O)OC)CC3)(OC)C2)cc1,HFHVSSGMYSWPIR-SZDLQPMWSA-N,HFHVSSGMYSWPIR-SZDLQPMWSA-N,standardized,0.0,False,2.0,strict_exact,exact_point_estimate,high_potency_<=100nM,True,True,IC50,biochemical_binding,False,0.7964426892197054,0.7289859160713068,0.2542372941970825,C[C@@H]1CN(CC2(C(N)=O)CCC2)CCN1S(=O)(=O)c1ccc(C(C)(O)C(F)(F)F)cc1,True,high,793.0190000000001,792.4044327640001,4.071100000000005,114.97,1.0,9.0,13.0,8.0,2.0,0.6190476190476191,56.0,0.0,0.0,0.3002771643758675,0,1,2,,Michael_acceptor_1,acrylate;halo_acrylate,O=S(=O)(c1ccc(N2CC(CN3CCC(C(CN4CCC4)(c4ccccc4)C4CCCC4)CC3)C2)cc1)N1CC2CC1CN2,bemis_murcko,SER-AEAE080E536FEC3F,3,HFHVSSGMYSWPIR,2,1.0,STR-704625FB7455957A2AA3,0.9583333333333334,STR-704625FB7455957A2AA3,0.0,1,mol_wt:above_max,0.8333333333333334,1,1,0.2087074968872704,4.497536235841007,CLU-762196069417AED2,3,STR-704625FB7455957A2AA3,,,,,11,8,bioavailability;exposure_auc;maximum_concentration;plasma_protein_binding;systemic_clearance;terminal_half_life;time_to_cmax;volume_of_distribution,human;mouse;rat,plasma,predicted_high_concern,0.7964426892197054,True,False,0.8562120786136708,0.3002771643758675,0.611111111111111,0.2035573107802946,0.7077692177097012,0.5817162409773495,True,priority_3_potent_liability_flag,4,1,87,9,11,10,16.0,345,335
STR-1B889CE46B71B0168CDC,IC50,biochemical_binding,1,1,0,1,1,0,0,8.161150909262744,8.161150909262744,8.161150909262744,6.9,6.9,IC50,1,inhibitory_potency,1,biochemical_binding,1,ChEMBL,CHEMBL5076001,Menin,2021,=,COC(=O)N[C@H]1CCC[C@@H]1[C@](C#N)(c1cccc(F)c1)C1CCN(CC2CN(c3ccc(S(=O)(=O)C4CC4)cc3)C2)CC1,COC(=O)N[C@H]1CCC[C@@H]1[C@](C#N)(c1cccc(F)c1)C1CCN(CC2CN(c3ccc(S(=O)(=O)C4CC4)cc3)C2)CC1,COC(=O)N[C@H]1CCC[C@@H]1[C@](C#N)(c1cccc(F)c1)C1CCN(CC2CN(c3ccc(S(=O)(=O)C4CC4)cc3)C2)CC1,COC(=O)N[C@H]1CCC[C@@H]1[C@](C#N)(c1cccc(F)c1)C1CCN(CC2CN(c3ccc(S(=O)(=O)C4CC4)cc3)C2)CC1,SEOLXQHWWAZPIW-PHDGFQFKSA-N,SEOLXQHWWAZPIW-PHDGFQFKSA-N,standardized,0.0,False,2.0,strict_exact,exact_point_estimate,high_potency_<=100nM,True,True,IC50,biochemical_binding,False,0.878111730562778,0.5347643907792162,0.269565224647522,O=C(N[C@H]1CCN(CC2CCC2)C[C@@H]1C(=O)NC1(c2ncccn2)CC1)c1cc(-c2ccc(F)cc2F)on1,True,high,608.78,608.283255012,4.896280000000005,102.73999999999998,1.0,7.0,9.0,6.0,2.0,0.5757575757575758,43.0,0.0,0.0,0.4322944475818193,0,0,0,,,,O=S(=O)(c1ccc(N2CC(CN3CCC(C(c4ccccc4)C4CCCC4)CC3)C2)cc1)C1CC1,bemis_murcko,SER-6F3389DAFB00746E,25,SEOLXQHWWAZPIW,1,0.8690476190476191,STR-6F8F59E84BD75C74A25C,0.8705882352941177,STR-6F8F59E84BD75C74A25C,0.1309523809523809,0,,1.0,1,0,0.2588792986101019,3.264870909262739,CLU-EFD949491EF7831E,43,STR-F32727EFAF81D38C7334,,,,,0,0,,,,predicted_high_concern,0.878111730562778,True,False,0.7203836364209147,0.4322944475818193,0.611111111111111,0.1218882694372219,0.7041194013276056,0.5585616183550097,True,priority_3_potent_liability_flag,4,1,92,15,11,26,38.0,262,236
STR-5DF8CCEDDDC1429A6B58,IC50,biochemical_binding,1,2,1,2,1,0,0,7.920818753952375,7.920818753952375,7.920818753952375,12.0,12.0,IC50,1,inhibitory_potency,1,biochemical_binding,1,ChEMBL;PubChem,CHEMBL5984748,Menin,2021,=,CN1Cc2ccccc2C(C2CCCC2)(C2CCN(CC3CN(c4ccc(S(=O)(=O)C5CC5)cc4)C3)CC2)C1,CN1Cc2ccccc2C(C2CCCC2)(C2CCN(CC3CN(c4ccc(S(=O)(=O)C5CC5)cc4)C3)CC2)C1,CN1Cc2ccccc2C(C2CCCC2)(C2CCN(CC3CN(c4ccc(S(=O)(=O)C5CC5)cc4)C3)CC2)C1,CN1Cc2ccccc2C(C2CCCC2)(C2CCN(CC3CN(c4ccc(S(=O)(=O)C5CC5)cc4)C3)CC2)C1,NGOHOQCEHVWUCG-UHFFFAOYSA-N,NGOHOQCEHVWUCG-UHFFFAOYSA-N,standardized,0.0,False,2.0,strict_exact,exact_point_estimate,high_potency_<=100nM,True,True,IC50,biochemical_binding,False,0.8726297689851477,0.5501816700390102,0.2584269642829895,CC(=O)Nc1cccc(N2CCN(CC3CCN(S(=O)(=O)CC4CCCCC4)CC3)CC2)c1,True,high,547.8090000000001,547.32324868,5.344500000000006,43.86,0.0,5.0,7.0,7.0,2.0,0.6363636363636364,39.0,0.0,0.0,0.4680105577142859,0,0,0,,,,O=S(=O)(c1ccc(N2CC(CN3CCC(C4(C5CCCC5)CNCc5ccccc54)CC3)C2)cc1)C1CC1,bemis_murcko,SER-8B11BACADDC8B4B4,15,NGOHOQCEHVWUCG,1,0.8548387096774194,STR-78D6D64DD53A6832B414,0.8548387096774194,STR-78D6D64DD53A6832B414,0.1451612903225806,0,,1.0,2,0,0.2770255584715651,2.5763187539523686,CLU-21F81BBF17106F2B,37,STR-073AD85CF5EE1E9C87AB,,,,,0,0,,,,predicted_high_concern,0.8726297689851477,True,False,0.640272917984125,0.4680105577142859,0.7777777777777777,0.1273702310148523,0.6960998436391526,0.5539174404830776,True,priority_3_potent_liability_flag,4,1,95,17,11,28,44.0,112,84
STR-BAFF2FF7D3D8F1D2F783,IC50,biochemical_binding,1,1,0,1,1,0,0,8.443697499232712,8.443697499232712,8.443697499232712,3.6,3.6,IC50,1,inhibitory_potency,1,biochemical_binding,1,ChEMBL,CHEMBL4216801,Menin,2018,=,Cc1c(CN2CCC(Nc3ncnc4sc(CC(F)(F)F)cc34)CC2)ccc2c1cc(C#N)n2C[C@@H]1CNC(=O)CO1,Cc1c(CN2CCC(Nc3ncnc4sc(CC(F)(F)F)cc34)CC2)ccc2c1cc(C#N)n2C[C@@H]1CNC(=O)CO1,Cc1c(CN2CCC(Nc3ncnc4sc(CC(F)(F)F)cc34)CC2)ccc2c1cc(C#N)n2C[C@@H]1CNC(=O)CO1,Cc1c(CN2CCC(Nc3ncnc4sc(CC(F)(F)F)cc34)CC2)ccc2c1cc(C#N)n2C[C@@H]1CNC(=O)CO1,JTUOGOXWKQAKOR-NRFANRHFSA-N,JTUOGOXWKQAKOR-NRFANRHFSA-N,standardized,0.0,False,2.0,strict_exact,exact_point_estimate,high_potency_<=100nM,True,True,IC50,biochemical_binding,False,0.787061597403018,0.7470619740191103,0.3000000119209289,FC(F)(F)c1ccc(C(F)(F)CN2CCC(Nc3ncnc4[nH]ncc34)CC2)cc1,True,high,597.6670000000001,597.2133788600003,4.522400000000004,108.1,2.0,8.0,7.0,6.0,4.0,0.4482758620689655,42.0,0.0,0.0,0.3225900364299884,0,0,0,,,,O=C1COC(Cn2ccc3cc(CN4CCC(Nc5ncnc6sccc56)CC4)ccc32)CN1,bemis_murcko,SER-E8FAB356E73C31D0,3,JTUOGOXWKQAKOR,3,1.0,STR-E7EA8D7931BFDDAB9B7B,0.8863636363636364,STR-E7EA8D7931BFDDAB9B7B,0.0,0,,1.0,1,0,0.2742191283084148,3.921297499232709,CLU-54C86C60B0A372CD,30,STR-CFD47A4A9C12D7F7E3C6,,,,,2,2,bioavailability;in_vitro_half_life,mouse,liver microsomes,predicted_high_concern,0.787061597403018,True,False,0.8145658330775708,0.3225900364299884,0.611111111111111,0.212938402596982,0.7261302108703455,0.5978322588020046,True,priority_3_potent_liability_flag,5,1,114,7,11,5,10.0,215,210
STR-A5251367717CBF43E094,IC50,biochemical_binding,1,2,1,2,1,0,0,8.045757490560675,8.045757490560675,8.045757490560675,9.0,9.0,IC50,1,inhibitory_potency,1,biochemical_binding,1,ChEMBL;PubChem,CHEMBL5768069,Menin,2021,=,CCN1Cc2ccccc2C(C2CCCC2)(C2CCN(CC3CN(c4ccc(S(=O)(=O)CC)cc4)C3)CC2)C1,CCN1Cc2ccccc2C(C2CCCC2)(C2CCN(CC3CN(c4ccc(S(=O)(=O)CC)cc4)C3)CC2)C1,CCN1Cc2ccccc2C(C2CCCC2)(C2CCN(CC3CN(c4ccc(S(=O)(=O)CC)cc4)C3)CC2)C1,CCN1Cc2ccccc2C(C2CCCC2)(C2CCN(CC3CN(c4ccc(S(=O)(=O)CC)cc4)C3)CC2)C1,FUHYHQPCTARYTH-UHFFFAOYSA-N,FUHYHQPCTARYTH-UHFFFAOYSA-N,standardized,0.0,False,2.0,strict_exact,exact_point_estimate,high_potency_<=100nM,True,True,IC50,biochemical_binding,False,0.8724992099622744,0.5505440358857944,0.2727272808551788,CC(=O)Nc1cccc(N2CCN(CC3CCN(S(=O)(=O)CC4CCCCC4)CC3)CC2)c1,True,high,549.825,549.338898744,5.5921000000000065,43.86,0.0,5.0,8.0,6.0,2.0,0.6363636363636364,39.0,0.0,0.0,0.4294399010432978,0,0,0,,,,c1ccc(N2CC(CN3CCC(C4(C5CCCC5)CNCc5ccccc54)CC3)C2)cc1,bemis_murcko,SER-C8E13902550B1B05,8,FUHYHQPCTARYTH,1,0.9032258064516128,STR-1CBACEED34B9A4B3A117,0.9032258064516128,STR-1CBACEED34B9A4B3A117,0.0967741935483871,0,,1.0,2,0,0.2813952106955067,2.4536574905606683,CLU-21F81BBF17106F2B,37,STR-073AD85CF5EE1E9C87AB,,,,,0,0,,,,predicted_high_concern,0.8724992099622744,True,False,0.681919163520225,0.4294399010432978,0.7777777777777777,0.1275007900377256,0.7078206268884681,0.5627406676757825,True,priority_3_potent_liability_flag,5,1,118,13,11,22,37.0,138,116
STR-3941BFA7C86C7BEE8530,IC50,biochemical_binding,1,2,1,2,1,0,0,7.853871964321762,7.853871964321762,7.853871964321762,14.0,14.0,IC50,1,inhibitory_potency,1,biochemical_binding,1,ChEMBL;PubChem,CHEMBL6054581,Menin,2021,=,CNC(=O)O[C@H]1CCC[C@@H]1C(C#N)(c1ccccc1)C1CCN(CC2CN(c3ccc(S(=O)(=O)C4CC4)cc3)C2)CC1,CNC(=O)O[C@H]1CCC[C@@H]1C(C#N)(c1ccccc1)C1CCN(CC2CN(c3ccc(S(=O)(=O)C4CC4)cc3)C2)CC1,CNC(=O)O[C@H]1CCC[C@@H]1C(C#N)(c1ccccc1)C1CCN(CC2CN(c3ccc(S(=O)(=O)C4CC4)cc3)C2)CC1,CNC(=O)O[C@H]1CCC[C@@H]1C(C#N)(c1ccccc1)C1CCN(CC2CN(c3ccc(S(=O)(=O)C4CC4)cc3)C2)CC1,CREKPRIJPIEMSU-KZNDPDLVSA-N,CREKPRIJPIEMSU-KZNDPDLVSA-N,standardized,0.0,False,2.0,strict_exact,exact_point_estimate,high_potency_<=100nM,True,True,IC50,biochemical_binding,False,0.8170278229935529,0.6865360717250758,0.257731944322586,CC(=O)Nc1cccc(N2CCN(CC3CCN(S(=O)(=O)CC4CCCCC4)CC3)CC2)c1,True,high,590.7900000000001,590.2926768240001,4.757180000000005,102.73999999999998,1.0,7.0,9.0,6.0,2.0,0.5757575757575758,42.0,0.0,0.0,0.4494202369735489,0,0,0,,,,O=S(=O)(c1ccc(N2CC(CN3CCC(C(c4ccccc4)C4CCCC4)CC3)C2)cc1)C1CC1,bemis_murcko,SER-6F3389DAFB00746E,25,CREKPRIJPIEMSU,2,1.0,STR-080A59F9B1BCF4DFA65B,0.8783783783783784,STR-6B969286E24A749E8280,0.0,0,,1.0,1,0,0.2550638418889258,3.0966919643217565,CLU-09CD093C2B53B295,112,STR-09E54D8A9B952AC86D2A,,,,,0,0,,,,predicted_high_concern,0.8170278229935529,True,False,0.6179573214405872,0.4494202369735489,0.7777777777777777,0.182972177006447,0.6819678344373541,0.5572189200796274,True,priority_3_potent_liability_flag,5,1,122,16,11,27,40.0,103,76
STR-8DC5EC4D0143F4C7CD6A,IC50,biochemical_binding,1,2,1,2,1,0,0,7.552841968657781,7.552841968657781,7.552841968657781,28.0,28.0,IC50,1,inhibitory_potency,1,biochemical_binding,1,ChEMBL;PubChem,CHEMBL5941222,Menin,2021,=,CNC(=O)O[C@H]1CCC[C@@H]1C(C#N)(c1ccccc1)C1CCN(CC2CN(c3ccc(C(C)(C)C)cc3)C2)CC1,CNC(=O)O[C@H]1CCC[C@@H]1C(C#N)(c1ccccc1)C1CCN(CC2CN(c3ccc(C(C)(C)C)cc3)C2)CC1,CNC(=O)O[C@H]1CCC[C@@H]1C(C#N)(c1ccccc1)C1CCN(CC2CN(c3ccc(C(C)(C)C)cc3)C2)CC1,CNC(=O)O[C@H]1CCC[C@@H]1C(C#N)(c1ccccc1)C1CCN(CC2CN(c3ccc(C(C)(C)C)cc3)C2)CC1,JSUYFSVTAJSTRY-FVVNGJPMSA-N,JSUYFSVTAJSTRY-FVVNGJPMSA-N,standardized,0.0,False,2.0,strict_exact,exact_point_estimate,high_potency_<=100nM,True,True,IC50,biochemical_binding,False,0.8343592394998572,0.6476348660102287,0.3333333432674408,CC(C)(C)c1ccc(C(O)CCCN2CCC(C(O)(c3ccccc3)c3ccccc3)CC2)cc1,True,high,542.7680000000001,542.3620767120001,6.118580000000008,68.6,1.0,5.0,7.0,5.0,2.0,0.5882352941176471,40.0,0.0,0.0,0.4566543992201665,0,0,0,,,,c1ccc(C(C2CCCC2)C2CCN(CC3CN(c4ccccc4)C3)CC2)cc1,bemis_murcko,SER-FBD8412D03D2F209,47,JSUYFSVTAJSTRY,2,1.0,STR-025D3FCF7FCF0D4F8D78,0.8732394366197183,STR-85AF727985BBEB438A71,0.0,1,logp:above_max,0.8333333333333334,2,0,0.2575519111312303,1.434261968657773,CLU-09CD093C2B53B295,112,STR-09E54D8A9B952AC86D2A,,,,,0,0,,,,predicted_high_concern,0.8343592394998572,True,False,0.5176139895525935,0.4566543992201665,0.7777777777777777,0.1656407605001427,0.6032544453389473,0.4938510241292462,True,priority_3_potent_liability_flag,5,1,126,23,11,74,91.0,222,148
STR-FDBEEEA8F638FBC3B433,IC50,biochemical_binding,1,2,1,2,1,0,0,8.096910013008056,8.096910013008056,8.096910013008056,8.0,8.0,IC50,1,inhibitory_potency,1,biochemical_binding,1,ChEMBL;PubChem,CHEMBL5893826,Menin,2021,=,CCN1Cc2ccccc2C(C2CCCC2)(C2CCN(CC3CN(c4ccc(S(=O)(=O)C5CC5)cc4)C3)CC2)C1,CCN1Cc2ccccc2C(C2CCCC2)(C2CCN(CC3CN(c4ccc(S(=O)(=O)C5CC5)cc4)C3)CC2)C1,CCN1Cc2ccccc2C(C2CCCC2)(C2CCN(CC3CN(c4ccc(S(=O)(=O)C5CC5)cc4)C3)CC2)C1,CCN1Cc2ccccc2C(C2CCCC2)(C2CCN(CC3CN(c4ccc(S(=O)(=O)C5CC5)cc4)C3)CC2)C1,VYPWBZGDSHZMHY-UHFFFAOYSA-N,VYPWBZGDSHZMHY-UHFFFAOYSA-N,standardized,0.0,False,2.0,strict_exact,exact_point_estimate,high_potency_<=100nM,True,True,IC50,biochemical_binding,False,0.8760927049059218,0.5404889382790786,0.2555555701255798,CC(=O)Nc1cccc(N2CCN(CC3CCN(S(=O)(=O)CC4CCCCC4)CC3)CC2)c1,True,high,561.8359999999999,561.338898744,5.734600000000007,43.86,0.0,5.0,8.0,7.0,2.0,0.6470588235294118,40.0,0.0,0.0,0.4116640213979226,0,0,0,,,,O=S(=O)(c1ccc(N2CC(CN3CCC(C4(C5CCCC5)CNCc5ccccc54)CC3)C2)cc1)C1CC1,bemis_murcko,SER-8B11BACADDC8B4B4,15,VYPWBZGDSHZMHY,1,0.9833333333333332,STR-B2BA33058BFAB9451C2F,0.9833333333333332,STR-B2BA33058BFAB9451C2F,0.0166666666666667,0,,1.0,2,0,0.2761046314435748,2.3623100130080497,CLU-21F81BBF17106F2B,37,STR-073AD85CF5EE1E9C87AB,,,,,0,0,,,,predicted_high_concern,0.8760927049059218,True,False,0.6989700043360187,0.4116640213979226,0.7777777777777777,0.1239072950940781,0.7122225100067636,0.5651437062785922,True,priority_3_potent_liability_flag,6,1,141,11,11,19,32.0,159,140
