structure_id,endpoint,assay_family,measurements,sources,median_p_activity,min_p_activity,max_p_activity,sd_p_activity,range_log10
STR-CC119FD289E2F37C242E,IC50,in_vivo,4,1,8.49148333035061,5.552841968657781,9.0,1.5743068800062154,3.4471580313422194
STR-34DA364C524542BAF54B,IC50,in_vivo,4,1,8.110924374808178,5.552841968657781,9.0,1.505833224874693,3.4471580313422194
STR-E4F36A98E00A8B27E8BD,IC50,in_vivo,4,1,8.27642098432889,5.318758762624412,8.698970004336019,1.5996571616307642,3.3802112417116064
STR-74748864A5B42BEF5513,IC50,cellular_functional,4,1,7.434833115752497,4.991399828238082,8.301029995663981,1.4323261092554196,3.309630167425899
STR-C6C7319A2332D2316F26,IC50,in_vivo,4,1,8.610924374808178,5.698970004336019,9.0,1.53352892296835,3.3010299956639813
STR-CAD50D46562C0D29D331,IC50,biochemical_binding,5,1,7.045757490560675,6.7447274948966935,10.008773924307503,1.6191784086529812,3.2640464294108096
STR-22ABADFB64D91C6FE7F1,IC50,in_vivo,4,1,8.048455006504028,5.494850021680094,8.698970004336019,1.447170784641018,3.204119982655925
STR-72BC2AEC0C9B5FB0C4A6,IC50,in_vivo,4,1,7.032700280890963,5.585026652029182,8.698970004336019,1.365491642231419,3.113943352306837
STR-7E1F0EE1EE4F776E8704,IC50,biochemical_binding,4,1,8.527758663924917,6.958607314841775,10.045757490560677,1.7185806132309696,3.087150175718902
STR-3815BA4AEEA1DB9CE8BA,IC50,in_vivo,4,1,8.037860356969059,5.443697499232712,8.522878745280337,1.4273653914786926,3.079181246047625
STR-73526DEBB89B97E16E0E,IC50,in_vivo,4,1,8.372363747448347,5.6777807052660805,8.698970004336019,1.4351497248727783,3.0211892990699383
STR-F32727EFAF81D38C7334,IC50,in_vivo,4,1,8.610924374808178,5.6777807052660805,8.698970004336019,1.4835702624062561,3.0211892990699383
STR-0A56438F09B3E75AAE8B,IC50,biochemical_inhibition,6,2,6.350665141287858,3.350665141287858,6.366531544420413,1.2270488461887745,3.015866403132555
STR-0B5E0ED39466F3487654,IC50,biochemical_inhibition,3,2,6.080921907623926,6.080921907623926,9.080921907623926,1.7320508075688772,3.0
STR-C24FEE7237633011F0F2,IC50,in_vivo,4,1,8.309894379144197,5.522878745280337,8.522878745280337,1.4430446888722033,3.0
STR-09C0DC45AE124F746F57,IC50,in_vivo,3,1,6.920818753952375,4.744558635429834,7.651500429716163,1.5121901561497557,2.906941794286329
STR-5069BE9F8A4503511646,IC50,in_vivo,3,1,7.397940008672037,4.944506993322155,7.838631997765026,1.559353633796227,2.894125004442871
STR-37892E2865C156499B87,IC50,in_vivo,4,1,8.06246936830415,5.853871964321762,8.698970004336019,1.2621391677689153,2.845098040014257
STR-404CEFB796E101ECF803,IC50,in_vivo,4,1,8.5,6.154901959985743,8.958607314841775,1.2779243323603053,2.8037053548560316
STR-DA4F708C5ED8977F505E,IC50,in_vivo,6,1,8.439713034397075,5.823908740944319,8.568636235841012,1.0688730895536043,2.7447274948966935
STR-08D7941426DE68C61BB3,IC50,in_vivo,3,1,7.522878745280337,5.103473782510445,7.780415473785745,1.476813143161806,2.6769416912753004
STR-60C734A449E352112286,IC50,in_vivo,7,1,6.987162775294828,5.0756690152913215,7.73969005420508,0.8888485033735314,2.6640210389137584
STR-25662CBAC60BFCDEA491,IC50,in_vivo,3,1,6.853871964321762,5.102537861986937,7.736127323134776,1.3404812012870708,2.6335894611478388
STR-B6804D98952727F7BAEB,IC50,in_vivo,3,1,7.494850021680094,5.156144577376839,7.786747947803603,1.4419212673252735,2.6306033704267637
STR-4A902F7AC5A334C3F331,IC50,in_vivo,3,1,6.7495799976911055,6.153044674980176,8.769551078621726,1.3712672557003058,2.6165064036415497
STR-AA4D58E6580A56C280AF,IC50,cellular_functional,4,1,6.011138197355576,5.366531544420413,7.958607314841775,1.1716770043375562,2.5920757704213617
STR-C16923E52D20199D1E6F,IC50,in_vivo,7,1,7.292429823902063,6.0,8.568636235841012,0.9178470815309892,2.568636235841012
STR-C0C912780560E33EFE90,IC50,in_vivo,4,1,7.101020178131401,6.221848749616356,8.698970004336019,1.0604320225069932,2.4771212547196626
STR-6F92DD97001CC1334310,IC50,in_vivo,3,1,6.653647025549361,6.023191662661934,8.494850021680094,1.2843025007929822,2.47165835901816
STR-5DBCD6F56FE679379CBD,IC50,in_vivo,3,1,5.698970004336019,5.055517327849831,7.522878745280337,1.2798793436879774,2.4673614174305065
STR-3F32DD5F6BE1258722C6,IC50,in_vivo,3,1,6.421360790031928,6.079354998593212,8.443697499232712,1.2778190525976234,2.3643425006395002
STR-93E40DC911AC439ED16C,IC50,in_vivo,3,1,6.287350298372789,6.2225731776106885,8.55284196865778,1.3270770652096653,2.330268791047092
STR-B5CAC4750A8CE18735B2,IC50,in_vivo,3,1,6.170696227168975,6.166852888087215,8.468521082957745,1.3277606660849777,2.3016681948705298
STR-A70185AE5063299B6804,IC50,cellular_functional,2,1,7.009090696414669,5.863279432843593,8.154901959985743,1.6204218288620675,2.2916225271421498
STR-29F00BB941CE28B9FDF5,IC50,in_vivo,3,1,6.375717904164332,6.164943898279883,8.455931955649724,1.2662505321199995,2.290988057369841
STR-AC15064651DFC45CB1E4,IC50,in_vivo,3,1,6.565431095965801,6.26440110030182,8.537602002101044,1.23474150339498,2.2732009017992247
STR-4B2666E7A6862E420991,IC50,in_vivo,3,1,6.779891911959945,6.3535962737769305,8.602059991327963,1.194265015936929,2.248463717551032
STR-293650E9A523AABFE8FD,IC50,in_vivo,3,1,6.113509274827518,5.083019952679617,7.316052869248487,1.1176206382328353,2.2330329165688703
STR-83B9ECDFE7009BAA93EB,IC50,in_vivo,3,1,6.806875401645538,6.2262135550188065,8.42021640338319,1.1367853701444588,2.1940028483643834
STR-92ADE75FABA2973BE86F,IC50,in_vivo,2,1,6.911954370472159,5.823908740944319,8.0,1.5387288857590444,2.1760912590556813
STR-BB7B1C3CD2EFE9AFE2C0,IC50,in_vivo,3,1,6.539102157243452,6.200659450546418,8.3767507096021,1.1709589257983382,2.1760912590556813
STR-EF3629BE766B7858BC20,IC50,in_vivo,3,1,6.950781977329818,6.39577394691553,8.55284196865778,1.1200872421424088,2.1570680217422504
STR-E3834AC8FE07071DA4C2,IC50,in_vivo,3,1,5.251811972993799,5.0,7.154901959985743,1.1781881022345586,2.154901959985743
STR-E4FD6D567C5C0E11EFF6,IC50,in_vivo,3,1,6.657577319177793,5.317854923626168,7.469800301796917,1.086694619880836,2.1519453781707485
STR-EE40493687FAFB4EE02B,IC50,cellular_functional,2,1,6.884137808335741,5.809668301829708,7.958607314841775,1.5195293484571588,2.1489390130120665
STR-073AD85CF5EE1E9C87AB,IC50,cellular_functional,2,1,7.148784731777237,6.075720713938118,8.221848749616356,1.517541687322647,2.146128035678238
STR-1F39727F90F76C636B4B,IC50,in_vivo,3,1,6.71669877129645,6.257274868695301,8.397940008672037,1.1269493971222404,2.1406651399767362
STR-4DFCC97C9EE8F38D651E,IC50,in_vivo,3,1,7.522878745280337,5.714442690992226,7.848017604542526,1.1495142562536753,2.1335749135502997
STR-1B33619B4C20E88AAA90,IC50,biochemical_inhibition,2,1,6.76417082049092,5.704432900037521,7.823908740944319,1.498695739666257,2.119475840906798
STR-1E41EA89AAF9C5AE998F,IC50,cellular_functional,2,1,7.097930283832325,6.040958607678906,8.154901959985743,1.4947836794603873,2.113943352306837
STR-1B889CE46B71B0168CDC,IC50,in_vivo,3,1,6.09799710864927,6.060480747381382,8.161150909262744,1.2021388030899534,2.1006701618813626
STR-6453C5C299C7427DFADD,IC50,in_vivo,3,1,6.275724130399211,5.368556230986828,7.468521082957745,1.0532149628059817,2.099964851970917
STR-5A6612853CA9F9DCEA91,IC50,cellular_functional,2,1,7.052841968657781,6.008773924307505,8.096910013008056,1.476535188360514,2.0881360887005513
STR-5D9D18A659624B9D4D9E,IC50,cellular_functional,2,1,6.979303657420887,5.958607314841775,8.0,1.443482610739996,2.0413926851582254
STR-704625FB7455957A2AA3,IC50,in_vivo,3,1,6.360513510731414,6.297569463554474,8.337242168318426,1.1598622677829653,2.0396727047639516
STR-4F1EEBE285BDFD4F35AF,IC50,cellular_functional,2,1,7.045757490560675,6.045757490560675,8.045757490560675,1.4142135623730951,2.0
STR-861C4C3D5E8675710281,IC50,in_vivo,3,1,5.008773924307505,4.991399828238082,6.886056647693163,1.0888998076226715,1.894656819455081
STR-49EE11A98D32940D40F8,IC50,in_vivo,3,1,6.978810700930062,6.562249437179612,8.455931955649724,0.995108366658398,1.8936825184701123
STR-972288F8D4D50B5E44FE,IC50,cellular_functional,2,1,6.8278038631574445,5.886056647693163,7.769551078621726,1.3318316844366842,1.8834944309285628
STR-52EA701B6DFFCC4B0B53,IC50,in_vivo,2,1,6.113106777509403,5.180456064458131,7.045757490560675,1.3189672873540466,1.865301426102544
STR-C7F0E76CC5EC752D86FB,IC50,cellular_functional,2,1,6.569531689649953,5.657577319177793,7.481486060122112,1.2896982389871456,1.8239087409443187
STR-1626E26FA9CDEFB597A0,IC50,in_vivo,3,1,7.113509274827518,6.707743928643524,8.522878745280337,0.9526876213267598,1.8151348166368138
STR-094F554E2B0D3487D695,IC50,biochemical_binding,2,1,6.2839966563652006,5.380906669373257,7.187086643357144,1.277162107647349,1.8061799739838875
STR-1E16751A99CB4CD1A2D3,IC50,cellular_functional,2,1,6.703080169459366,5.804100347590767,7.602059991327963,1.271349456386321,1.7979596437371965
STR-C388369FA2BBC8775FB4,IC50,cellular_functional,2,1,6.573150894111913,5.6777807052660805,7.468521082957745,1.2662446644103351,1.7907403776916642
STR-886903E1892E34C67247,IC50,in_vivo,2,1,7.079953856406362,6.211831628858832,7.948076083953893,1.2277102279952599,1.7362444550950613
STR-213F84F38B4A2B9413E0,IC50,cellular_functional,2,1,6.9076542845912,6.045757490560675,7.769551078621726,1.2189061354838593,1.723793588061051
STR-C97629399879B58050D4,IC50,in_vivo,4,1,6.522878745280337,6.443697499232712,8.154901959985743,0.8300481709227842,1.7112044607530308
STR-D294CA925BADF351BAE7,IC50,in_vivo,3,1,7.130768280269024,6.7258421507363195,8.431798275933005,0.8913407991234183,1.7059561251966855
STR-33ECA7BC02C166AF1729,IC50,cellular_functional,2,1,6.761439372640169,5.920818753952375,7.602059991327963,1.1888170797587403,1.6812412373755885
STR-D69A42D7CD9CD1E56E5E,IC50,cellular_functional,2,1,6.606624288927219,5.769551078621726,7.443697499232712,1.1838002867132145,1.6741464206109864
STR-086DEF6151FB4C05C2D4,IC50,in_vivo,3,1,5.876148359032914,5.354577730650908,7.011887159731648,0.8474090991096851,1.6573094290807404
STR-D35A116837336A58B17B,IC50,biochemical_inhibition,2,1,6.260434139783031,5.445147565627945,7.075720713938118,1.1529893303908214,1.630573148310173
STR-624DE6171936672A9284,IC50,cellular_functional,2,1,6.583745543646881,5.769551078621726,7.397940008672037,1.151444854847681,1.6283889300503107
STR-2042EFB3A29E3BAA2452,IC50,in_vivo,2,1,6.411954370472159,5.6020599913279625,7.221848749616356,1.1453636150754607,1.6197887582883936
STR-27A7903BB4E38754D8CE,IC50,biochemical_binding,2,1,5.6338031200885155,4.823908740944319,6.443697499232712,1.1453636150754607,1.6197887582883936
STR-715AAC076E28244157A2,IC50,in_vivo,2,1,6.6990827330096945,5.90031935889075,7.497846107128639,1.1296219968059062,1.5975267482378896
STR-E06A004C382394357B0F,IC50,in_vivo,2,1,6.983549660633662,6.1911141326401875,7.775985188627136,1.1206730709946555,1.584871055986948
STR-607EE12240E722EC08AE,IC50,cellular_functional,2,1,6.200167610605791,5.4089353929735005,6.991399828238082,1.118971333162126,1.5824644352645816
STR-057D3FCC1D3A4F62ECE4,IC50,in_vivo,2,1,6.431278142534429,5.649945906420969,7.21261037864789,1.1049706450309529,1.5626644722269205
STR-F4D7C79F147C9691D2EE,IC50,cellular_functional,2,1,6.664877073462938,5.886056647693163,7.443697499232712,1.1014184087768035,1.5576408515395492
STR-9C6F5F9AE1FD0341471B,IC50,cellular_functional,2,1,6.099130118155934,5.3535962737769305,6.844663962534938,1.0543440739289391,1.4910676887580072
STR-367ECDD87D72DA357113,IC50,in_vivo,2,1,6.557464486020555,5.832682665251824,7.282246306789284,1.024996280692604,1.44956364153746
STR-E6C9DB27889E0D91BF2B,IC50,cellular_functional,2,1,6.81725600755455,6.096910013008056,7.537602002101044,1.0187230750887875,1.4406919890929881
STR-841FC2EFD5AAF36FB504,IC50,cellular_functional,2,1,6.337653043069112,5.619788758288394,7.055517327849831,1.0152134074801542,1.4357285695614372
STR-B56EF6AC340F28C175E6,IC50,cellular_functional,2,1,7.240743030061056,6.522878745280337,7.958607314841775,1.0152134074801542,1.4357285695614372
STR-38BBD51311D74F91B35C,IC50,in_vivo,2,1,6.761855970886303,6.057991946977687,7.465719994794918,0.9954140486780649,1.4077280478172316
STR-AA961ADF07B3F8F3D6F1,IC50,in_vivo,2,1,6.522878745280337,5.823908740944319,7.221848749616356,0.9884928598239788,1.3979400086720375
STR-718AB1E455060CA519A1,IC50,cellular_functional,2,1,7.0,6.301029995663981,7.698970004336019,0.9884928598239788,1.3979400086720375
STR-834117D96EE9FE3ABB93,IC50,in_vivo,2,1,7.230870898604233,6.55129368009492,7.910448117113546,0.9610673190956547,1.359154437018626
STR-B55D3FD73A77678E9E44,IC50,biochemical_inhibition,2,1,7.623975776090281,6.94692155651658,8.301029995663981,0.9574992597830588,1.3541084391474012
STR-B55D3FD73A77678E9E44,IC50,biochemical_binding,4,2,7.623975776090281,6.94692155651658,8.301029995663981,0.781794871853696,1.3541084391474012
STR-A814A4A72CF8681234C9,IC50,in_vivo,3,1,8.568636235841012,7.303643611266668,8.638272163982407,0.7512532724764787,1.3346285527157393
STR-36584B3033D9C455D195,IC50,cellular_functional,2,1,6.501306807801344,5.853871964321762,7.1487416512809245,0.9156111364017263,1.2948696869591627
STR-2427F8EACDBEB2183A48,IC50,cellular_functional,2,1,6.088262885414849,5.443697499232712,6.732828271596986,0.9115531109750297,1.289130772364274
STR-1E1ED32C7DBBD679031C,IC50,in_vivo,2,1,6.279545458967391,5.638272163982407,6.920818753952375,0.9068973909554469,1.282546589969968
STR-5D9B9F812F4F4752FF1B,IC50,in_vivo,2,1,6.583563599410887,5.958607314841775,7.208519883979999,0.8838216535279381,1.2499125691382247
STR-0FC172F4903F344CAD3C,IC50,cellular_functional,2,1,6.566266256070474,5.958607314841775,7.173925197299173,0.859359515982902,1.2153178824573985
STR-E49D89B6198794AA3844,IC50,in_vivo,2,1,6.420282580215366,5.821023052706831,7.0195421077239,0.8474809511838625,1.1985190550170692
STR-0A56438F09B3E75AAE8B,IC50,in_vivo,4,1,5.09380271694685,5.036212172654444,6.221848749616356,0.5746045491810226,1.1856365769619117
STR-382C932AE09375510FDE,IC50,in_vivo,2,1,5.588132505800634,5.008773924307505,6.167491087293763,0.8193367634248214,1.1587171629862585
STR-CD79CC9C7019F8216147,IC50,in_vivo,2,1,7.094378772177361,6.548213564475709,7.640543979879014,0.7723942440279945,1.0923304154033042
STR-6F2F0078B4ED2C2981C8,IC50,in_vivo,2,1,6.039938336854638,5.494850021680094,6.585026652029182,0.7708712880109404,1.090176630349088
STR-B996C6C126CB7E148CA2,IC50,in_vivo,2,1,6.2011524070372435,5.657577319177793,6.7447274948966935,0.768731261418981,1.0871501757189002
STR-CE5E53FBE3F642E4404C,IC50,in_vivo,2,1,5.996766978875384,5.455931955649724,6.537602002101044,0.7648562248520963,1.08167004645132
STR-D1933351E0881330907E,IC50,in_vivo,2,1,6.753008604497207,6.2168113089247425,7.289205900069673,0.7582974875063551,1.0723945911449304
STR-1ED81EB6526D0C332327,IC50,cellular_functional,2,1,5.209195816983971,4.673664139071248,5.7447274948966935,0.7573561619845921,1.0710633558254452
STR-6FC572CFD54A8BD3A4A2,IC50,in_vivo,3,1,5.376750709602099,5.022276394711152,6.086186147616283,0.5417340434435886,1.063909752905131
STR-7F2A74ABC824071AE710,IC50,in_vivo,2,1,6.210108201691595,5.698970004336019,6.721246399047171,0.7228585709471915,1.0222763947111524
STR-69053F730BD004EFA19C,IC50,biochemical_inhibition,2,1,6.688127328228166,6.18243463044022,7.1938200260161125,0.7151574716047526,1.0113853955758927
STR-094C702ADD088489F553,IC50,cellular_functional,2,1,5.801029995663981,5.301029995663981,6.301029995663981,0.7071067811865476,1.0
STR-6B0BEC7CA952AA3F373C,IC50,cellular_functional,2,1,5.692841466669894,5.198596289982644,6.187086643357144,0.6989682320085956,0.9884903533745
STR-D8497B8DD5B2F916727A,IC50,cellular_functional,2,1,5.4646117685782825,4.97061622231479,5.958607314841775,0.6986152012777364,0.9879910925269844
STR-0855D8D007FB84375292,IC50,biochemical_inhibition,2,1,5.466650724788503,4.97469413473523,5.958607314841775,0.6957316817521586,0.983913180106545
STR-0855D8D007FB84375292,IC50,biochemical_binding,4,2,5.466650724788503,4.97469413473523,5.958607314841775,0.5680625393937344,0.983913180106545
STR-74AB0C5D40C92C89D385,IC50,cellular_functional,2,1,5.169377695520334,4.718966632752273,5.619788758288394,0.6369774336094701,0.9008221255361208
STR-BD5E8CD3F04E20EF2036,IC50,in_vivo,3,1,8.698970004336019,7.958607314841775,8.769551078621726,0.44921197447234695,0.8109437637799513
STR-28182BF64384BF406391,IC50,in_vivo,2,1,7.080953430777201,6.6777807052660805,7.484126156288321,0.5701723363967512,0.8063454510222403
STR-135D463A1137C39C5816,IC50,cellular_functional,2,1,5.147496020333332,4.772113295386326,5.522878745280337,0.5308713407006246,0.7507654498940113
STR-977651FE1C7684004EBE,IC50,biochemical_binding,3,2,5.619788758288394,4.882728704344236,5.619788758288394,0.42554182055357964,0.7370600539441581
STR-E60731CF852256103E11,IC50,in_vivo,2,1,5.6848877946237835,5.356547323513812,6.013228265733755,0.46434354731969285,0.6566809422199427
STR-2FF2DB436296505D61BF,IC50,biochemical_inhibition,3,2,7.943095148663527,7.309803919971486,7.958607314841775,0.37019009820024185,0.6488033948702885
STR-9AA3FF70960D58F79546,IC50,biochemical_binding,2,1,7.029244283682798,6.721246399047171,7.337242168318426,0.435574785633928,0.6159957692712545
STR-9AA3FF70960D58F79546,IC50,biochemical_inhibition,6,2,7.053396623470076,6.721246399047171,7.337242168318426,0.3290486757639964,0.6159957692712545
STR-93B1E6E77462AC33263F,IC50,cellular_functional,2,1,5.150297959092331,4.844663962534939,5.455931955649724,0.4322317430537565,0.6112679931147857
STR-0E08AB70F62669D82631,IC50,in_vivo,2,1,7.594883741002458,7.301029995663981,7.8887374863409345,0.4155719520118033,0.5877074906769533
STR-CA5FBB5B185EEEDFCC44,IC50,biochemical_inhibition,2,1,7.832773124424534,7.568636235841012,8.096910013008056,0.37354597015784796,0.528273777167044
STR-CA5FBB5B185EEEDFCC44,IC50,biochemical_binding,4,2,7.832773124424534,7.568636235841012,8.096910013008056,0.30499900745321323,0.528273777167044
STR-83AFBD5BD9110FDF3CA3,IC50,biochemical_inhibition,2,1,4.511321135227349,4.247951552180561,4.774690718274137,0.3724608362613143,0.5267391660935754
STR-83AFBD5BD9110FDF3CA3,IC50,biochemical_binding,4,2,4.511321135227349,4.247951552180561,4.774690718274137,0.30411299933684477,0.5267391660935754
STR-595841CB737450AE406D,IC50,biochemical_inhibition,2,1,6.667679012221937,6.414539270491499,6.920818753952375,0.3579936559308079,0.5062794834608759
STR-FDB4878ADB13F8D5ACDD,IC50,biochemical_binding,2,1,6.286907087377744,6.036212172654444,6.537602002101044,0.3545361484196573,0.5013898294465999
STR-73FF471D050BDA8F68BB,IC50,biochemical_inhibition,2,2,3.831270369354672,3.6020599913279625,4.060480747381382,0.3241524252420368,0.45842075605341925
STR-F56D36E1BD6B0DD11077,IC50,biochemical_inhibition,2,1,5.77642098432889,5.552841968657781,6.0,0.3161884762241101,0.44715803134221943
STR-F56D36E1BD6B0DD11077,IC50,biochemical_binding,4,2,5.77642098432889,5.552841968657781,6.0,0.25816680976573353,0.44715803134221943
STR-2427F8EACDBEB2183A48,IC50,biochemical_inhibition,3,2,7.173925197299173,6.732828271596986,7.173925197299173,0.254667428792874,0.44109692570218684
STR-2427F8EACDBEB2183A48,IC50,biochemical_binding,2,1,6.95337673444808,6.732828271596986,7.173925197299173,0.31190262732455504,0.44109692570218684
STR-5F8EB84C6E43AC1304EA,IC50,biochemical_inhibition,2,1,7.887345359137068,7.67778070526608,8.096910013008056,0.29636917569837473,0.41912930774197665
STR-00A027FA7AA847AAD8CD,IC50,biochemical_inhibition,2,1,7.0467247404492745,6.84163750790475,7.251811972993799,0.2900371457340317,0.41017446508904953
STR-466A031256A2621A45EE,IC50,biochemical_binding,4,2,4.268426931636825,4.080921907623926,4.455931955649724,0.21651215217650902,0.37501004802579807
STR-466A031256A2621A45EE,IC50,biochemical_inhibition,2,1,4.268426931636825,4.080921907623926,4.455931955649724,0.2651721479721347,0.37501004802579807
STR-82F62D7E24DAAC315910,IC50,biochemical_binding,2,1,6.789198036565084,6.619788758288394,6.958607314841775,0.23958089893073345,0.338818556553381
STR-E7F31BDBEA50095CCF5A,IC50,biochemical_inhibition,3,2,4.522878745280337,4.522878745280337,4.853871964321762,0.1910990241135071,0.3309932190414244
STR-062343CE45A5FA8286D4,IC50,in_vivo,2,1,7.659379381312206,7.494850021680094,7.823908740944319,0.23267965180029387,0.3290587192642249
STR-4B497AB49DA0E85C14C0,IC50,biochemical_binding,2,1,3.612741517135725,3.4559319556497243,3.769551078621726,0.22176220856328005,0.31361912297200156
STR-EBE5F8EBBB91D5D79ECA,IC50,biochemical_binding,4,2,4.3277056287106435,4.173925197299174,4.481486060122113,0.17757034694301735,0.30756086282293893
STR-EBE5F8EBBB91D5D79ECA,IC50,biochemical_inhibition,2,1,4.3277056287106435,4.173925197299174,4.481486060122113,0.21747837172968565,0.30756086282293893
STR-949A51086BAD4A70A662,IC50,biochemical_inhibition,3,2,4.2839966563652006,4.070581074285707,4.376750709602099,0.15699754279179817,0.3061696353163921
STR-949A51086BAD4A70A662,IC50,biochemical_binding,4,2,4.223665891943903,4.070581074285707,4.376750709602099,0.1767671213676085,0.3061696353163921
STR-751E14E3FB418B1577CE,IC50,biochemical_inhibition,2,1,5.6807553715226815,5.537602002101044,5.823908740944319,0.20244943653548517,0.2863067388432743
STR-751E14E3FB418B1577CE,IC50,biochemical_binding,4,2,5.6807553715226815,5.537602002101044,5.823908740944319,0.1652992727419683,0.2863067388432743
STR-5D9D18A659624B9D4D9E,IC50,biochemical_binding,3,2,7.721246399047171,7.721246399047171,8.0,0.16093846654769325,0.27875360095282886
STR-5D9D18A659624B9D4D9E,IC50,biochemical_inhibition,2,1,7.860623199523586,7.721246399047171,8.0,0.19710856151391415,0.27875360095282886
STR-9C6F5F9AE1FD0341471B,IC50,biochemical_inhibition,2,1,6.979086618681228,6.844663962534938,7.113509274827518,0.19010234341229842,0.26884531229258
STR-E64E90F663FA85F37778,IC50,biochemical_inhibition,2,1,5.020479303839453,4.886056647693163,5.154901959985743,0.19010234341229842,0.26884531229258
STR-E64E90F663FA85F37778,IC50,biochemical_binding,4,2,5.020479303839453,4.886056647693163,5.154901959985743,0.15521791342249008,0.26884531229258
STR-9C6F5F9AE1FD0341471B,IC50,biochemical_binding,3,2,7.113509274827518,6.844663962534938,7.113509274827518,0.15521791342249003,0.26884531229258
STR-CAD50D46562C0D29D331,IC50,biochemical_inhibition,2,1,9.8767507096021,9.744727494896694,10.008773924307503,0.18670902078447912,0.2640464294108096
STR-35790CE0C27A0709B3BB,IC50,biochemical_inhibition,4,2,7.624260367736677,7.498940737782249,7.7495799976911055,0.144706644177867,0.2506392599088567
STR-42E31A098E57D11F920E,IC50,biochemical_inhibition,2,1,6.839926856944473,6.721246399047171,6.958607314841775,0.16783951314701323,0.2373609157946035
STR-37F5739D847AD6A8207C,IC50,biochemical_inhibition,4,2,7.467359564448623,7.349692476868063,7.585026652029182,0.13587024937879008,0.23533417516111843
STR-FF095523952A15300267,IC50,cellular_functional,2,1,5.291380439266309,5.180456064458131,5.402304814074488,0.15687075525148286,0.22184874961635703
STR-718AB1E455060CA519A1,IC50,biochemical_binding,3,2,7.920818753952375,7.698970004336019,7.920818753952375,0.12808443531038505,0.22184874961635614
STR-718AB1E455060CA519A1,IC50,biochemical_inhibition,2,1,7.809894379144197,7.698970004336019,7.920818753952375,0.15687075525148192,0.22184874961635614
STR-FF095523952A15300267,IC50,biochemical_binding,3,2,5.3979400086720375,5.180456064458131,5.3979400086720375,0.12556441373632057,0.2174839442139067
STR-FF095523952A15300267,IC50,biochemical_inhibition,2,1,5.289198036565084,5.180456064458131,5.3979400086720375,0.15378437175285023,0.2174839442139067
STR-1887E5F4BD19EFABAFA8,IC50,biochemical_inhibition,2,1,6.74892305356432,6.6439741428068775,6.853871964321762,0.14842017294945833,0.20989782151488434
STR-D5272C0C8993C36787C1,IC50,biochemical_inhibition,7,2,5.721246399047171,5.721246399047171,5.920818753952375,0.07543125994895569,0.19957235490520375
STR-D5272C0C8993C36787C1,IC50,biochemical_binding,5,2,5.721246399047171,5.721246399047171,5.920818753952375,0.1093102806360068,0.19957235490520375
STR-80AA618DD9FA90E3C7FC,Kd,biochemical_binding,4,2,8.093543321678572,8.0,8.187086643357144,0.10801452390403078,0.1870866433571443
STR-6F1C926A5BCCC888A7D5,IC50,cellular_functional,2,1,4.901235672238615,4.815308569182402,4.987162775294828,0.12151927451752734,0.1718542061124264
STR-0A56438F09B3E75AAE8B,IC50,biochemical_binding,2,1,6.2941901470183845,6.221848749616356,6.366531544420413,0.10230618532697032,0.14468279480405677
STR-1EFBCA4F76B383B42706,IC50,cellular_functional,2,1,4.363592322881885,4.294563953414749,4.432620692349022,0.09762085628892501,0.13805673893427262
STR-841FC2EFD5AAF36FB504,IC50,biochemical_binding,3,2,7.173925197299173,7.055517327849831,7.173925197299173,0.06836281530074786,0.11840786944934223
STR-841FC2EFD5AAF36FB504,IC50,biochemical_inhibition,2,1,7.114721262574502,7.055517327849831,7.173925197299173,0.08372700743348133,0.11840786944934223
STR-213F84F38B4A2B9413E0,IC50,biochemical_binding,3,2,7.886056647693163,7.769551078621726,7.886056647693163,0.06726452166548479,0.11650556907143717
STR-213F84F38B4A2B9413E0,IC50,biochemical_inhibition,2,1,7.8278038631574445,7.769551078621726,7.886056647693163,0.08238187793641091,0.11650556907143717
STR-13602A865FEABB9329F4,IC50,cellular_functional,2,1,5.317068892298722,5.267606240177031,5.366531544420413,0.06995075346143774,0.09892530424338197
STR-7E1F0EE1EE4F776E8704,IC50,biochemical_inhibition,2,1,10.002182402701226,9.958607314841776,10.045757490560677,0.061624480232433505,0.08715017571890016
STR-DC0F93BC28332B505B19,IC50,biochemical_inhibition,2,1,7.578695380194719,7.537602002101044,7.619788758288394,0.05811481262380011,0.08218675618734927
STR-DC0F93BC28332B505B19,IC50,biochemical_binding,4,2,7.578695380194719,7.537602002101044,7.619788758288394,0.04745054580858824,0.08218675618734927
STR-282D943879193C965050,IC50,biochemical_binding,4,2,5.182258126592544,5.142667503568731,5.221848749616356,0.04571531372036635,0.07918124604762511
STR-282D943879193C965050,IC50,biochemical_inhibition,2,1,5.182258126592544,5.142667503568731,5.221848749616356,0.05598959602307623,0.07918124604762511
STR-334A6D2F1631C6ED2448,IC50,biochemical_inhibition,3,2,5.958607314841775,5.886056647693163,5.958607314841775,0.04188714720813777,0.07255066714861158
STR-547D0767F033066A0D80,IC50,cellular_functional,2,1,5.911534957774747,5.876148359032914,5.94692155651658,0.050044207866954814,0.07077319748366584
STR-BD5E8CD3F04E20EF2036,IC50,biochemical_binding,3,2,8.698970004336019,8.698970004336019,8.769551078621726,0.04075000223854548,0.07058107428570715
STR-BD5E8CD3F04E20EF2036,IC50,biochemical_inhibition,2,1,8.734260541478871,8.698970004336019,8.769551078621726,0.04990835625085435,0.07058107428570715
STR-7D5339DF90BF6BBC7650,IC50,biochemical_inhibition,2,1,3.668621084159213,3.638272163982407,3.6989700043360183,0.04291985451741691,0.060697840353611365
STR-7D5339DF90BF6BBC7650,IC50,biochemical_binding,2,1,3.668621084159213,3.638272163982407,3.6989700043360183,0.04291985451741691,0.060697840353611365
STR-C388369FA2BBC8775FB4,IC50,biochemical_binding,3,2,7.522878745280337,7.468521082957745,7.522878745280337,0.03138341097446771,0.05435766232259276
STR-972288F8D4D50B5E44FE,IC50,biochemical_binding,3,2,7.823908740944319,7.769551078621726,7.823908740944319,0.03138341097446771,0.05435766232259276
STR-C388369FA2BBC8775FB4,IC50,biochemical_inhibition,2,1,7.495699914119041,7.468521082957745,7.522878745280337,0.038436671637753834,0.05435766232259276
STR-972288F8D4D50B5E44FE,IC50,biochemical_inhibition,2,1,7.796729909783022,7.769551078621726,7.823908740944319,0.038436671637753834,0.05435766232259276
STR-BB6834654E58B4C699C1,IC50,biochemical_inhibition,2,1,7.770303756120384,7.744727494896693,7.795880017344075,0.03617029549734145,0.05115252244738233
STR-BAFF2FF7D3D8F1D2F783,Kd,biochemical_binding,4,2,8.022878745280337,8.0,8.045757490560675,0.026418099492647354,0.045757490560674796
STR-45FBF685312BBD9758DF,IC50,biochemical_inhibition,2,1,7.013806000446263,6.991399828238082,7.036212172654444,0.03168711261767697,0.04481234441636239
STR-ACB4ADBB5DDA242F44EB,IC50,biochemical_inhibition,2,1,7.678273661756906,7.657577319177793,7.698970004336019,0.029269048366900915,0.04139268515822536
STR-DA4F708C5ED8977F505E,IC50,biochemical_binding,3,2,8.522878745280337,8.481486060122112,8.522878745280337,0.023898077918582967,0.04139268515822536
STR-DA4F708C5ED8977F505E,IC50,biochemical_inhibition,6,2,8.502182402701225,8.481486060122112,8.522878745280337,0.022671707376869327,0.04139268515822536
STR-329A1DF49F92EC5C8A64,Kd,biochemical_binding,5,3,8.031517051446064,8.0,8.031517051446064,0.01726260002306031,0.031517051446064315
STR-C1068E6D56154FD2A495,IC50,biochemical_inhibition,2,1,7.7827155479829,7.769551078621726,7.795880017344075,0.018617371112018118,0.026328938722349093
STR-BA42992F4D166FFC44F9,IC50,biochemical_binding,4,2,4.545221985379412,4.5376020021010435,4.552841968657781,0.008798798793973226,0.015239966556737095
STR-BA42992F4D166FFC44F9,IC50,biochemical_inhibition,2,1,4.545221985379412,4.5376020021010435,4.552841968657781,0.010776283697325313,0.015239966556737095
STR-784BC5DAE6A780CB93EC,IC50,biochemical_inhibition,2,2,4.22921037802671,4.221848749616356,4.236572006437063,0.010410914739072984,0.014723256820706965
STR-6B0BEC7CA952AA3F373C,IC50,biochemical_inhibition,2,1,6.180830262794661,6.174573882232177,6.187086643357144,0.0088478582428323,0.012512761124967575
STR-6B0BEC7CA952AA3F373C,IC50,biochemical_binding,2,2,6.180830262794661,6.174573882232177,6.187086643357144,0.0088478582428323,0.012512761124967575
STR-CF5201A5F0C9949F8EED,Ki,biochemical_binding,2,2,7.7508447231052,7.744727494896693,7.756961951313706,0.008651067096601427,0.012234456417012929
STR-547D0767F033066A0D80,IC50,biochemical_inhibition,2,1,5.952764435679177,5.94692155651658,5.958607314841775,0.008263078955052242,0.011685758325194584
STR-547D0767F033066A0D80,IC50,biochemical_binding,2,2,5.952764435679177,5.94692155651658,5.958607314841775,0.008263078955052242,0.011685758325194584
STR-329A1DF49F92EC5C8A64,IC50,biochemical_inhibition,2,2,7.828295703098071,7.823908740944319,7.832682665251824,0.006204101375455139,0.008773924307505787
STR-84E68E67151229290F47,Ki,biochemical_binding,2,2,7.556754637413759,7.552841968657781,7.560667306169737,0.0055333492197779605,0.007825337511956576
STR-9E1D0290FF34D0BE2828,Kd,biochemical_binding,2,2,7.623438377659143,7.619788758288394,7.627087997029894,0.005161341211613946,0.007299238741500069
STR-E196FA84CA797A66645C,Ki,biochemical_binding,2,2,7.369071307185051,7.366531544420414,7.371611069949688,0.003591766946959941,0.005079525529274598
STR-568E8A2EF6050316CA23,Ki,biochemical_binding,2,2,7.571062487238219,7.568636235841012,7.573488738635425,0.003431237631656311,0.00485250279441285
STR-0B6B013EF83E068B0788,Ki,biochemical_binding,2,2,7.2537594949355615,7.251811972993799,7.255707016877324,0.0027542119430592543,0.0038950438835243517
STR-394215D949D57850FC96,Ki,biochemical_binding,2,2,7.3487263137562575,7.346787486224656,7.350665141287858,0.0027419161902928232,0.0038776550632020346
STR-94E1D88307C1CEF006D5,Ki,biochemical_binding,2,2,7.621605900615941,7.619788758288394,7.623423042943488,0.002569827324379235,0.0036342846550940777
STR-B2DAD8AE44111772DC46,Kd,biochemical_binding,3,3,7.798602875679548,7.795880017344075,7.798602875679548,0.0015720429929507,0.002722858335473255
STR-B8BBFC48D37A12C20E1C,Ki,biochemical_binding,2,2,7.148436025275579,7.148130399270234,7.1487416512809245,0.00043222044177328986,0.0006112520106906771
STR-90F148C381A6FE28921A,IC50,biochemical_binding,2,2,4.0,4.0,4.0,0.0,0.0
STR-919E61E523A8F795DCEC,IC50,biochemical_binding,2,2,5.494850021680094,5.494850021680094,5.494850021680094,0.0,0.0
STR-ADF0DC68688651046789,IC50,biochemical_binding,2,2,7.337242168318426,7.337242168318426,7.337242168318426,0.0,0.0
STR-AE07246DCCF5CCC9E046,IC50,biochemical_binding,2,2,6.244887733604928,6.244887733604928,6.244887733604928,0.0,0.0
STR-93B1E6E77462AC33263F,Ki,biochemical_binding,2,2,5.958607314841775,5.958607314841775,5.958607314841775,0.0,0.0
STR-AE2AA292EDD25C175AFA,IC50,biochemical_binding,2,2,4.455931955649724,4.455931955649724,4.455931955649724,0.0,0.0
STR-AEBCF9F47DC8FFE6B030,IC50,biochemical_binding,2,2,6.7495799976911055,6.7495799976911055,6.7495799976911055,0.0,0.0
STR-B2BA33058BFAB9451C2F,IC50,biochemical_binding,2,2,8.096910013008056,8.096910013008056,8.096910013008056,0.0,0.0
STR-AF457B5C4AE166B10ED6,IC50,biochemical_binding,2,2,6.7447274948966935,6.7447274948966935,6.7447274948966935,0.0,0.0
STR-B41E25A7E7B38A28FF65,IC50,biochemical_binding,2,2,7.886056647693163,7.886056647693163,7.886056647693163,0.0,0.0
STR-94607F80C78D17F7F58B,IC50,biochemical_binding,2,2,7.920818753952375,7.920818753952375,7.920818753952375,0.0,0.0
STR-94A936446793C2B8E49C,IC50,biochemical_binding,2,2,4.935542010773082,4.935542010773082,4.935542010773082,0.0,0.0
STR-B1B50BB9C2198BA2F3F2,IC50,biochemical_binding,2,2,5.97061622231479,5.97061622231479,5.97061622231479,0.0,0.0
STR-913D178EB83662F51B15,IC50,biochemical_binding,2,2,6.79317412396815,6.79317412396815,6.79317412396815,0.0,0.0
STR-90DF1DEF11EC083FD360,IC50,biochemical_binding,2,2,7.494850021680094,7.494850021680094,7.494850021680094,0.0,0.0
STR-B520AF3A72F2FF2BC507,IC50,biochemical_inhibition,2,2,6.360513510731414,6.360513510731414,6.360513510731414,0.0,0.0
STR-AF889682F3260AB0C490,IC50,biochemical_binding,2,2,7.823908740944319,7.823908740944319,7.823908740944319,0.0,0.0
STR-B0F5A7555DF936BC6486,IC50,biochemical_binding,2,2,4.301029995663981,4.301029995663981,4.301029995663981,0.0,0.0
STR-918E0A178CBF8E4B9AE9,IC50,biochemical_binding,2,2,7.638272163982407,7.638272163982407,7.638272163982407,0.0,0.0
STR-913F46730FAF3C502A72,IC50,biochemical_binding,2,2,7.207608310501746,7.207608310501746,7.207608310501746,0.0,0.0
STR-B37B5C6A72819E700FA9,IC50,biochemical_inhibition,2,2,5.318758762624412,5.318758762624412,5.318758762624412,0.0,0.0
STR-B2FBC3258126732F3345,IC50,biochemical_binding,2,2,8.045757490560675,8.045757490560675,8.045757490560675,0.0,0.0
STR-B56EF6AC340F28C175E6,Ki,biochemical_binding,2,2,8.568636235841012,8.568636235841012,8.568636235841012,0.0,0.0
STR-9125B3088394B1E7CAA4,IC50,biochemical_binding,2,2,5.568636235841012,5.568636235841012,5.568636235841012,0.0,0.0
STR-B4B9D6A6C03B5C8E19FC,IC50,biochemical_binding,2,2,5.638272163982407,5.638272163982407,5.638272163982407,0.0,0.0
STR-9C8A9525F1FABB5C1327,IC50,biochemical_binding,2,2,7.494850021680094,7.494850021680094,7.494850021680094,0.0,0.0
STR-94C191645BE5B0A1978A,IC50,biochemical_binding,2,2,7.744727494896693,7.744727494896693,7.744727494896693,0.0,0.0
STR-ADD6623F7AD60FDD956E,IC50,biochemical_inhibition,2,2,6.51999305704285,6.51999305704285,6.51999305704285,0.0,0.0
STR-A540B6064EC41BB600F8,IC50,biochemical_binding,2,2,5.484126156288321,5.484126156288321,5.484126156288321,0.0,0.0
STR-A5251367717CBF43E094,IC50,biochemical_binding,2,2,8.045757490560675,8.045757490560675,8.045757490560675,0.0,0.0
STR-A50D555FBD2E6BE12E86,IC50,biochemical_binding,2,2,4.769551078621726,4.769551078621726,4.769551078621726,0.0,0.0
STR-A4B78F32EC254E4C66A8,IC50,biochemical_binding,2,2,5.130768280269024,5.130768280269024,5.130768280269024,0.0,0.0
STR-A3C1FA82D6E93CA9057E,IC50,biochemical_binding,2,2,6.072116589669293,6.072116589669293,6.072116589669293,0.0,0.0
STR-A33A7D4A9E6E6442812C,IC50,biochemical_binding,2,2,4.882728704344236,4.882728704344236,4.882728704344236,0.0,0.0
STR-A2F21D97062872F508E0,IC50,biochemical_inhibition,2,2,5.337242168318426,5.337242168318426,5.337242168318426,0.0,0.0
STR-9B511E320085B2646A64,IC50,biochemical_binding,2,2,4.2403321553103694,4.2403321553103694,4.2403321553103694,0.0,0.0
STR-A1F0E6930C1DAFA0E759,IC50,biochemical_binding,2,2,7.376750709602099,7.376750709602099,7.376750709602099,0.0,0.0
STR-A1381CEB41898F753D78,IC50,biochemical_binding,2,2,7.508638306165727,7.508638306165727,7.508638306165727,0.0,0.0
STR-9FED646BC83A53D2E9C9,IC50,biochemical_binding,2,2,6.982966660701219,6.982966660701219,6.982966660701219,0.0,0.0
STR-9BCADA557E72EE3CB9BA,IC50,biochemical_binding,2,2,8.522878745280337,8.522878745280337,8.522878745280337,0.0,0.0
STR-9F7531856423F982C41A,IC50,biochemical_binding,2,2,4.096910013008056,4.096910013008056,4.096910013008056,0.0,0.0
STR-9ED5F7AB73D34199D6B6,IC50,biochemical_binding,2,2,7.431798275933005,7.431798275933005,7.431798275933005,0.0,0.0
STR-9C303D8F957257731184,IC50,biochemical_binding,2,2,6.421360790031928,6.421360790031928,6.421360790031928,0.0,0.0
STR-9EC06DEFB9DB4A9951A2,Ki,biochemical_binding,2,2,6.232102383981909,6.232102383981909,6.232102383981909,0.0,0.0
STR-9E9C8374C40CC4C64C60,Ki,biochemical_binding,2,2,5.66354026615147,5.66354026615147,5.66354026615147,0.0,0.0
STR-9E9A5140F6DAB650B46B,IC50,biochemical_binding,2,2,6.730487055782083,6.730487055782083,6.730487055782083,0.0,0.0
STR-9E4FCF8CA68285C7D759,IC50,biochemical_binding,2,2,8.397940008672037,8.397940008672037,8.397940008672037,0.0,0.0
STR-9E30945B1B85AD5CB97B,IC50,biochemical_binding,2,2,4.982966660701219,4.982966660701219,4.982966660701219,0.0,0.0
STR-9D9B1AE963E341CF559B,IC50,biochemical_binding,2,2,6.427128397799519,6.427128397799519,6.427128397799519,0.0,0.0
STR-9D5FA8EC64504ACC3524,IC50,biochemical_binding,2,2,5.568636235841012,5.568636235841012,5.568636235841012,0.0,0.0
STR-9C6F5F9AE1FD0341471B,Ki,biochemical_binding,2,2,7.346787486224656,7.346787486224656,7.346787486224656,0.0,0.0
STR-9CEE978B571562B060A4,IC50,biochemical_binding,2,2,4.935542010773082,4.935542010773082,4.935542010773082,0.0,0.0
STR-9C7406FBB59A2F2C8D9C,IC50,biochemical_binding,2,2,7.200659450546418,7.200659450546418,7.200659450546418,0.0,0.0
STR-A59B36009FADA199468E,IC50,biochemical_binding,2,2,7.638272163982407,7.638272163982407,7.638272163982407,0.0,0.0
STR-A5A20463BFF941861BA8,IC50,biochemical_binding,2,2,5.327902142064282,5.327902142064282,5.327902142064282,0.0,0.0
STR-990708AC2AD0842F3BCB,IC50,biochemical_binding,2,2,8.045757490560675,8.045757490560675,8.045757490560675,0.0,0.0
STR-A89E4C2F5AB885E0AD8C,IC50,biochemical_inhibition,2,2,5.0,5.0,5.0,0.0,0.0
STR-96DCE721D71CD4CE180C,IC50,biochemical_inhibition,2,2,4.920818753952375,4.920818753952375,4.920818753952375,0.0,0.0
STR-AD791DBCBA03342A8D18,IC50,biochemical_binding,2,2,7.167491087293763,7.167491087293763,7.167491087293763,0.0,0.0
STR-AD35C124559ACD44BE3E,IC50,biochemical_binding,2,2,8.096910013008056,8.096910013008056,8.096910013008056,0.0,0.0
STR-971462EFAE13318C0E1F,IC50,biochemical_binding,2,2,8.522878745280337,8.522878745280337,8.522878745280337,0.0,0.0
STR-AB1714536DDACDAFACEC,IC50,biochemical_binding,2,2,7.537602002101044,7.537602002101044,7.537602002101044,0.0,0.0
STR-971CC9D9CF453AE51D7B,IC50,biochemical_binding,2,2,8.397940008672037,8.397940008672037,8.397940008672037,0.0,0.0
STR-AA73D88E6A8F8A2C3D26,IC50,biochemical_binding,2,2,7.136677139879544,7.136677139879544,7.136677139879544,0.0,0.0
STR-AA65E7D5BF8C15D9F669,IC50,biochemical_binding,2,2,5.494850021680094,5.494850021680094,5.494850021680094,0.0,0.0
STR-AA4D58E6580A56C280AF,Ki,biochemical_binding,2,2,8.698970004336019,8.698970004336019,8.698970004336019,0.0,0.0
STR-AA28B6BCC5A0854E325E,IC50,biochemical_binding,2,2,7.1249387366083,7.1249387366083,7.1249387366083,0.0,0.0
STR-A9AB52FCFA3880DA25B5,IC50,biochemical_binding,2,2,6.777283528852417,6.777283528852417,6.777283528852417,0.0,0.0
STR-A8561A75D1EC79B3C31D,IC50,biochemical_binding,2,2,7.318758762624412,7.318758762624412,7.318758762624412,0.0,0.0
STR-988E78A954C724A4E918,IC50,biochemical_binding,2,2,5.920818753952375,5.920818753952375,5.920818753952375,0.0,0.0
STR-972288F8D4D50B5E44FE,Ki,biochemical_binding,2,2,8.337242168318426,8.337242168318426,8.337242168318426,0.0,0.0
STR-A781A979544388388BCF,IC50,biochemical_inhibition,2,2,7.876148359032914,7.876148359032914,7.876148359032914,0.0,0.0
STR-9CCCDEEF5E324E6E33B4,IC50,biochemical_binding,2,2,8.096910013008056,8.096910013008056,8.096910013008056,0.0,0.0
STR-A70185AE5063299B6804,IC50,biochemical_inhibition,2,1,8.154901959985743,8.154901959985743,8.154901959985743,0.0,0.0
STR-A70185AE5063299B6804,IC50,biochemical_binding,2,2,8.154901959985743,8.154901959985743,8.154901959985743,0.0,0.0
STR-9767BDB895288D4DE128,IC50,biochemical_binding,2,2,8.397940008672037,8.397940008672037,8.397940008672037,0.0,0.0
STR-A6D8AB953E61D44AA038,IC50,biochemical_binding,2,2,4.950781977329818,4.950781977329818,4.950781977329818,0.0,0.0
STR-A6771150771281B862C7,IC50,biochemical_binding,2,2,4.309803919971486,4.309803919971486,4.309803919971486,0.0,0.0
STR-978644C1BF9EC9F346BF,IC50,biochemical_binding,2,2,6.268411234813261,6.268411234813261,6.268411234813261,0.0,0.0
STR-A62EFE6B816DF994EE32,IC50,biochemical_binding,2,2,7.958607314841775,7.958607314841775,7.958607314841775,0.0,0.0
STR-97EC0B8AC90C0B7FCB6A,IC50,biochemical_inhibition,2,2,6.647817481888637,6.647817481888637,6.647817481888637,0.0,0.0
STR-A70185AE5063299B6804,Ki,biochemical_binding,2,2,8.853871964321762,8.853871964321762,8.853871964321762,0.0,0.0
STR-CAC36670E13A5F8A68CE,IC50,biochemical_binding,2,2,8.397940008672037,8.397940008672037,8.397940008672037,0.0,0.0
STR-B5D946FAC7CA35C5B953,IC50,biochemical_inhibition,2,2,8.148741651280925,8.148741651280925,8.148741651280925,0.0,0.0
STR-EE2BA933FEE514B0F89F,IC50,biochemical_binding,2,2,5.1487416512809245,5.1487416512809245,5.1487416512809245,0.0,0.0
STR-EB3EDBE36DF9F6873496,IC50,biochemical_inhibition,2,2,6.943095148663527,6.943095148663527,6.943095148663527,0.0,0.0
STR-EC66806C5F5D2CD819CB,IC50,biochemical_binding,2,2,6.325138859262188,6.325138859262188,6.325138859262188,0.0,0.0
STR-EC9D5328307E3ED96B61,IC50,biochemical_binding,2,2,7.214670164989233,7.214670164989233,7.214670164989233,0.0,0.0
STR-ED2163A2DFC4C94EBA76,Ki,biochemical_binding,2,2,6.064492734175287,6.064492734175287,6.064492734175287,0.0,0.0
STR-EDA0DBA402DA3F7EB4D8,IC50,biochemical_binding,2,2,8.301029995663981,8.301029995663981,8.301029995663981,0.0,0.0
STR-EE1ECC6B864815D20E60,IC50,biochemical_binding,2,2,5.376750709602099,5.376750709602099,5.376750709602099,0.0,0.0
STR-EE1FD4C7BA9FA060836F,IC50,biochemical_inhibition,2,2,4.950781977329818,4.950781977329818,4.950781977329818,0.0,0.0
STR-EE40493687FAFB4EE02B,IC50,biochemical_binding,2,2,7.958607314841775,7.958607314841775,7.958607314841775,0.0,0.0
STR-F334A782B734CE96FF39,IC50,biochemical_binding,2,2,7.568636235841012,7.568636235841012,7.568636235841012,0.0,0.0
STR-EE40493687FAFB4EE02B,IC50,biochemical_inhibition,2,1,7.958607314841775,7.958607314841775,7.958607314841775,0.0,0.0
STR-EE40493687FAFB4EE02B,Ki,biochemical_binding,2,2,8.568636235841012,8.568636235841012,8.568636235841012,0.0,0.0
STR-EFC43EF5227E2B3C49F1,Ki,biochemical_binding,2,2,5.497572880015568,5.497572880015568,5.497572880015568,0.0,0.0
STR-F002CB3DA8E3E8ADE73A,IC50,biochemical_binding,2,2,5.481486060122112,5.481486060122112,5.481486060122112,0.0,0.0
STR-F10D2D8306F0D924B76B,IC50,biochemical_binding,2,2,8.698970004336019,8.698970004336019,8.698970004336019,0.0,0.0
STR-F1BF1A87A48C7FFDC529,IC50,biochemical_inhibition,2,2,5.619788758288394,5.619788758288394,5.619788758288394,0.0,0.0
STR-F1E7C121ED0AA1CBD4E4,IC50,biochemical_binding,2,2,6.069050968832477,6.069050968832477,6.069050968832477,0.0,0.0
STR-EABF9B602E7C57DDC695,IC50,biochemical_binding,2,2,5.187086643357144,5.187086643357144,5.187086643357144,0.0,0.0
STR-E971954B90C3DF1122E8,IC50,biochemical_binding,2,2,7.744727494896693,7.744727494896693,7.744727494896693,0.0,0.0
STR-E91B6B648646B754AD1D,IC50,biochemical_inhibition,2,2,6.8297382846050425,6.8297382846050425,6.8297382846050425,0.0,0.0
STR-E8B47F80D16782785E9D,IC50,biochemical_inhibition,2,2,4.966576244513051,4.966576244513051,4.966576244513051,0.0,0.0
STR-E0F070490CE8D61ABB41,IC50,biochemical_binding,2,2,7.795880017344075,7.795880017344075,7.795880017344075,0.0,0.0
STR-E1374AA2ED612B5F391C,IC50,biochemical_binding,2,2,4.679853713888946,4.679853713888946,4.679853713888946,0.0,0.0
STR-E15050249B2D732BD2E2,IC50,biochemical_binding,2,2,4.987162775294828,4.987162775294828,4.987162775294828,0.0,0.0
STR-E2BF2500F662553F3983,IC50,biochemical_inhibition,2,2,7.036212172654444,7.036212172654444,7.036212172654444,0.0,0.0
STR-E2D66C5668374E3992F5,Ki,biochemical_binding,2,2,6.260427655549908,6.260427655549908,6.260427655549908,0.0,0.0
STR-E4F36A98E00A8B27E8BD,IC50,biochemical_binding,2,2,8.698970004336019,8.698970004336019,8.698970004336019,0.0,0.0
STR-E4F36A98E00A8B27E8BD,IC50,biochemical_inhibition,2,1,8.698970004336019,8.698970004336019,8.698970004336019,0.0,0.0
STR-E504CB05601073D27DA6,IC50,biochemical_inhibition,2,2,4.161150909262744,4.161150909262744,4.161150909262744,0.0,0.0
STR-E5059C295BEFCBEAC7A4,IC50,biochemical_binding,2,2,5.481486060122112,5.481486060122112,5.481486060122112,0.0,0.0
STR-E57E8CADFAE7EC8E946F,IC50,biochemical_binding,2,2,6.09799710864927,6.09799710864927,6.09799710864927,0.0,0.0
STR-E641EA51DCF158A5E554,IC50,biochemical_binding,2,2,7.309803919971486,7.309803919971486,7.309803919971486,0.0,0.0
STR-E697EE7C173FF5B3D541,Ki,biochemical_binding,2,2,5.54515513999149,5.54515513999149,5.54515513999149,0.0,0.0
STR-E6C9DB27889E0D91BF2B,Ki,biochemical_binding,2,2,8.070581074285707,8.070581074285707,8.070581074285707,0.0,0.0
STR-E71EA49855240EBB6F7C,IC50,biochemical_binding,2,2,5.508638306165727,5.508638306165727,5.508638306165727,0.0,0.0
STR-E79EEF3E7440D2C5F50E,IC50,biochemical_binding,2,2,7.309803919971486,7.309803919971486,7.309803919971486,0.0,0.0
STR-F27337C7FFCA9EF1AAB4,IC50,biochemical_binding,2,2,6.913640169325252,6.913640169325252,6.913640169325252,0.0,0.0
STR-F335F32CCEDF60394E5D,IC50,biochemical_inhibition,2,2,7.044793462458058,7.044793462458058,7.044793462458058,0.0,0.0
STR-E06BC321EF0DF7985DE6,IC50,biochemical_inhibition,2,2,8.0,8.0,8.0,0.0,0.0
STR-FD744C47D05214C5E9EE,IC50,biochemical_binding,2,2,5.698970004336019,5.698970004336019,5.698970004336019,0.0,0.0
STR-FA5427192F47CDDDDFD0,IC50,biochemical_inhibition,2,2,5.356547323513812,5.356547323513812,5.356547323513812,0.0,0.0
STR-FB20DDC3426AF551283B,IC50,biochemical_binding,2,2,7.920818753952375,7.920818753952375,7.920818753952375,0.0,0.0
STR-FB8F85C9A962EBF8FA78,IC50,biochemical_binding,2,2,6.528708288941061,6.528708288941061,6.528708288941061,0.0,0.0
STR-FBAAC5A0D7488D667D40,IC50,biochemical_binding,2,2,8.522878745280337,8.522878745280337,8.522878745280337,0.0,0.0
STR-FC134713F6D36D29BA09,IC50,biochemical_binding,2,2,4.7423214251308154,4.7423214251308154,4.7423214251308154,0.0,0.0
STR-FC23C7EE60D140564837,IC50,biochemical_binding,2,2,4.920818753952375,4.920818753952375,4.920818753952375,0.0,0.0
STR-FCECFA6DCFB5CA0DE116,IC50,biochemical_binding,2,2,6.3979400086720375,6.3979400086720375,6.3979400086720375,0.0,0.0
STR-FDBEEEA8F638FBC3B433,IC50,biochemical_binding,2,2,8.096910013008056,8.096910013008056,8.096910013008056,0.0,0.0
STR-F3CF2B91B4EE3E2B7CA5,IC50,biochemical_binding,2,2,6.617982957425132,6.617982957425132,6.617982957425132,0.0,0.0
STR-FE3645A659C52B524F3A,IC50,biochemical_inhibition,2,2,6.276544327964814,6.276544327964814,6.276544327964814,0.0,0.0
STR-FE3645A659C52B524F3A,Kd,biochemical_binding,3,3,6.021363051615525,6.021363051615525,6.021363051615525,0.0,0.0
STR-FE6ABAC0F054BFEC1BAA,IC50,biochemical_binding,2,2,5.327902142064282,5.327902142064282,5.327902142064282,0.0,0.0
STR-FEFFBCD58898FB83A7AC,Ki,biochemical_binding,2,2,7.522878745280337,7.522878745280337,7.522878745280337,0.0,0.0
STR-FF095523952A15300267,Ki,biochemical_binding,2,2,5.671620396561263,5.671620396561263,5.671620396561263,0.0,0.0
STR-FF3501C24AF8F8557BD2,IC50,biochemical_binding,2,2,7.823908740944319,7.823908740944319,7.823908740944319,0.0,0.0
STR-FF5E62E2D34F3B37D670,IC50,biochemical_binding,2,2,6.231361898752386,6.231361898752386,6.231361898752386,0.0,0.0
STR-FA1FDFBE4B94F7A252F5,IC50,biochemical_binding,2,2,6.249491605148654,6.249491605148654,6.249491605148654,0.0,0.0
STR-F99BCE07672BA00ADF22,IC50,biochemical_inhibition,2,2,4.698970004336019,4.698970004336019,4.698970004336019,0.0,0.0
STR-F95A6E9EAEE123EF25EE,IC50,biochemical_inhibition,2,2,8.075720713938118,8.075720713938118,8.075720713938118,0.0,0.0
STR-F90A7CDFC3BE1549AAD5,IC50,biochemical_binding,2,2,4.51427857351842,4.51427857351842,4.51427857351842,0.0,0.0
STR-F3E4FB7B2DAC6DD0B0EA,IC50,biochemical_binding,2,2,4.860120913598763,4.860120913598763,4.860120913598763,0.0,0.0
STR-F420EA9EFCC6CB3F01A3,IC50,biochemical_binding,2,2,4.380906669373258,4.380906669373258,4.380906669373258,0.0,0.0
STR-F4223A1339E66808912C,IC50,biochemical_binding,2,2,5.337242168318426,5.337242168318426,5.337242168318426,0.0,0.0
STR-F45BBAA26D4E2A02347B,IC50,biochemical_binding,2,2,7.376750709602099,7.376750709602099,7.376750709602099,0.0,0.0
STR-F48E770257629D6757F9,IC50,biochemical_binding,2,2,8.045757490560675,8.045757490560675,8.045757490560675,0.0,0.0
STR-F4D7C79F147C9691D2EE,IC50,biochemical_binding,2,2,7.443697499232712,7.443697499232712,7.443697499232712,0.0,0.0
STR-F4D7C79F147C9691D2EE,IC50,biochemical_inhibition,2,1,7.443697499232712,7.443697499232712,7.443697499232712,0.0,0.0
STR-F4D7C79F147C9691D2EE,Ki,biochemical_binding,2,2,7.958607314841775,7.958607314841775,7.958607314841775,0.0,0.0
STR-F56CDB449583E8311074,IC50,biochemical_binding,2,2,5.958607314841775,5.958607314841775,5.958607314841775,0.0,0.0
STR-F5DA1E0A219F4E851CAA,IC50,biochemical_inhibition,2,2,5.886056647693163,5.886056647693163,5.886056647693163,0.0,0.0
STR-F5F5118AE185B42AD9FA,IC50,biochemical_inhibition,2,2,4.795880017344075,4.795880017344075,4.795880017344075,0.0,0.0
STR-F6B3210B924167EFDCBB,IC50,biochemical_binding,2,2,5.468521082957745,5.468521082957745,5.468521082957745,0.0,0.0
STR-F744772A71C37D955328,IC50,biochemical_binding,2,2,4.2335871528876,4.2335871528876,4.2335871528876,0.0,0.0
STR-F7D3FB282E651DA95110,IC50,biochemical_binding,2,2,5.853871964321762,5.853871964321762,5.853871964321762,0.0,0.0
STR-F8573739FC4928FB0125,IC50,biochemical_binding,2,2,4.486782399932061,4.486782399932061,4.486782399932061,0.0,0.0
STR-E082AD0DE1F3A12CC536,IC50,biochemical_binding,2,2,7.180456064458131,7.180456064458131,7.180456064458131,0.0,0.0
STR-E053C25F08DC9748346A,Kd,biochemical_binding,3,3,7.086186147616283,7.086186147616283,7.086186147616283,0.0,0.0
STR-B714BC7381C3BA11A1BD,IC50,biochemical_binding,2,2,8.045757490560675,8.045757490560675,8.045757490560675,0.0,0.0
STR-C6579F1285FA63B28E81,IC50,biochemical_inhibition,2,2,6.709965388637482,6.709965388637482,6.709965388637482,0.0,0.0
STR-C3AB20114EC3D149B3FF,IC50,biochemical_binding,2,2,6.607303046740334,6.607303046740334,6.607303046740334,0.0,0.0
STR-C3D8B6AB5924C8373F29,IC50,biochemical_binding,2,2,7.00436480540245,7.00436480540245,7.00436480540245,0.0,0.0
STR-C43E9CAC606D3F496EC2,IC50,biochemical_inhibition,2,2,5.781727146428553,5.781727146428553,5.781727146428553,0.0,0.0
STR-C44F56C9778A0067D259,IC50,biochemical_inhibition,2,2,5.3872161432802645,5.3872161432802645,5.3872161432802645,0.0,0.0
STR-C4A801F174E1E034721C,IC50,biochemical_binding,2,2,7.958607314841775,7.958607314841775,7.958607314841775,0.0,0.0
STR-C52DE5B6B6E8022BCAB7,IC50,biochemical_binding,2,2,6.047207556955907,6.047207556955907,6.047207556955907,0.0,0.0
STR-C555A82898E9FBE8534F,Ki,biochemical_binding,2,2,5.735182176990463,5.735182176990463,5.735182176990463,0.0,0.0
STR-C7284B226A7FB3CA10F9,IC50,biochemical_binding,2,2,5.251811972993799,5.251811972993799,5.251811972993799,0.0,0.0
STR-CCECBC8279B18ADB4096,IC50,biochemical_inhibition,2,2,6.585026652029182,6.585026652029182,6.585026652029182,0.0,0.0
STR-C7F0E76CC5EC752D86FB,Ki,biochemical_binding,2,2,8.013228265733755,8.013228265733755,8.013228265733755,0.0,0.0
STR-C958B9047F1B12915566,IC50,biochemical_binding,2,2,4.075204004202088,4.075204004202088,4.075204004202088,0.0,0.0
STR-C9E0EFAEE2C6ACA45C7C,IC50,biochemical_binding,2,2,8.221848749616356,8.221848749616356,8.221848749616356,0.0,0.0
STR-8EFAF282343A8EB53879,IC50,biochemical_inhibition,2,2,6.284832642151542,6.284832642151542,6.284832642151542,0.0,0.0
STR-CB65BC34DC11FA6EB615,IC50,biochemical_binding,2,2,8.096910013008056,8.096910013008056,8.096910013008056,0.0,0.0
STR-CB98D7BBE456411A25E7,IC50,biochemical_binding,2,2,6.522878745280337,6.522878745280337,6.522878745280337,0.0,0.0
STR-CC05FA7F39995CB495AE,IC50,biochemical_binding,2,2,5.552841968657781,5.552841968657781,5.552841968657781,0.0,0.0
STR-C388369FA2BBC8775FB4,Ki,biochemical_binding,2,2,8.0,8.0,8.0,0.0,0.0
STR-C24E330B171F75FD816E,IC50,biochemical_binding,2,2,8.0,8.0,8.0,0.0,0.0
STR-C21882423633547B198F,Kd,biochemical_binding,3,3,7.070581074285707,7.070581074285707,7.070581074285707,0.0,0.0
STR-C21882423633547B198F,IC50,biochemical_inhibition,2,2,7.251811972993799,7.251811972993799,7.251811972993799,0.0,0.0
STR-B86FFEAD38CDA23B5632,IC50,biochemical_binding,2,2,5.207608310501746,5.207608310501746,5.207608310501746,0.0,0.0
STR-B8749C56BFCE6CE70125,IC50,biochemical_binding,2,2,6.154901959985743,6.154901959985743,6.154901959985743,0.0,0.0
STR-B8D3AA93809B56B2198C,IC50,biochemical_binding,2,2,5.3872161432802645,5.3872161432802645,5.3872161432802645,0.0,0.0
STR-B91B625C26AF1911063A,IC50,biochemical_binding,2,2,5.886056647693163,5.886056647693163,5.886056647693163,0.0,0.0
STR-B9852EE345EDCE391831,IC50,biochemical_binding,2,2,4.3979400086720375,4.3979400086720375,4.3979400086720375,0.0,0.0
STR-B9B055BBCE39C09309A4,IC50,biochemical_binding,2,2,5.947306058075032,5.947306058075032,5.947306058075032,0.0,0.0
STR-B9EA30DEB7647D41BA70,IC50,biochemical_binding,2,2,5.346787486224656,5.346787486224656,5.346787486224656,0.0,0.0
STR-BAB280176B241974F757,IC50,biochemical_binding,2,2,6.086716098239581,6.086716098239581,6.086716098239581,0.0,0.0
STR-BB3373616F96D1625E90,IC50,biochemical_binding,2,2,9.0,9.0,9.0,0.0,0.0
STR-BD3C32C55755152AB6D1,IC50,biochemical_binding,2,2,8.154901959985743,8.154901959985743,8.154901959985743,0.0,0.0
STR-BEF59984678C49DF2998,IC50,biochemical_binding,2,2,8.154901959985743,8.154901959985743,8.154901959985743,0.0,0.0
STR-BF1214B82FC052E63D5D,IC50,biochemical_binding,2,2,8.397940008672037,8.397940008672037,8.397940008672037,0.0,0.0
STR-BF401908AD838E3D878A,IC50,biochemical_binding,2,2,5.568636235841012,5.568636235841012,5.568636235841012,0.0,0.0
STR-BFADD52B1F3CC9E98A32,IC50,biochemical_binding,2,2,5.2839966563652006,5.2839966563652006,5.2839966563652006,0.0,0.0
STR-BFC54DF7D74405B04BF7,IC50,biochemical_inhibition,2,2,6.7055337738384075,6.7055337738384075,6.7055337738384075,0.0,0.0
STR-CC5A13637E8A037A05FE,IC50,biochemical_inhibition,2,2,7.268411234813261,7.268411234813261,7.268411234813261,0.0,0.0
STR-CD3ABA81D633A3E66F13,IC50,biochemical_inhibition,2,2,8.275724130399212,8.275724130399212,8.275724130399212,0.0,0.0
STR-E00A2A65334250E6910B,IC50,biochemical_binding,2,2,4.375717904164332,4.375717904164332,4.375717904164332,0.0,0.0
STR-DAA31E2085C9B01F8A70,IC50,biochemical_binding,2,2,7.721246399047171,7.721246399047171,7.721246399047171,0.0,0.0
STR-D69A42D7CD9CD1E56E5E,Ki,biochemical_binding,2,2,7.958607314841775,7.958607314841775,7.958607314841775,0.0,0.0
STR-D8497B8DD5B2F916727A,Ki,biochemical_binding,2,2,6.455931955649724,6.455931955649724,6.455931955649724,0.0,0.0
STR-D8A1A162FE6EB57E5B09,IC50,biochemical_binding,2,2,4.739928612014925,4.739928612014925,4.739928612014925,0.0,0.0
STR-D8C56496AF4C9916F0F3,IC50,biochemical_binding,2,2,7.619788758288394,7.619788758288394,7.619788758288394,0.0,0.0
STR-DA6DE006B635E7B8ABB6,Ki,biochemical_binding,2,2,6.910094888560602,6.910094888560602,6.910094888560602,0.0,0.0
STR-DA939D5F87D225304F92,IC50,biochemical_binding,2,2,7.267606240177031,7.267606240177031,7.267606240177031,0.0,0.0
STR-DA9775B70707A0852196,IC50,biochemical_inhibition,2,2,8.0,8.0,8.0,0.0,0.0
STR-DB0E19CA615A608C5F2D,IC50,biochemical_binding,2,2,5.7447274948966935,5.7447274948966935,5.7447274948966935,0.0,0.0
STR-CD759944F5086C54220F,IC50,biochemical_inhibition,2,2,7.943095148663527,7.943095148663527,7.943095148663527,0.0,0.0
STR-DB5B02FE39EDDB48AD19,IC50,biochemical_binding,2,2,6.882728704344236,6.882728704344236,6.882728704344236,0.0,0.0
STR-DB706C2977DCEE50E09E,IC50,biochemical_binding,2,2,5.7447274948966935,5.7447274948966935,5.7447274948966935,0.0,0.0
STR-DC00BFEB0D64455B5FD8,IC50,biochemical_inhibition,2,2,8.102372908709558,8.102372908709558,8.102372908709558,0.0,0.0
STR-DCA3434F85B70F7DA7D4,IC50,biochemical_binding,2,2,6.357535479757878,6.357535479757878,6.357535479757878,0.0,0.0
STR-DE2EA720A2F505856D97,IC50,biochemical_binding,2,2,7.585026652029182,7.585026652029182,7.585026652029182,0.0,0.0
STR-DF974D42229069135D77,IC50,biochemical_binding,2,2,8.397940008672037,8.397940008672037,8.397940008672037,0.0,0.0
STR-DFE431635A25C35796E2,IC50,biochemical_inhibition,2,2,4.815308569182402,4.815308569182402,4.815308569182402,0.0,0.0
STR-D69A42D7CD9CD1E56E5E,IC50,biochemical_inhibition,2,1,7.443697499232712,7.443697499232712,7.443697499232712,0.0,0.0
STR-D69A42D7CD9CD1E56E5E,IC50,biochemical_binding,2,2,7.443697499232712,7.443697499232712,7.443697499232712,0.0,0.0
STR-D67FE3A87A1AC07DC7FF,Ki,biochemical_binding,2,2,4.935542010773082,4.935542010773082,4.935542010773082,0.0,0.0
STR-D669A219C022A29B5DB1,Ki,biochemical_binding,2,2,6.866461091629782,6.866461091629782,6.866461091629782,0.0,0.0
STR-CE06DD9044CE32F8232C,IC50,biochemical_binding,2,2,4.247951552180561,4.247951552180561,4.247951552180561,0.0,0.0
STR-CE19B64802D772BDF0B1,IC50,biochemical_inhibition,2,2,5.154901959985743,5.154901959985743,5.154901959985743,0.0,0.0
STR-CE7B584631A9BA01C68A,IC50,biochemical_binding,2,2,4.688246138944246,4.688246138944246,4.688246138944246,0.0,0.0
STR-CF723552A81BEA7EC32F,IC50,biochemical_binding,2,2,5.443697499232712,5.443697499232712,5.443697499232712,0.0,0.0
STR-D0AFB81D834FFDF24514,IC50,biochemical_inhibition,2,2,4.698970004336019,4.698970004336019,4.698970004336019,0.0,0.0
STR-D2329F0EB178ECBDC6B6,IC50,biochemical_binding,2,2,6.954677021213342,6.954677021213342,6.954677021213342,0.0,0.0
STR-D31C7512712D5C2245CC,IC50,biochemical_binding,2,2,6.359518563029578,6.359518563029578,6.359518563029578,0.0,0.0
STR-D32B5F55634E895AF4B1,IC50,biochemical_binding,2,2,8.045757490560675,8.045757490560675,8.045757490560675,0.0,0.0
STR-D32C4FE03E32CED2B7FB,IC50,biochemical_binding,2,2,8.0,8.0,8.0,0.0,0.0
STR-D3545E8919D6A24E9EFC,IC50,biochemical_binding,2,2,5.920818753952375,5.920818753952375,5.920818753952375,0.0,0.0
STR-D3A497B4DE3B2E0622F3,IC50,biochemical_binding,2,2,8.096910013008056,8.096910013008056,8.096910013008056,0.0,0.0
STR-D456C0F5B6DBFC7C04B5,IC50,biochemical_binding,2,2,8.045757490560675,8.045757490560675,8.045757490560675,0.0,0.0
STR-D4B228AA42C515EFF74F,IC50,biochemical_binding,2,2,8.698970004336019,8.698970004336019,8.698970004336019,0.0,0.0
STR-D517B4FC121862D9BE6F,IC50,biochemical_binding,2,2,8.522878745280337,8.522878745280337,8.522878745280337,0.0,0.0
STR-D5BB346CA235EBEB0149,IC50,biochemical_binding,2,2,8.397940008672037,8.397940008672037,8.397940008672037,0.0,0.0
STR-904EC5EDA40AA8AB23C1,Ki,biochemical_binding,2,2,8.327902142064282,8.327902142064282,8.327902142064282,0.0,0.0
STR-7A2E8FB7325B12C5539B,IC50,biochemical_binding,2,2,6.2958494831602,6.2958494831602,6.2958494831602,0.0,0.0
STR-8E3630FC0BF9AADB03BC,IC50,biochemical_binding,2,2,5.508638306165727,5.508638306165727,5.508638306165727,0.0,0.0
STR-2FF2DB436296505D61BF,Ki,biochemical_binding,3,3,8.537602002101044,8.537602002101044,8.537602002101044,0.0,0.0
STR-30E7F50211EE28460DBB,IC50,biochemical_binding,2,2,5.920818753952375,5.920818753952375,5.920818753952375,0.0,0.0
STR-3187B729C5A86F22C447,IC50,biochemical_binding,2,2,5.045757490560675,5.045757490560675,5.045757490560675,0.0,0.0
STR-31D21D2CCB9374585486,IC50,biochemical_inhibition,2,2,6.645891560852599,6.645891560852599,6.645891560852599,0.0,0.0
STR-3253D8DC94A1BCB38E8F,IC50,biochemical_binding,2,2,8.154901959985743,8.154901959985743,8.154901959985743,0.0,0.0
STR-3285E2BFD8068CB3A1DB,IC50,biochemical_binding,2,2,4.694648630553377,4.694648630553377,4.694648630553377,0.0,0.0
STR-32FEF1FCB73DC9ADA20D,IC50,biochemical_binding,2,2,8.522878745280337,8.522878745280337,8.522878745280337,0.0,0.0
STR-33470FA3D63C6644B384,IC50,biochemical_binding,2,2,6.087777943467584,6.087777943467584,6.087777943467584,0.0,0.0
STR-338D75E25E61086DDEB0,IC50,biochemical_binding,2,2,5.187086643357144,5.187086643357144,5.187086643357144,0.0,0.0
STR-33EC56FC5D9EE8140CC4,IC50,biochemical_binding,2,2,8.698970004336019,8.698970004336019,8.698970004336019,0.0,0.0
STR-33ECA7BC02C166AF1729,IC50,biochemical_binding,2,2,7.602059991327963,7.602059991327963,7.602059991327963,0.0,0.0
STR-33ECA7BC02C166AF1729,IC50,biochemical_inhibition,2,1,7.602059991327963,7.602059991327963,7.602059991327963,0.0,0.0
STR-33ECA7BC02C166AF1729,Ki,biochemical_binding,2,2,8.154901959985743,8.154901959985743,8.154901959985743,0.0,0.0
STR-34FE1D5BDCFE7B2EB7FE,IC50,biochemical_inhibition,2,2,9.0,9.0,9.0,0.0,0.0
STR-357FF7F1EF112B333FD8,IC50,biochemical_binding,2,2,7.958607314841775,7.958607314841775,7.958607314841775,0.0,0.0
STR-35F6D1EC02194FC314E7,IC50,biochemical_binding,2,2,7.886056647693163,7.886056647693163,7.886056647693163,0.0,0.0
STR-3601397C7850DBE7E578,IC50,biochemical_binding,2,2,7.376750709602099,7.376750709602099,7.376750709602099,0.0,0.0
STR-3635F302F926924A4F69,IC50,biochemical_binding,2,2,4.458420756053419,4.458420756053419,4.458420756053419,0.0,0.0
STR-30D1E5B8E9867EA8DE8A,IC50,biochemical_binding,2,2,6.055024091587953,6.055024091587953,6.055024091587953,0.0,0.0
STR-2E8A075F614E722CE8DF,IC50,biochemical_binding,2,2,7.769551078621726,7.769551078621726,7.769551078621726,0.0,0.0
STR-4719AA5EBF6B16DABB7E,IC50,biochemical_binding,2,2,5.6777807052660805,5.6777807052660805,5.6777807052660805,0.0,0.0
STR-2E19648BD2890AA2BB83,Ki,biochemical_binding,2,2,6.139661993429007,6.139661993429007,6.139661993429007,0.0,0.0
STR-23383202A04EDA946CD9,IC50,biochemical_inhibition,2,2,6.17134010346468,6.17134010346468,6.17134010346468,0.0,0.0
STR-2427F8EACDBEB2183A48,Ki,biochemical_binding,2,2,7.236572006437063,7.236572006437063,7.236572006437063,0.0,0.0
STR-24BA8A5718C0F3749245,IC50,biochemical_binding,2,2,5.207608310501746,5.207608310501746,5.207608310501746,0.0,0.0
STR-24E8A686F24A9B2B9CC8,IC50,biochemical_binding,2,2,6.517126416391246,6.517126416391246,6.517126416391246,0.0,0.0
STR-26DE89331A7438286FB0,IC50,biochemical_binding,2,2,4.954677021213342,4.954677021213342,4.954677021213342,0.0,0.0
STR-27FF42BC0C71603EA440,IC50,biochemical_binding,2,2,5.920818753952375,5.920818753952375,5.920818753952375,0.0,0.0
STR-2849978768635A47ED8E,IC50,biochemical_binding,2,2,7.537602002101044,7.537602002101044,7.537602002101044,0.0,0.0
STR-288DA5D629242E618088,IC50,biochemical_binding,2,2,5.853871964321762,5.853871964321762,5.853871964321762,0.0,0.0
STR-290979066F752EEEF93B,Ki,biochemical_binding,2,2,5.779891911959945,5.779891911959945,5.779891911959945,0.0,0.0
STR-291A8BDD78332CB7AA65,Ki,biochemical_binding,2,2,8.161150909262744,8.161150909262744,8.161150909262744,0.0,0.0
STR-298210A977B1E814E254,IC50,biochemical_binding,2,2,7.920818753952375,7.920818753952375,7.920818753952375,0.0,0.0
STR-2A720D6641F50CDDC420,IC50,biochemical_binding,2,2,5.721246399047171,5.721246399047171,5.721246399047171,0.0,0.0
STR-2AFD93E7E8064B3E49E2,IC50,biochemical_binding,2,2,5.552841968657781,5.552841968657781,5.552841968657781,0.0,0.0
STR-2BD8E1D3643B1EDA4E91,IC50,biochemical_binding,2,2,6.255707016877324,6.255707016877324,6.255707016877324,0.0,0.0
STR-2C3FE5CA1858927467FA,IC50,biochemical_binding,2,2,6.863279432843593,6.863279432843593,6.863279432843593,0.0,0.0
STR-2D6C1263F87FC6A92E1C,IC50,biochemical_binding,2,2,7.920818753952375,7.920818753952375,7.920818753952375,0.0,0.0
STR-2D8843254F92027CB324,Ki,biochemical_binding,2,2,8.903089986991944,8.903089986991944,8.903089986991944,0.0,0.0
STR-36584B3033D9C455D195,IC50,biochemical_binding,2,2,7.1487416512809245,7.1487416512809245,7.1487416512809245,0.0,0.0
STR-36584B3033D9C455D195,IC50,biochemical_inhibition,2,1,7.1487416512809245,7.1487416512809245,7.1487416512809245,0.0,0.0
STR-36584B3033D9C455D195,Ki,biochemical_binding,2,2,7.657577319177793,7.657577319177793,7.657577319177793,0.0,0.0
STR-37683BE8AACC5BF07C17,IC50,biochemical_binding,2,2,5.638272163982407,5.638272163982407,5.638272163982407,0.0,0.0
STR-40B1021373C595DF25D7,IC50,biochemical_binding,2,2,8.154901959985743,8.154901959985743,8.154901959985743,0.0,0.0
STR-40E0E7043CC563C31D2B,IC50,biochemical_binding,2,2,4.609064892896621,4.609064892896621,4.609064892896621,0.0,0.0
STR-40FF751350DD414E6552,IC50,biochemical_binding,2,2,4.943095148663527,4.943095148663527,4.943095148663527,0.0,0.0
STR-42A41E76F0ED1B6A4DCE,IC50,biochemical_inhibition,2,2,6.605548319173783,6.605548319173783,6.605548319173783,0.0,0.0
STR-42FABA990848887F9FDB,IC50,biochemical_binding,2,2,4.991399828238082,4.991399828238082,4.991399828238082,0.0,0.0
STR-4342C90FE7E456F909D0,IC50,biochemical_binding,2,2,6.402304814074488,6.402304814074488,6.402304814074488,0.0,0.0
STR-43E0D8D9D40EE11F8225,IC50,biochemical_inhibition,2,2,8.0,8.0,8.0,0.0,0.0
STR-44CE0BDB9F04043588E8,Ki,biochemical_binding,2,2,4.3788237182249645,4.3788237182249645,4.3788237182249645,0.0,0.0
STR-44D7373FA75606A9FAF6,IC50,biochemical_binding,2,2,5.251811972993799,5.251811972993799,5.251811972993799,0.0,0.0
STR-44F56F5A5BFB18B77986,Ki,biochemical_binding,2,2,5.876148359032914,5.876148359032914,5.876148359032914,0.0,0.0
STR-452401AF18DD4279C7FE,IC50,biochemical_binding,2,2,7.657577319177793,7.657577319177793,7.657577319177793,0.0,0.0
STR-458F60594CF32D1C3B3A,IC50,biochemical_inhibition,2,2,7.045757490560675,7.045757490560675,7.045757490560675,0.0,0.0
STR-45F69269A2FAE7DAA4C0,Ki,biochemical_binding,2,2,6.7055337738384075,6.7055337738384075,6.7055337738384075,0.0,0.0
STR-460559F541337721ECE0,IC50,biochemical_binding,2,2,7.346787486224656,7.346787486224656,7.346787486224656,0.0,0.0
STR-46101F1AC5781BDFFC2C,IC50,biochemical_binding,2,2,7.040958607678906,7.040958607678906,7.040958607678906,0.0,0.0
STR-461FB7619E9127A87F14,IC50,biochemical_binding,2,2,5.886056647693163,5.886056647693163,5.886056647693163,0.0,0.0
STR-469219CCEE1D20BDAA81,IC50,biochemical_binding,2,2,8.397940008672037,8.397940008672037,8.397940008672037,0.0,0.0
STR-40A2759B420CC95C7ED1,IC50,biochemical_binding,2,2,8.045757490560675,8.045757490560675,8.045757490560675,0.0,0.0
STR-3FB33B6320D7624C2E9C,IC50,biochemical_binding,2,2,6.55129368009492,6.55129368009492,6.55129368009492,0.0,0.0
STR-3F81C43E4EB08BB5803F,IC50,biochemical_binding,2,2,7.823908740944319,7.823908740944319,7.823908740944319,0.0,0.0
STR-3A41597854480F3DF1D0,IC50,biochemical_binding,2,2,8.221848749616356,8.221848749616356,8.221848749616356,0.0,0.0
STR-377B42435916FCE77AA8,IC50,biochemical_binding,2,2,8.221848749616356,8.221848749616356,8.221848749616356,0.0,0.0
STR-387792503A9801B32A63,Ki,biochemical_binding,2,2,5.478861916295964,5.478861916295964,5.478861916295964,0.0,0.0
STR-38D78133670C2C6A5AEA,IC50,biochemical_binding,2,2,5.79317412396815,5.79317412396815,5.79317412396815,0.0,0.0
STR-38F6752F49BCD366F11A,IC50,biochemical_binding,2,2,6.347753658996677,6.347753658996677,6.347753658996677,0.0,0.0
STR-39162221D259757C11ED,IC50,biochemical_binding,2,2,8.221848749616356,8.221848749616356,8.221848749616356,0.0,0.0
STR-3941BFA7C86C7BEE8530,IC50,biochemical_binding,2,2,7.853871964321762,7.853871964321762,7.853871964321762,0.0,0.0
STR-39A915FABCDA41B4B311,IC50,biochemical_binding,2,2,6.935542010773082,6.935542010773082,6.935542010773082,0.0,0.0
STR-3A4916332CE912BE72A0,IC50,biochemical_binding,2,2,5.086186147616283,5.086186147616283,5.086186147616283,0.0,0.0
STR-3F04DD1A59C14A2DDA4B,IC50,biochemical_binding,2,2,4.200659450546418,4.200659450546418,4.200659450546418,0.0,0.0
STR-3A6736117BA7E1895B14,IC50,biochemical_binding,2,2,8.397940008672037,8.397940008672037,8.397940008672037,0.0,0.0
STR-3B92CACCAFD90E1C78D4,IC50,biochemical_inhibition,2,2,5.769551078621726,5.769551078621726,5.769551078621726,0.0,0.0
STR-3BF33E326381C0E9FE99,IC50,biochemical_inhibition,2,2,4.494850021680094,4.494850021680094,4.494850021680094,0.0,0.0
STR-3C2AFF1CBD7C991356B5,IC50,biochemical_inhibition,2,2,6.853871964321762,6.853871964321762,6.853871964321762,0.0,0.0
STR-3CD476A8641FC18ED0B6,IC50,biochemical_inhibition,2,2,5.200659450546418,5.200659450546418,5.200659450546418,0.0,0.0
STR-3D134EE83844240DFBF0,IC50,biochemical_binding,2,2,5.721246399047171,5.721246399047171,5.721246399047171,0.0,0.0
STR-3DF232D656AC9EFDA4D4,IC50,biochemical_binding,2,2,6.071092309756047,6.071092309756047,6.071092309756047,0.0,0.0
STR-229990C98B9D4B27D490,IC50,biochemical_binding,2,2,5.337242168318426,5.337242168318426,5.337242168318426,0.0,0.0
STR-222AAD6024ECA7B1116F,IC50,biochemical_binding,2,2,7.050609993355087,7.050609993355087,7.050609993355087,0.0,0.0
STR-220071760E88DA3EF61F,IC50,biochemical_inhibition,2,2,4.698970004336019,4.698970004336019,4.698970004336019,0.0,0.0
STR-0FC172F4903F344CAD3C,Ki,biochemical_binding,2,2,7.67778070526608,7.67778070526608,7.67778070526608,0.0,0.0
STR-094C702ADD088489F553,Ki,biochemical_binding,2,2,5.886056647693163,5.886056647693163,5.886056647693163,0.0,0.0
STR-09808CFD40E7489BA72B,IC50,biochemical_binding,2,2,7.853871964321762,7.853871964321762,7.853871964321762,0.0,0.0
STR-09E54D8A9B952AC86D2A,IC50,biochemical_binding,2,2,8.221848749616356,8.221848749616356,8.221848749616356,0.0,0.0
STR-09F928DB426380AF84D4,IC50,biochemical_inhibition,2,2,6.108462542327436,6.108462542327436,6.108462542327436,0.0,0.0
STR-0A56438F09B3E75AAE8B,Kd,biochemical_binding,3,3,6.801342913045577,6.801342913045577,6.801342913045577,0.0,0.0
STR-0AF48A7398AE4A10DB6D,IC50,biochemical_binding,2,2,8.698970004336019,8.698970004336019,8.698970004336019,0.0,0.0
STR-0B18427EF6CEB8CC075B,IC50,biochemical_binding,2,2,8.397940008672037,8.397940008672037,8.397940008672037,0.0,0.0
STR-0B3BEA2BCB592D1DDA40,IC50,biochemical_binding,2,2,6.906578314837764,6.906578314837764,6.906578314837764,0.0,0.0
STR-0B5E0ED39466F3487654,Ki,biochemical_binding,3,3,7.096910013008056,7.096910013008056,7.096910013008056,0.0,0.0
STR-0BCBBE5537E8A8D227ED,IC50,biochemical_inhibition,2,2,4.920818753952375,4.920818753952375,4.920818753952375,0.0,0.0
STR-0C1A3C79DDA24756CB7A,IC50,biochemical_binding,2,2,7.853871964321762,7.853871964321762,7.853871964321762,0.0,0.0
STR-0C77A21AB4DE90C1EA09,IC50,biochemical_binding,2,2,5.42021640338319,5.42021640338319,5.42021640338319,0.0,0.0
STR-0D3B5781158FDA010959,IC50,biochemical_inhibition,2,2,3.5301779840218366,3.5301779840218366,3.5301779840218366,0.0,0.0
STR-0EB8573BEAC1C0A492BB,IC50,biochemical_binding,2,2,5.585026652029182,5.585026652029182,5.585026652029182,0.0,0.0
STR-0EB9DFE3F3CFA3016388,IC50,biochemical_binding,2,2,7.920818753952375,7.920818753952375,7.920818753952375,0.0,0.0
STR-0F9EB3D0BA8F609CF473,IC50,biochemical_binding,2,2,8.045757490560675,8.045757490560675,8.045757490560675,0.0,0.0
STR-0FC172F4903F344CAD3C,IC50,biochemical_binding,2,2,7.173925197299173,7.173925197299173,7.173925197299173,0.0,0.0
STR-09276AA2563E2F930001,IC50,biochemical_binding,2,2,6.53313237964589,6.53313237964589,6.53313237964589,0.0,0.0
STR-08A590BAA6ADDB004EDA,IC50,biochemical_binding,2,2,5.161150909262744,5.161150909262744,5.161150909262744,0.0,0.0
STR-080A59F9B1BCF4DFA65B,IC50,biochemical_binding,2,2,6.302770657240282,6.302770657240282,6.302770657240282,0.0,0.0
STR-062343CE45A5FA8286D4,Kd,biochemical_binding,2,2,8.0,8.0,8.0,0.0,0.0
STR-02403E375D780F15C68E,IC50,biochemical_binding,2,2,6.7594507517174005,6.7594507517174005,6.7594507517174005,0.0,0.0
STR-025D3FCF7FCF0D4F8D78,IC50,biochemical_binding,2,2,6.110138278741811,6.110138278741811,6.110138278741811,0.0,0.0
STR-02EB512B892EF622930F,IC50,biochemical_binding,2,2,7.552841968657781,7.552841968657781,7.552841968657781,0.0,0.0
STR-03A6B3C8922F75633A24,IC50,biochemical_inhibition,2,2,8.0,8.0,8.0,0.0,0.0
STR-0449028356C19D0EDA3B,IC50,biochemical_binding,2,2,7.346787486224656,7.346787486224656,7.346787486224656,0.0,0.0
STR-04F547F3C923840AF4FD,IC50,biochemical_inhibition,2,2,8.0,8.0,8.0,0.0,0.0
STR-052D31B0B659EBB9473E,Ki,biochemical_binding,2,2,8.903089986991944,8.903089986991944,8.903089986991944,0.0,0.0
STR-06E53FF33324D9B1A44A,IC50,biochemical_binding,2,2,7.698970004336019,7.698970004336019,7.698970004336019,0.0,0.0
STR-07E4D9678C4B52D2093A,IC50,biochemical_binding,2,2,7.795880017344075,7.795880017344075,7.795880017344075,0.0,0.0
STR-070A2DB3A5A9041ED5EA,IC50,biochemical_binding,2,2,8.397940008672037,8.397940008672037,8.397940008672037,0.0,0.0
STR-072FE59E687806FA7B3E,IC50,biochemical_inhibition,4,2,5.920818753952375,5.920818753952375,5.920818753952375,0.0,0.0
STR-073AD85CF5EE1E9C87AB,IC50,biochemical_binding,2,2,8.221848749616356,8.221848749616356,8.221848749616356,0.0,0.0
STR-073AD85CF5EE1E9C87AB,IC50,biochemical_inhibition,2,1,8.221848749616356,8.221848749616356,8.221848749616356,0.0,0.0
STR-073AD85CF5EE1E9C87AB,Ki,biochemical_binding,2,2,9.0,9.0,9.0,0.0,0.0
STR-07CEA1A415CFED11C760,IC50,biochemical_inhibition,2,2,6.568636235841012,6.568636235841012,6.568636235841012,0.0,0.0
STR-07CEA1A415CFED11C760,Kd,biochemical_binding,3,3,6.54515513999149,6.54515513999149,6.54515513999149,0.0,0.0
STR-0FC172F4903F344CAD3C,IC50,biochemical_inhibition,2,1,7.173925197299173,7.173925197299173,7.173925197299173,0.0,0.0
STR-10E9D8E15102F968C01B,IC50,biochemical_binding,2,2,8.154901959985743,8.154901959985743,8.154901959985743,0.0,0.0
STR-21E735B2891431212E1A,IC50,biochemical_binding,2,2,7.823908740944319,7.823908740944319,7.823908740944319,0.0,0.0
STR-119E78597F506F0B6C75,IC50,biochemical_binding,2,2,5.017728766960431,5.017728766960431,5.017728766960431,0.0,0.0
STR-1CBACEED34B9A4B3A117,IC50,biochemical_binding,2,2,7.552841968657781,7.552841968657781,7.552841968657781,0.0,0.0
STR-1D682839606D037B2843,IC50,biochemical_binding,2,2,5.6777807052660805,5.6777807052660805,5.6777807052660805,0.0,0.0
STR-1DF62CB592FCCE0FC1BB,IC50,biochemical_binding,2,2,5.309803919971486,5.309803919971486,5.309803919971486,0.0,0.0
STR-1E16751A99CB4CD1A2D3,IC50,biochemical_binding,2,2,7.602059991327963,7.602059991327963,7.602059991327963,0.0,0.0
STR-1E16751A99CB4CD1A2D3,IC50,biochemical_inhibition,2,1,7.602059991327963,7.602059991327963,7.602059991327963,0.0,0.0
STR-1E16751A99CB4CD1A2D3,Ki,biochemical_binding,2,2,8.154901959985743,8.154901959985743,8.154901959985743,0.0,0.0
STR-1E41EA89AAF9C5AE998F,IC50,biochemical_binding,2,2,8.154901959985743,8.154901959985743,8.154901959985743,0.0,0.0
STR-1E41EA89AAF9C5AE998F,IC50,biochemical_inhibition,2,1,8.154901959985743,8.154901959985743,8.154901959985743,0.0,0.0
STR-1E41EA89AAF9C5AE998F,Ki,biochemical_binding,2,2,8.853871964321762,8.853871964321762,8.853871964321762,0.0,0.0
STR-1E9D02C95D733A0CE623,IC50,biochemical_binding,2,2,6.795880017344075,6.795880017344075,6.795880017344075,0.0,0.0
STR-1ED81EB6526D0C332327,Ki,biochemical_binding,2,2,5.259637310505756,5.259637310505756,5.259637310505756,0.0,0.0
STR-1F9028E2DF2F03204766,IC50,biochemical_binding,2,2,5.327902142064282,5.327902142064282,5.327902142064282,0.0,0.0
STR-20D5B5F6CCFE315C6A44,IC50,biochemical_binding,2,2,5.055517327849831,5.055517327849831,5.055517327849831,0.0,0.0
STR-21023797F115C4D325D4,IC50,biochemical_binding,2,2,6.96657624451305,6.96657624451305,6.96657624451305,0.0,0.0
STR-213F84F38B4A2B9413E0,Ki,biochemical_binding,2,2,8.337242168318426,8.337242168318426,8.337242168318426,0.0,0.0
STR-2159345A857E58155448,IC50,biochemical_binding,2,2,8.301029995663981,8.301029995663981,8.301029995663981,0.0,0.0
STR-21AE2CAF6E5125C8BCF4,IC50,biochemical_binding,2,2,7.537602002101044,7.537602002101044,7.537602002101044,0.0,0.0
STR-1C195E0EFD40C42EDEE4,IC50,biochemical_binding,2,2,5.769551078621726,5.769551078621726,5.769551078621726,0.0,0.0
STR-1A02A52BF860C4D25F9A,IC50,biochemical_binding,2,2,8.0,8.0,8.0,0.0,0.0
STR-19873DB44217FEBF78AF,IC50,biochemical_binding,2,2,8.301029995663981,8.301029995663981,8.301029995663981,0.0,0.0
STR-147A63755BE965C495DD,Kd,biochemical_binding,3,3,8.853871964321762,8.853871964321762,8.853871964321762,0.0,0.0
STR-1223C39CACA1FF24271A,IC50,biochemical_inhibition,2,2,8.0,8.0,8.0,0.0,0.0
STR-1336D74CEEF07820B1AB,IC50,biochemical_binding,2,2,8.698970004336019,8.698970004336019,8.698970004336019,0.0,0.0
STR-13418EBC6BF2EEA6DE7C,Ki,biochemical_binding,2,2,4.5934598195660445,4.5934598195660445,4.5934598195660445,0.0,0.0
STR-135D463A1137C39C5816,Ki,biochemical_binding,2,2,6.017728766960431,6.017728766960431,6.017728766960431,0.0,0.0
STR-13602A865FEABB9329F4,Ki,biochemical_binding,2,2,5.769551078621726,5.769551078621726,5.769551078621726,0.0,0.0
STR-1380FDB405A07D2654DB,IC50,biochemical_binding,2,2,7.167491087293763,7.167491087293763,7.167491087293763,0.0,0.0
STR-142DC3F04BDF2ABC0F0A,IC50,biochemical_binding,2,2,8.096910013008056,8.096910013008056,8.096910013008056,0.0,0.0
STR-14DBFF17DA73564FE5B6,IC50,biochemical_inhibition,2,2,5.853871964321762,5.853871964321762,5.853871964321762,0.0,0.0
STR-18A0CA3C76D3D31427DE,IC50,biochemical_binding,2,2,5.292429823902063,5.292429823902063,5.292429823902063,0.0,0.0
STR-15A2DC000277D973D434,IC50,biochemical_binding,2,2,5.031517051446064,5.031517051446064,5.031517051446064,0.0,0.0
STR-15B6710D6EF043E829A9,Ki,biochemical_binding,2,2,6.507239610973162,6.507239610973162,6.507239610973162,0.0,0.0
STR-16763AE4A1795B0B0B2B,IC50,biochemical_binding,2,2,4.30189945437661,4.30189945437661,4.30189945437661,0.0,0.0
STR-167FDC1C0AAEBA52FF5F,IC50,biochemical_inhibition,2,2,3.688246138944246,3.688246138944246,3.688246138944246,0.0,0.0
STR-1764644935E711FBFE13,IC50,biochemical_binding,2,2,8.154901959985743,8.154901959985743,8.154901959985743,0.0,0.0
STR-1820741093C58A025EB7,IC50,biochemical_binding,2,2,5.187086643357144,5.187086643357144,5.187086643357144,0.0,0.0
STR-18936FD320AF3538594A,IC50,biochemical_binding,2,2,7.958607314841775,7.958607314841775,7.958607314841775,0.0,0.0
STR-4710DC80E0B9C6B4C724,IC50,biochemical_binding,2,2,4.142667503568732,4.142667503568732,4.142667503568732,0.0,0.0
STR-475A4C171E8E399D77F0,IC50,biochemical_inhibition,2,2,6.464705879957229,6.464705879957229,6.464705879957229,0.0,0.0
STR-8DC5EC4D0143F4C7CD6A,IC50,biochemical_binding,2,2,7.552841968657781,7.552841968657781,7.552841968657781,0.0,0.0
STR-73C51163FC18BDBC72DE,IC50,biochemical_binding,2,2,7.795880017344075,7.795880017344075,7.795880017344075,0.0,0.0
STR-74748864A5B42BEF5513,Kd,biochemical_binding,2,2,5.853871964321762,5.853871964321762,5.853871964321762,0.0,0.0
STR-74AB0C5D40C92C89D385,Ki,biochemical_binding,2,2,5.214670164989233,5.214670164989233,5.214670164989233,0.0,0.0
STR-751B5DB988139837BDDA,IC50,biochemical_inhibition,2,2,4.3979400086720375,4.3979400086720375,4.3979400086720375,0.0,0.0
STR-7574D071910577A50816,IC50,biochemical_binding,2,2,8.096910013008056,8.096910013008056,8.096910013008056,0.0,0.0
STR-768449AFD0A1BD14A41D,IC50,biochemical_binding,2,2,8.522878745280337,8.522878745280337,8.522878745280337,0.0,0.0
STR-76F421993337A53D2B7F,IC50,biochemical_inhibition,2,2,7.698970004336019,7.698970004336019,7.698970004336019,0.0,0.0
STR-771E4A4135C686845F23,IC50,biochemical_binding,2,2,8.301029995663981,8.301029995663981,8.301029995663981,0.0,0.0
STR-784BC5DAE6A780CB93EC,IC50,biochemical_binding,2,2,4.221848749616356,4.221848749616356,4.221848749616356,0.0,0.0
STR-78872E7698A00B065699,IC50,biochemical_binding,2,2,8.522878745280337,8.522878745280337,8.522878745280337,0.0,0.0
STR-78D6D64DD53A6832B414,IC50,biochemical_binding,2,2,7.214670164989233,7.214670164989233,7.214670164989233,0.0,0.0
STR-78E8321E984DFAA6EEF2,IC50,biochemical_binding,2,2,4.6252516539898965,4.6252516539898965,4.6252516539898965,0.0,0.0
STR-79AE077C5280C92A481E,IC50,biochemical_binding,2,2,4.58838029403677,4.58838029403677,4.58838029403677,0.0,0.0
STR-79D75B6A88F0457FA1C2,IC50,biochemical_binding,2,2,8.0,8.0,8.0,0.0,0.0
STR-00A1D39E2CC2B5C8F906,IC50,biochemical_binding,2,2,5.481486060122112,5.481486060122112,5.481486060122112,0.0,0.0
STR-7A321275AB46AC4BC765,IC50,biochemical_binding,2,2,8.698970004336019,8.698970004336019,8.698970004336019,0.0,0.0
STR-7A6579C0FCDE81940F28,IC50,biochemical_binding,2,2,4.97061622231479,4.97061622231479,4.97061622231479,0.0,0.0
STR-7A884766D31A90BA2425,IC50,biochemical_binding,2,2,6.779891911959945,6.779891911959945,6.779891911959945,0.0,0.0
STR-73D39D8A425861DCE560,IC50,biochemical_binding,2,2,5.6777807052660805,5.6777807052660805,5.6777807052660805,0.0,0.0
STR-731E86363BD706E32221,IC50,biochemical_binding,2,2,4.485452247339714,4.485452247339714,4.485452247339714,0.0,0.0
STR-47846D608185053052FC,IC50,biochemical_binding,2,2,4.441291429466834,4.441291429466834,4.441291429466834,0.0,0.0
STR-71AB200EF619F4685513,Ki,biochemical_binding,2,2,7.173925197299173,7.173925197299173,7.173925197299173,0.0,0.0
STR-6B28BBE0B01A6E185ED9,IC50,biochemical_binding,2,2,7.136677139879544,7.136677139879544,7.136677139879544,0.0,0.0
STR-6B610F98DBC51ED4955E,IC50,biochemical_binding,2,2,4.552841968657781,4.552841968657781,4.552841968657781,0.0,0.0
STR-6B969286E24A749E8280,IC50,biochemical_binding,2,2,8.045757490560675,8.045757490560675,8.045757490560675,0.0,0.0
STR-6BBFA0A16AEB8910C337,Ki,biochemical_binding,2,2,4.853871964321762,4.853871964321762,4.853871964321762,0.0,0.0
STR-6C29AB696561B060F66D,IC50,biochemical_inhibition,2,2,5.060480747381382,5.060480747381382,5.060480747381382,0.0,0.0
STR-6C4B7845EEA627B51A73,IC50,biochemical_binding,2,2,5.013228265733755,5.013228265733755,5.013228265733755,0.0,0.0
STR-6C6AF265A6F8A1F38DBC,IC50,biochemical_binding,2,2,7.67778070526608,7.67778070526608,7.67778070526608,0.0,0.0
STR-6CA56A9373037E1AABA1,IC50,biochemical_binding,2,2,5.6020599913279625,5.6020599913279625,5.6020599913279625,0.0,0.0
STR-6F0B243CDCAB8EEB6068,IC50,biochemical_binding,2,2,7.1249387366083,7.1249387366083,7.1249387366083,0.0,0.0
STR-6F1C926A5BCCC888A7D5,Ki,biochemical_binding,2,2,5.309803919971486,5.309803919971486,5.309803919971486,0.0,0.0
STR-6F61DD7B53632CC333BC,IC50,biochemical_binding,2,2,5.292429823902063,5.292429823902063,5.292429823902063,0.0,0.0
STR-6F8F59E84BD75C74A25C,IC50,biochemical_binding,2,2,8.522878745280337,8.522878745280337,8.522878745280337,0.0,0.0
STR-6FE1A42FCCA9C735ED36,IC50,biochemical_binding,2,2,8.221848749616356,8.221848749616356,8.221848749616356,0.0,0.0
STR-70C7272DAD1CFA014D53,IC50,biochemical_inhibition,2,2,8.154901959985743,8.154901959985743,8.154901959985743,0.0,0.0
STR-71838C80D2086E8D3D84,IC50,biochemical_binding,2,2,6.095825631715837,6.095825631715837,6.095825631715837,0.0,0.0
STR-718AB1E455060CA519A1,Ki,biochemical_binding,2,2,8.2518119729938,8.2518119729938,8.2518119729938,0.0,0.0
STR-71A064EE3032A8ED24DA,IC50,biochemical_binding,2,2,4.530177984021837,4.530177984021837,4.530177984021837,0.0,0.0
STR-7AD026FDCE816FE46C2A,IC50,biochemical_binding,2,2,5.958607314841775,5.958607314841775,5.958607314841775,0.0,0.0
STR-7B4D282245C89175BEA3,IC50,biochemical_binding,2,2,8.045757490560675,8.045757490560675,8.045757490560675,0.0,0.0
STR-7B5EB163620F94C0875D,IC50,biochemical_binding,2,2,6.096910013008056,6.096910013008056,6.096910013008056,0.0,0.0
STR-7C604423619052A15AC8,IC50,biochemical_binding,2,2,8.154901959985743,8.154901959985743,8.154901959985743,0.0,0.0
STR-85AF727985BBEB438A71,IC50,biochemical_binding,2,2,7.522878745280337,7.522878745280337,7.522878745280337,0.0,0.0
STR-85CC09FA46180DEFBF79,IC50,biochemical_binding,2,2,7.886056647693163,7.886056647693163,7.886056647693163,0.0,0.0
STR-86D1B692A1E09C06CB18,IC50,biochemical_binding,2,2,7.508638306165727,7.508638306165727,7.508638306165727,0.0,0.0
STR-86DE9B893F458A7FEC98,IC50,biochemical_binding,2,2,5.42021640338319,5.42021640338319,5.42021640338319,0.0,0.0
STR-87B669664B96EE395F24,IC50,biochemical_inhibition,2,2,6.187086643357144,6.187086643357144,6.187086643357144,0.0,0.0
STR-87D12F3BEF86165DEC76,IC50,biochemical_binding,2,2,7.920818753952375,7.920818753952375,7.920818753952375,0.0,0.0
STR-882FF6702A9046F460CB,IC50,biochemical_binding,2,2,8.397940008672037,8.397940008672037,8.397940008672037,0.0,0.0
STR-8830179145BCE29EA1AE,IC50,biochemical_inhibition,2,2,7.958607314841775,7.958607314841775,7.958607314841775,0.0,0.0
STR-88BBF77299762B038C6D,IC50,biochemical_binding,2,2,6.625251653989896,6.625251653989896,6.625251653989896,0.0,0.0
STR-890705A7B622D31C3086,IC50,biochemical_binding,2,2,5.2441251443275085,5.2441251443275085,5.2441251443275085,0.0,0.0
STR-8A794CDE3E0D8F1C731C,IC50,biochemical_binding,2,2,8.301029995663981,8.301029995663981,8.301029995663981,0.0,0.0
STR-8A96AEE3549DB26F33DD,IC50,biochemical_binding,2,2,7.795880017344075,7.795880017344075,7.795880017344075,0.0,0.0
STR-8BAA965F9B38F093E239,IC50,biochemical_binding,2,2,4.716698771296451,4.716698771296451,4.716698771296451,0.0,0.0
STR-8C455D8899B5E9DDDDFA,IC50,biochemical_inhibition,2,2,4.892790030352131,4.892790030352131,4.892790030352131,0.0,0.0
STR-8D154D34949338668AD9,IC50,biochemical_binding,2,2,7.259637310505756,7.259637310505756,7.259637310505756,0.0,0.0
STR-8D3A795E5B813D3BE51E,IC50,biochemical_binding,2,2,5.698970004336019,5.698970004336019,5.698970004336019,0.0,0.0
STR-8DB0AD5CDFB534F0A1FD,IC50,biochemical_binding,2,2,4.3223930472795065,4.3223930472795065,4.3223930472795065,0.0,0.0
STR-852CFBD6CFCE9E722768,IC50,biochemical_binding,2,2,6.991399828238082,6.991399828238082,6.991399828238082,0.0,0.0
STR-84B9176A329FC508D11B,IC50,biochemical_binding,2,2,4.632644078973981,4.632644078973981,4.632644078973981,0.0,0.0
STR-84B6FE8D37C3E3C10CC6,IC50,biochemical_binding,2,2,7.958607314841775,7.958607314841775,7.958607314841775,0.0,0.0
STR-80D8AF5705E26175735B,IC50,biochemical_inhibition,2,2,7.5638373529592435,7.5638373529592435,7.5638373529592435,0.0,0.0
STR-7D0031746A963BBE8268,Ki,biochemical_binding,2,2,6.478861916295964,6.478861916295964,6.478861916295964,0.0,0.0
STR-7EBB82C6BCAEFA5254DA,IC50,biochemical_binding,2,2,5.327902142064282,5.327902142064282,5.327902142064282,0.0,0.0
STR-7F0EE35F1AAF9EE0E75E,IC50,biochemical_binding,2,2,6.0835460514500745,6.0835460514500745,6.0835460514500745,0.0,0.0
STR-7F50B57FFABE6350EAF5,IC50,biochemical_inhibition,2,2,7.0915149811213505,7.0915149811213505,7.0915149811213505,0.0,0.0
STR-801FAB4C61D8E9427A35,IC50,biochemical_inhibition,2,2,8.207608310501746,8.207608310501746,8.207608310501746,0.0,0.0
STR-8053B83BB63EAAF32F61,IC50,biochemical_inhibition,2,2,8.387216143280265,8.387216143280265,8.387216143280265,0.0,0.0
STR-80B7C819E96F09B4FE2E,IC50,biochemical_binding,2,2,4.424812155072339,4.424812155072339,4.424812155072339,0.0,0.0
STR-8131638FF64AE92C8993,IC50,biochemical_binding,2,2,5.055517327849831,5.055517327849831,5.055517327849831,0.0,0.0
STR-8489F1880C87E198BEDA,IC50,biochemical_inhibition,2,2,8.207608310501746,8.207608310501746,8.207608310501746,0.0,0.0
STR-826ACF8B9EB407EBF5F3,IC50,biochemical_binding,2,2,4.661543506395395,4.661543506395395,4.661543506395395,0.0,0.0
STR-8271C886AE561654AC45,IC50,biochemical_binding,2,2,4.634512015109101,4.634512015109101,4.634512015109101,0.0,0.0
STR-829AE7B5DD995022C5B7,Kd,biochemical_binding,2,2,7.619788758288394,7.619788758288394,7.619788758288394,0.0,0.0
STR-82C71875AD45FB58A735,IC50,biochemical_inhibition,2,2,6.616184634019569,6.616184634019569,6.616184634019569,0.0,0.0
STR-840734C0880BD661CE77,IC50,biochemical_inhibition,2,2,5.619788758288394,5.619788758288394,5.619788758288394,0.0,0.0
STR-841FC2EFD5AAF36FB504,Ki,biochemical_binding,2,2,7.568636235841012,7.568636235841012,7.568636235841012,0.0,0.0
STR-843DDF86851FBE55E4F0,IC50,biochemical_binding,2,2,8.301029995663981,8.301029995663981,8.301029995663981,0.0,0.0
STR-6B0BEC7CA952AA3F373C,Ki,biochemical_binding,2,2,6.684029654543082,6.684029654543082,6.684029654543082,0.0,0.0
STR-6A535B2D5967814ADC06,IC50,biochemical_binding,2,2,4.0,4.0,4.0,0.0,0.0
STR-69B6B26B9F45D1509A0C,IC50,biochemical_binding,2,2,5.619788758288394,5.619788758288394,5.619788758288394,0.0,0.0
STR-571CCDCD3D693D6D5618,IC50,biochemical_binding,2,2,8.154901959985743,8.154901959985743,8.154901959985743,0.0,0.0
STR-4F7AB474CDF6E554BFA4,IC50,biochemical_binding,2,2,8.0,8.0,8.0,0.0,0.0
STR-50194E6CF0AF9E3900D0,IC50,biochemical_binding,2,2,5.657577319177793,5.657577319177793,5.657577319177793,0.0,0.0
STR-506A8FF202D4B27FF220,IC50,biochemical_binding,2,2,7.301029995663981,7.301029995663981,7.301029995663981,0.0,0.0
STR-5087F394BDB8250241D9,IC50,biochemical_inhibition,2,2,6.197226274708024,6.197226274708024,6.197226274708024,0.0,0.0
STR-514E377E1ED7B27533EB,IC50,biochemical_inhibition,2,2,7.698970004336019,7.698970004336019,7.698970004336019,0.0,0.0
STR-5292CC2045CB1C1E8EBD,IC50,biochemical_inhibition,2,2,6.4089353929735005,6.4089353929735005,6.4089353929735005,0.0,0.0
STR-52D01EFC583EB20C9B2A,IC50,biochemical_binding,2,2,7.229147988357855,7.229147988357855,7.229147988357855,0.0,0.0
STR-5324B66A4DD700AAE4E7,IC50,biochemical_binding,2,2,5.958607314841775,5.958607314841775,5.958607314841775,0.0,0.0
STR-53AEACA9E792A76EA570,IC50,biochemical_binding,2,2,6.950781977329818,6.950781977329818,6.950781977329818,0.0,0.0
STR-5470E2C155BCDC752B33,IC50,biochemical_binding,2,2,6.769551078621726,6.769551078621726,6.769551078621726,0.0,0.0
STR-5472A1D1C6965F08A7DA,IC50,biochemical_binding,2,2,5.522878745280337,5.522878745280337,5.522878745280337,0.0,0.0
STR-547D0767F033066A0D80,Ki,biochemical_binding,2,2,6.442492798094342,6.442492798094342,6.442492798094342,0.0,0.0
STR-54ED728D29C775C2EEED,IC50,biochemical_binding,2,2,4.841637507904751,4.841637507904751,4.841637507904751,0.0,0.0
STR-54F1327250956FC1E73B,IC50,biochemical_binding,2,2,4.123205023799299,4.123205023799299,4.123205023799299,0.0,0.0
STR-551B85BEC657362DBF0B,IC50,biochemical_binding,2,2,5.42021640338319,5.42021640338319,5.42021640338319,0.0,0.0
STR-55608317294F39D42FCE,IC50,biochemical_binding,2,2,6.655607726314889,6.655607726314889,6.655607726314889,0.0,0.0
STR-55DFB8550CA6D0317DA0,Ki,biochemical_binding,2,2,8.167491087293763,8.167491087293763,8.167491087293763,0.0,0.0
STR-4F74C84E1F856F025432,IC50,biochemical_binding,2,2,6.20551195334083,6.20551195334083,6.20551195334083,0.0,0.0
STR-4F1EEBE285BDFD4F35AF,Ki,biochemical_binding,2,2,8.698970004336019,8.698970004336019,8.698970004336019,0.0,0.0
STR-4F1EEBE285BDFD4F35AF,IC50,biochemical_inhibition,2,1,8.045757490560675,8.045757490560675,8.045757490560675,0.0,0.0
STR-4ACD6DB0066464DC0230,IC50,biochemical_inhibition,2,2,5.3979400086720375,5.3979400086720375,5.3979400086720375,0.0,0.0
STR-478CD9F8B251C1F54424,IC50,biochemical_binding,2,2,4.531652669587842,4.531652669587842,4.531652669587842,0.0,0.0
STR-4866DF3FD3D34FBFE093,IC50,biochemical_binding,2,2,5.327902142064282,5.327902142064282,5.327902142064282,0.0,0.0
STR-489F6A3FCA46D9527C55,IC50,biochemical_binding,2,2,7.958607314841775,7.958607314841775,7.958607314841775,0.0,0.0
STR-48DDA5B7C2274932D806,IC50,biochemical_inhibition,2,2,6.872895201635192,6.872895201635192,6.872895201635192,0.0,0.0
STR-4942B912C9C5FBB61901,IC50,biochemical_binding,2,2,5.2441251443275085,5.2441251443275085,5.2441251443275085,0.0,0.0
STR-495577E2F7FD7CFA736E,Ki,biochemical_binding,2,2,8.903089986991944,8.903089986991944,8.903089986991944,0.0,0.0
STR-4963BC6466091AE476AA,IC50,biochemical_binding,2,2,7.187086643357144,7.187086643357144,7.187086643357144,0.0,0.0
STR-4B176E4EC0D4BE59BE40,IC50,biochemical_binding,2,2,4.1487416512809245,4.1487416512809245,4.1487416512809245,0.0,0.0
STR-4F1EEBE285BDFD4F35AF,IC50,biochemical_binding,2,2,8.045757490560675,8.045757490560675,8.045757490560675,0.0,0.0
STR-4B7E6200574F432256B4,IC50,biochemical_binding,2,2,6.380906669373257,6.380906669373257,6.380906669373257,0.0,0.0
STR-4C0B23EB03D4979A79B0,IC50,biochemical_binding,2,2,6.583359492661719,6.583359492661719,6.583359492661719,0.0,0.0
STR-4C19F00ABA775539C82E,IC50,biochemical_binding,2,2,4.448550002027125,4.448550002027125,4.448550002027125,0.0,0.0
STR-4C43BCDB33EE423B9ECC,IC50,biochemical_binding,2,2,5.443697499232712,5.443697499232712,5.443697499232712,0.0,0.0
STR-4DD88D5839EF83BB667C,IC50,biochemical_inhibition,2,2,8.397940008672037,8.397940008672037,8.397940008672037,0.0,0.0
STR-4E0D965820718397652B,IC50,biochemical_binding,2,2,6.342944147142896,6.342944147142896,6.342944147142896,0.0,0.0
STR-4ED5D5CE4BFD95B4D0C2,IC50,biochemical_binding,2,2,8.522878745280337,8.522878745280337,8.522878745280337,0.0,0.0
STR-56E19E91840D3A01B6A3,IC50,biochemical_binding,2,2,7.522878745280337,7.522878745280337,7.522878745280337,0.0,0.0
STR-5757A82E1BB3E6BCC920,IC50,biochemical_binding,2,2,6.480172006224281,6.480172006224281,6.480172006224281,0.0,0.0
STR-695C2B9D19FE30A6368D,IC50,biochemical_binding,2,2,4.335358024443875,4.335358024443875,4.335358024443875,0.0,0.0
STR-5809FBCCA5EEA2161D90,IC50,biochemical_binding,2,2,8.698970004336019,8.698970004336019,8.698970004336019,0.0,0.0
STR-5FD5B7D1231F811AD204,Ki,biochemical_binding,2,2,8.903089986991944,8.903089986991944,8.903089986991944,0.0,0.0
STR-604BE22F0CAC884F2D40,IC50,biochemical_binding,2,2,4.721246399047171,4.721246399047171,4.721246399047171,0.0,0.0
STR-607EE12240E722EC08AE,Ki,biochemical_binding,2,2,7.494850021680094,7.494850021680094,7.494850021680094,0.0,0.0
STR-60B002C5D9DEC34E0C3B,IC50,biochemical_binding,2,2,6.040958607678906,6.040958607678906,6.040958607678906,0.0,0.0
STR-624DE6171936672A9284,Ki,biochemical_binding,2,2,7.920818753952375,7.920818753952375,7.920818753952375,0.0,0.0
STR-625E175938C0BA620C7A,IC50,biochemical_binding,2,2,4.301029995663981,4.301029995663981,4.301029995663981,0.0,0.0
STR-62B57AB9305786A0B7AA,IC50,biochemical_binding,2,2,6.913640169325252,6.913640169325252,6.913640169325252,0.0,0.0
STR-62D85176F37CC4A95D7C,IC50,biochemical_binding,2,2,6.7423214251308154,6.7423214251308154,6.7423214251308154,0.0,0.0
STR-633580C0DD9263988A9F,IC50,biochemical_binding,2,2,7.055517327849831,7.055517327849831,7.055517327849831,0.0,0.0
STR-636585A8759358E2930D,IC50,biochemical_binding,2,2,8.154901959985743,8.154901959985743,8.154901959985743,0.0,0.0
STR-63AC2E75E76C1C641161,IC50,biochemical_binding,2,2,5.004364805402449,5.004364805402449,5.004364805402449,0.0,0.0
STR-64416BC7F3D621D83B3A,IC50,biochemical_binding,2,2,4.82102305270683,4.82102305270683,4.82102305270683,0.0,0.0
STR-64726CEBE1C119AD1032,IC50,biochemical_binding,2,2,7.823908740944319,7.823908740944319,7.823908740944319,0.0,0.0
STR-65405A355B35D329B436,IC50,biochemical_binding,2,2,6.0,6.0,6.0,0.0,0.0
STR-654C0D84C180E9D74576,IC50,biochemical_binding,2,2,8.301029995663981,8.301029995663981,8.301029995663981,0.0,0.0
STR-682700030C1645FC8057,IC50,biochemical_inhibition,2,2,4.113509274827518,4.113509274827518,4.113509274827518,0.0,0.0
STR-684B7A6ABD719561B71F,IC50,biochemical_inhibition,2,2,7.086186147616283,7.086186147616283,7.086186147616283,0.0,0.0
STR-5F5B8DC8F81109D4AC69,IC50,biochemical_binding,2,2,5.221848749616356,5.221848749616356,5.221848749616356,0.0,0.0
STR-5F49DD17C62232E08D24,IC50,biochemical_binding,2,2,8.045757490560675,8.045757490560675,8.045757490560675,0.0,0.0
STR-5F462E9C39E6988CE487,IC50,biochemical_binding,2,2,6.673664139071249,6.673664139071249,6.673664139071249,0.0,0.0
STR-5A6D9F61D6C13A688B6F,IC50,biochemical_binding,2,2,6.583359492661719,6.583359492661719,6.583359492661719,0.0,0.0
STR-593538869CBBD1EB1B7D,IC50,biochemical_binding,2,2,8.522878745280337,8.522878745280337,8.522878745280337,0.0,0.0
STR-5969BDB3299C8D708957,IC50,biochemical_inhibition,2,2,6.619788758288394,6.619788758288394,6.619788758288394,0.0,0.0
STR-596CCD8CCBE00B9915DF,IC50,biochemical_inhibition,2,2,3.6307841425898575,3.6307841425898575,3.6307841425898575,0.0,0.0
STR-5A59AFF93EE296D36BC6,IC50,biochemical_binding,2,2,6.361510743045363,6.361510743045363,6.361510743045363,0.0,0.0
STR-5A6612853CA9F9DCEA91,IC50,biochemical_binding,2,2,8.096910013008056,8.096910013008056,8.096910013008056,0.0,0.0
STR-5A6612853CA9F9DCEA91,IC50,biochemical_inhibition,2,1,8.096910013008056,8.096910013008056,8.096910013008056,0.0,0.0
STR-5A6612853CA9F9DCEA91,Ki,biochemical_binding,2,2,8.769551078621726,8.769551078621726,8.769551078621726,0.0,0.0
STR-5B1180372851AE5365FB,IC50,biochemical_binding,2,2,7.2839966563652,7.2839966563652,7.2839966563652,0.0,0.0
STR-5F1ACBF53225066503F2,IC50,biochemical_binding,2,2,7.67778070526608,7.67778070526608,7.67778070526608,0.0,0.0
STR-5B2781FAFA3F33CB6B32,IC50,biochemical_inhibition,2,2,4.568636235841013,4.568636235841013,4.568636235841013,0.0,0.0
STR-5B65D30F2628A312D8CA,IC50,biochemical_binding,2,2,8.045757490560675,8.045757490560675,8.045757490560675,0.0,0.0
STR-5C740F62A4861DEC230E,IC50,biochemical_inhibition,2,2,7.337242168318426,7.337242168318426,7.337242168318426,0.0,0.0
STR-5C740F62A4861DEC230E,Kd,biochemical_binding,3,3,7.657577319177793,7.657577319177793,7.657577319177793,0.0,0.0
STR-5D9D18A659624B9D4D9E,Ki,biochemical_binding,2,2,8.619788758288394,8.619788758288394,8.619788758288394,0.0,0.0
STR-5DF8CCEDDDC1429A6B58,IC50,biochemical_binding,2,2,7.920818753952375,7.920818753952375,7.920818753952375,0.0,0.0
STR-5E430B1B17CD1D28B026,IC50,biochemical_binding,2,2,6.522878745280337,6.522878745280337,6.522878745280337,0.0,0.0
STR-FF8C3D50A964C03AC597,IC50,biochemical_inhibition,2,2,7.187086643357144,7.187086643357144,7.187086643357144,0.0,0.0
