structure_id,standard_inchi_key,smiles,compound_ids,endpoint,assay_family,p_activity_median,value_nm_median,n_measurements,sources,activity_range_log10
STR-510CF8EB9D92CA4FC9A9,KJEUORQIESDSSV-UHFFFAOYSA-N,O=S(=O)(NCB(O)O)c1ccc(-c2nn[nH]n2)cc1C(F)(F)F,71549453,Ki,biochemical_binding,10.30102999566398,0.05,1,PubChem,0.0
STR-7E1F0EE1EE4F776E8704,PFCVKXYYUQIAHS-AREMUKBSSA-N,CCN(C(=O)c1cc(F)ccc1Oc1nncnc1N1CCC2(C1)CN([C@H](CCCNCCOC)C(C)C)C2)C(C)C,689587,IC50,biochemical_inhibition,10.002182402701225,0.1,2,BindingDB,0.0871501757189001
STR-B2AA5A0FB80A562D611E,ADHHOUXZPBYYSU-YOCNBXQISA-N,CC(C)N(C(=O)c1cc(F)ccc1Oc1cncnc1N1CC2(CCN(C[C@H]3CC[C@H](NS(C)(=O)=O)CC3)CC2)C1)C(C)C,CHEMBL5267644,Ki,biochemical_binding,9.98296666070122,0.104,1,ChEMBL,0.0
STR-CAD50D46562C0D29D331,PDUGAXSIWNMIBQ-HHHXNRCGSA-N,CCN(C(=O)c1cc(F)ccc1Oc1nncnc1N1CCC2(C1)CN([C@H](CCCN(C)CCOC)C(C)C)C2)C(C)C,689589;689590,IC50,biochemical_inhibition,9.8767507096021,0.139,2,BindingDB,0.2640464294108113
STR-BD9FCFA15F8B311D296A,XVEVAEBDYQDZRJ-UHFFFAOYSA-N,CNc1nc(NC2CCN(Cc3ccc4c(cc(C#N)n4CC45CC(NC=O)(C4)C5)c3C)CC2)c2cc(CCC(F)(F)F)sc2n1,172447626,IC50,biochemical_inhibition,9.30102999566398,0.5,1,PubChem,0.0
STR-DC80B2DAE37FF4BEDB8F,MBFYNGBMAACLAT-UHFFFAOYSA-N,CNc1nc(NC2CCN(Cc3ccc4c(cc(C#N)n4CC45CC(NC=O)(C4)C5)c3C)CC2)c2cc(CC(F)(F)F)sc2n1,130443890,IC50,biochemical_inhibition,9.30102999566398,0.5,1,PubChem,0.0
STR-073AD85CF5EE1E9C87AB,MIDBFVUJIVFIOM-UHFFFAOYSA-N,CCN1Cc2ccccc2C(C2CCCC2)(C2CCN(CC3CN(c4ccc(S(=O)(=O)c5ccncc5)cc4)C3)CC2)C1,CHEMBL4585198,Ki,biochemical_binding,9.0,1.0,1,BindingDB;ChEMBL,0.0
STR-073AD85CF5EE1E9C87AB,MIDBFVUJIVFIOM-UHFFFAOYSA-N,CCN1Cc2ccccc2C(C2CCCC2)(C2CCN(CC3CN(c4ccc(S(=O)(=O)c5ccncc5)cc4)C3)CC2)C1,132090541,Ki,cellular_functional,9.0,1.0,1,PubChem,0.0
STR-34DA364C524542BAF54B,LAHJBSUOBULURD-HHKHNSFJSA-N,COC(=O)N[C@H]1CCC[C@@H]1[C@](CN1CCC1)(c1cccc(F)c1)C1CCN(CC2CN(c3ccc(S(=O)(=O)C4CN(C(=O)/C=C/CN5CC(F)(F)C5)C4)cc3)C2)CC1,CHEMBL4530300,IC50,biochemical_binding,9.0,1.0,1,ChEMBL,0.0
STR-34DA364C524542BAF54B,LAHJBSUOBULURD-HHKHNSFJSA-N,COC(=O)N[C@H]1CCC[C@@H]1[C@](CN1CCC1)(c1cccc(F)c1)C1CCN(CC2CN(c3ccc(S(=O)(=O)C4CN(C(=O)/C=C/CN5CC(F)(F)C5)C4)cc3)C2)CC1,50511905,IC50,biochemical_inhibition,9.0,1.0,1,BindingDB,0.0
STR-34FE1D5BDCFE7B2EB7FE,MCMLLYNXDSNKTO-PALXJHBUSA-N,O=c1cccc2n1[C@@H]1C[C@H](C2)CN(CC(O)CCCc2ccccc2)C1,CHEMBL4211366,IC50,biochemical_binding,9.0,1.0,1,ChEMBL,0.0
STR-34FE1D5BDCFE7B2EB7FE,MCMLLYNXDSNKTO-PALXJHBUSA-N,O=c1cccc2n1[C@@H]1C[C@H](C2)CN(CC(O)CCCc2ccccc2)C1,50454121,IC50,biochemical_inhibition,9.0,1.0,1,BindingDB;PubChem,0.0
STR-723FB71024F547E2C9C5,QJWOBZCZCISQBL-VXSFFCHMSA-N,C[C@@]12CN(CC(O)CCCc3ccccc3)C[C@@](C)(C1)c1cccc(=O)n1C2,171354227,IC50,biochemical_inhibition,9.0,1.0,1,PubChem,0.0
STR-BB3373616F96D1625E90,BCTIJYSCGDNKEE-OKOZNKHASA-N,CCc1nccn1C[C@@](c1cccc(F)c1)(C1CCN(CC2(F)CN(c3ccc(S(=O)(=O)C4CN(C(=O)/C=C/CN(C)C)C4)cc3)C2)CC1)[C@H]1CCC[C@@H]1NC(=O)OC,CHEMBL6053681,IC50,biochemical_binding,9.0,1.0,1,ChEMBL;PubChem,0.0
STR-BB3373616F96D1625E90,BCTIJYSCGDNKEE-OKOZNKHASA-N,CCc1nccn1C[C@@](c1cccc(F)c1)(C1CCN(CC2(F)CN(c3ccc(S(=O)(=O)C4CN(C(=O)/C=C/CN(C)C)C4)cc3)C2)CC1)[C@H]1CCC[C@@H]1NC(=O)OC,506357,IC50,biochemical_inhibition,9.0,1.0,1,BindingDB,0.0
STR-ECA04B71ABBECE5B5C4C,SHNAIZGISNDQJQ-UHFFFAOYSA-N,O=S(=O)(NCB(O)O)c1ccc(-c2nn[nH]n2)cc1,71549452,Ki,biochemical_binding,8.920818753952375,1.2,1,PubChem,0.0
STR-052D31B0B659EBB9473E,LPPRDZVYQRJOOO-SXOMAYOGSA-N,CCN(C(=O)c1cc(F)ccc1Oc1cncnc1N1CC2(CCN(C[C@@H]3CC[C@@H](NC(=O)NCC4CC4)CO3)CC2)C1)C(C)C,656647,Ki,biochemical_binding,8.903089986991944,1.25,1,BindingDB;PubChem,0.0
STR-2D8843254F92027CB324,QURMPJZYPCSXKN-SXOMAYOGSA-N,CCN(C(=O)c1cc(F)ccc1Oc1cncnc1N1CC2(CCN(C[C@@H]3CC[C@@H](NS(=O)(=O)CCN(C)C)CO3)CC2)C1)C(C)C,656824,Ki,biochemical_binding,8.903089986991944,1.25,1,BindingDB;PubChem,0.0
STR-495577E2F7FD7CFA736E,LRUVGLUJXLOGAW-FTJBHMTQSA-N,CCN(C(=O)c1cc(F)ccc1Oc1cnc(C)nc1N1CC2(CCN(C[C@@H]3CC[C@@H](NS(=O)(=O)CC)CO3)CC2)C1)C(C)C,656820,Ki,biochemical_binding,8.903089986991944,1.25,1,BindingDB;PubChem,0.0
STR-5FD5B7D1231F811AD204,MLNCDQCPBWERBE-FTJBHMTQSA-N,CCCNC(=O)N[C@@H]1CC[C@@H](CN2CCC3(CC2)CN(c2ncncc2Oc2ccc(F)cc2C(=O)N(CC)C(C)C)C3)OC1,656643,Ki,biochemical_binding,8.903089986991944,1.25,1,BindingDB;PubChem,0.0
STR-147A63755BE965C495DD,CYJSKFFTBNCOKD-MOTFGSSMSA-N,N=C(N)NCCC[C@H](NC(=O)COCCOCCOCCNC(=O)c1ccc2c(c1)C(=O)OC21c2ccc(O)cc2Oc2cc(O)ccc21)C(=O)N[C@@H](Cc1cc2ccccc2[nH]1)C(=O)N[C@H]1CCCCCCCCNC(=O)[C@@H]2CCCN2C(=O)[C@H](CCCNC(=N)N)NC(=O)C2(CCC2)NC(=O)[C@@H]2CCCN2C(=O)[C@H](Cc2cc(F)cc(F)c2)NC1=O,CHEMBL2314822,Kd,biochemical_binding,8.853871964321762,1.4,1,BindingDB;ChEMBL;PubChem,0.0
STR-1E41EA89AAF9C5AE998F,JHWOZNHPOMQEEW-UHFFFAOYSA-N,CC(C)N1Cc2ccccc2C(C2CCCC2)(C2CCN(CC3CN(c4ccc(S(=O)(=O)c5ccncc5)cc4)C3)CC2)C1,CHEMBL4551865,Ki,biochemical_binding,8.853871964321762,1.4,1,BindingDB;ChEMBL,0.0
STR-1E41EA89AAF9C5AE998F,JHWOZNHPOMQEEW-UHFFFAOYSA-N,CC(C)N1Cc2ccccc2C(C2CCCC2)(C2CCN(CC3CN(c4ccc(S(=O)(=O)c5ccncc5)cc4)C3)CC2)C1,132104365,Ki,cellular_functional,8.853871964321762,1.4,1,PubChem,0.0
STR-A70185AE5063299B6804,RSSRSCZYQVYTTR-UHFFFAOYSA-N,O=S(=O)(c1ccncc1)c1ccc(N2CC(CN3CCC(C4(C5CCCC5)CN(CC5CC5)Cc5ccccc54)CC3)C2)cc1,CHEMBL4592636,Ki,biochemical_binding,8.853871964321762,1.4,1,BindingDB;ChEMBL,0.0
STR-A70185AE5063299B6804,RSSRSCZYQVYTTR-UHFFFAOYSA-N,O=S(=O)(c1ccncc1)c1ccc(N2CC(CN3CCC(C4(C5CCCC5)CN(CC5CC5)Cc5ccccc54)CC3)C2)cc1,132104736,Ki,cellular_functional,8.853871964321762,1.4,1,PubChem,0.0
STR-4A902F7AC5A334C3F331,REIRIUGWHFIUEL-BVPJJHLOSA-N,COC(=O)N[C@H]1CCC[C@@H]1[C@](CN(C)C)(c1cccc(F)c1)C1CCN(CC2CN(c3ccc(S(=O)(=O)C4CC4)cc3)C2)CC1,CHEMBL5076146,IC50,biochemical_binding,8.769551078621726,1.7,1,ChEMBL,0.0
STR-4A902F7AC5A334C3F331,REIRIUGWHFIUEL-BVPJJHLOSA-N,COC(=O)N[C@H]1CCC[C@@H]1[C@](CN(C)C)(c1cccc(F)c1)C1CCN(CC2CN(c3ccc(S(=O)(=O)C4CC4)cc3)C2)CC1,50582737,IC50,biochemical_inhibition,8.769551078621726,1.7,1,BindingDB,0.0
STR-5A6612853CA9F9DCEA91,KJANBCLSZKUJAW-UHFFFAOYSA-N,O=S(=O)(c1ccncc1)c1ccc(N2CC(CN3CCC(C4(C5CCCC5)CNCc5ccccc54)CC3)C2)cc1,CHEMBL4449199,Ki,biochemical_binding,8.769551078621726,1.7,1,BindingDB;ChEMBL,0.0
STR-5A6612853CA9F9DCEA91,KJANBCLSZKUJAW-UHFFFAOYSA-N,O=S(=O)(c1ccncc1)c1ccc(N2CC(CN3CCC(C4(C5CCCC5)CNCc5ccccc54)CC3)C2)cc1,132104737,Ki,cellular_functional,8.769551078621726,1.7,1,PubChem,0.0
STR-BD5E8CD3F04E20EF2036,VTXKKSADZLUBMC-RXLAIJPWSA-N,CCc1nccn1C[C@@](c1cccc(F)c1)(C1CCN(CC2CN(c3ccc(S(=O)(=O)C4CN(C(=O)/C=C/CN(C)C)C4)cc3)C2)CC1)[C@H]1CCC[C@@H]1NC(=O)OC,CHEMBL4457657,IC50,biochemical_binding,8.734260541478871,1.85,2,ChEMBL;PubChem,0.0705810742857071
STR-BD5E8CD3F04E20EF2036,VTXKKSADZLUBMC-RXLAIJPWSA-N,CCc1nccn1C[C@@](c1cccc(F)c1)(C1CCN(CC2CN(c3ccc(S(=O)(=O)C4CN(C(=O)/C=C/CN(C)C)C4)cc3)C2)CC1)[C@H]1CCC[C@@H]1NC(=O)OC,50511899,IC50,biochemical_inhibition,8.734260541478871,1.85,2,BindingDB,0.0705810742857071
STR-BD5E8CD3F04E20EF2036,VTXKKSADZLUBMC-RXLAIJPWSA-N,CCc1nccn1C[C@@](c1cccc(F)c1)(C1CCN(CC2CN(c3ccc(S(=O)(=O)C4CN(C(=O)/C=C/CN(C)C)C4)cc3)C2)CC1)[C@H]1CCC[C@@H]1NC(=O)OC,153315442,IC50,in_vivo,8.698970004336019,2.0,3,PubChem,0.8109437637799513
STR-E4F36A98E00A8B27E8BD,UDCCIJLZCSLTOS-ANCAAGCLSA-N,COC(=O)N[C@H]1CCC[C@@H]1[C@](Cn1ccnn1)(c1cccc(F)c1)C1CCN(CC2CN(c3ccc(S(=O)(=O)C4CN(C(=O)/C=C/CN(C)C)C4)cc3)C2)CC1,50511900,IC50,biochemical_inhibition,8.698970004336019,2.0,2,BindingDB,0.0
STR-0AF48A7398AE4A10DB6D,OWQDQPAHRNQUBK-DIHFWZERSA-N,COC(=O)N[C@H]1CCC[C@@H]1[C@](C#N)(c1cccc(F)c1)C1CCN(CC2CN(c3ccc(S(=O)(=O)c4cccc(NC(=O)/C=C/CN(C)C)c4)cc3)C2)CC1,CHEMBL5864844,IC50,biochemical_binding,8.698970004336019,2.0,1,ChEMBL;PubChem,0.0
STR-0AF48A7398AE4A10DB6D,OWQDQPAHRNQUBK-DIHFWZERSA-N,COC(=O)N[C@H]1CCC[C@@H]1[C@](C#N)(c1cccc(F)c1)C1CCN(CC2CN(c3ccc(S(=O)(=O)c4cccc(NC(=O)/C=C/CN(C)C)c4)cc3)C2)CC1,506354,IC50,biochemical_inhibition,8.698970004336019,2.0,1,BindingDB,0.0
STR-1336D74CEEF07820B1AB,TYMDSYUCUHFHCP-IJGIHWNJSA-N,CCc1nccn1C[C@@](c1cccc(F)c1)(C1CCN(CC2CN(c3ccc(S(=O)(=O)C4CN(C(=O)/C=C/CN5CCCCC5)C4)cc3)C2)CC1)[C@H]1CCC[C@@H]1NC(=O)OC,CHEMBL5817522,IC50,biochemical_binding,8.698970004336019,2.0,1,ChEMBL;PubChem,0.0
STR-1336D74CEEF07820B1AB,TYMDSYUCUHFHCP-IJGIHWNJSA-N,CCc1nccn1C[C@@](c1cccc(F)c1)(C1CCN(CC2CN(c3ccc(S(=O)(=O)C4CN(C(=O)/C=C/CN5CCCCC5)C4)cc3)C2)CC1)[C@H]1CCC[C@@H]1NC(=O)OC,506364,IC50,biochemical_inhibition,8.698970004336019,2.0,1,BindingDB,0.0
STR-22ABADFB64D91C6FE7F1,LOWYBCWMGXXERT-XUTGVCKDSA-N,COC(=O)N[C@H]1CCC[C@@H]1[C@](CN1CCC1)(c1cccc(F)c1)C1CCN(CC2CN(c3ccc(S(=O)(=O)C4CN(C(=O)/C=C/CN5CCC(F)(F)CC5)C4)cc3)C2)CC1,CHEMBL4450979,IC50,biochemical_binding,8.698970004336019,2.0,1,ChEMBL,0.0
STR-22ABADFB64D91C6FE7F1,LOWYBCWMGXXERT-XUTGVCKDSA-N,COC(=O)N[C@H]1CCC[C@@H]1[C@](CN1CCC1)(c1cccc(F)c1)C1CCN(CC2CN(c3ccc(S(=O)(=O)C4CN(C(=O)/C=C/CN5CCC(F)(F)CC5)C4)cc3)C2)CC1,50511910,IC50,biochemical_inhibition,8.698970004336019,2.0,1,BindingDB,0.0
STR-33EC56FC5D9EE8140CC4,VDJTWLOLAUELBT-YFTHYISFSA-N,C=CC(=O)Nc1ccc(S(=O)(=O)c2ccc(N3CC(CN4CCC([C@@](C#N)(c5cccc(F)c5)[C@H]5CCC[C@@H]5OC(=O)NC)CC4)C3)cc2)cc1,CHEMBL5794245,IC50,biochemical_binding,8.698970004336019,2.0,1,ChEMBL;PubChem,0.0
STR-33EC56FC5D9EE8140CC4,VDJTWLOLAUELBT-YFTHYISFSA-N,C=CC(=O)Nc1ccc(S(=O)(=O)c2ccc(N3CC(CN4CCC([C@@](C#N)(c5cccc(F)c5)[C@H]5CCC[C@@H]5OC(=O)NC)CC4)C3)cc2)cc1,506342,IC50,biochemical_inhibition,8.698970004336019,2.0,1,BindingDB,0.0
STR-37892E2865C156499B87,OVNRZDIJJMMESW-ICECFENASA-N,COC(=O)N[C@H]1CCC[C@@H]1[C@](CN1CCCC1)(c1cccc(F)c1)C1CCN(CC2CN(c3ccc(S(=O)(=O)C4CN(C(=O)/C=C/CN(C)C)C4)cc3)C2)CC1,CHEMBL4528467,IC50,biochemical_binding,8.698970004336019,2.0,1,ChEMBL,0.0
STR-37892E2865C156499B87,OVNRZDIJJMMESW-ICECFENASA-N,COC(=O)N[C@H]1CCC[C@@H]1[C@](CN1CCCC1)(c1cccc(F)c1)C1CCN(CC2CN(c3ccc(S(=O)(=O)C4CN(C(=O)/C=C/CN(C)C)C4)cc3)C2)CC1,50511901,IC50,biochemical_inhibition,8.698970004336019,2.0,1,BindingDB,0.0
STR-4F1EEBE285BDFD4F35AF,AZMLEISFRDLXOA-UHFFFAOYSA-N,O=S(=O)(c1ccncc1)c1ccc(N2CC(CN3CCC(C4(C5CCCC5)CN(C5CCC5)Cc5ccccc54)CC3)C2)cc1,CHEMBL4522767,Ki,biochemical_binding,8.698970004336019,2.0,1,BindingDB;ChEMBL,0.0
STR-4F1EEBE285BDFD4F35AF,AZMLEISFRDLXOA-UHFFFAOYSA-N,O=S(=O)(c1ccncc1)c1ccc(N2CC(CN3CCC(C4(C5CCCC5)CN(C5CCC5)Cc5ccccc54)CC3)C2)cc1,132104363,Ki,cellular_functional,8.698970004336019,2.0,1,PubChem,0.0
STR-5809FBCCA5EEA2161D90,HKERAIYWULHZDL-RUSQAUJYSA-N,C=CC(=O)Nc1cccc(S(=O)(=O)c2ccc(N3CC(F)(CN4CCC([C@@](Cn5ccnc5CC)(c5cccc(F)c5)[C@H]5CCC[C@@H]5NC(=O)OC)CC4)C3)cc2)c1,CHEMBL5983807,IC50,biochemical_binding,8.698970004336019,2.0,1,ChEMBL;PubChem,0.0
STR-5809FBCCA5EEA2161D90,HKERAIYWULHZDL-RUSQAUJYSA-N,C=CC(=O)Nc1cccc(S(=O)(=O)c2ccc(N3CC(F)(CN4CCC([C@@](Cn5ccnc5CC)(c5cccc(F)c5)[C@H]5CCC[C@@H]5NC(=O)OC)CC4)C3)cc2)c1,506341,IC50,biochemical_inhibition,8.698970004336019,2.0,1,BindingDB,0.0
STR-72BC2AEC0C9B5FB0C4A6,NWSQYPVQEHIJSZ-YFTHYISFSA-N,C=CC(=O)N1CC(S(=O)(=O)c2ccc(N3CC(CN4CCC([C@@](CN5CCC5)(c5cccc(F)c5)[C@H]5CCC[C@@H]5NC(=O)OC)CC4)C3)cc2)C1,CHEMBL4553102,IC50,biochemical_binding,8.698970004336019,2.0,1,ChEMBL,0.0
STR-72BC2AEC0C9B5FB0C4A6,NWSQYPVQEHIJSZ-YFTHYISFSA-N,C=CC(=O)N1CC(S(=O)(=O)c2ccc(N3CC(CN4CCC([C@@](CN5CCC5)(c5cccc(F)c5)[C@H]5CCC[C@@H]5NC(=O)OC)CC4)C3)cc2)C1,50511902,IC50,biochemical_inhibition,8.698970004336019,2.0,1,BindingDB,0.0
STR-73526DEBB89B97E16E0E,FYTWPDGQAHYEIH-YGZSATHDSA-N,COC(=O)N[C@H]1CCC[C@@H]1[C@](CN1CCC1)(c1cccc(F)c1)C1CCN(CC2CN(c3ccc(S(=O)(=O)C4CN(C(=O)/C=C/CN5CCCC5)C4)cc3)C2)CC1,CHEMBL4456003,IC50,biochemical_binding,8.698970004336019,2.0,1,ChEMBL,0.0
STR-73526DEBB89B97E16E0E,FYTWPDGQAHYEIH-YGZSATHDSA-N,COC(=O)N[C@H]1CCC[C@@H]1[C@](CN1CCC1)(c1cccc(F)c1)C1CCN(CC2CN(c3ccc(S(=O)(=O)C4CN(C(=O)/C=C/CN5CCCC5)C4)cc3)C2)CC1,50511908,IC50,biochemical_inhibition,8.698970004336019,2.0,1,BindingDB,0.0
STR-7A321275AB46AC4BC765,ZBOGYQTVZTVLMN-XRBIJUOGSA-N,C=CC(=O)N1CC(S(=O)(=O)c2ccc(N3CC(F)(CN4CCC([C@@](Cn5ccnc5CC)(c5cccc(F)c5)[C@H]5CCC[C@@H]5NC(=O)OC)CC4)C3)cc2)C1,CHEMBL5766765,IC50,biochemical_binding,8.698970004336019,2.0,1,ChEMBL;PubChem,0.0
STR-7A321275AB46AC4BC765,ZBOGYQTVZTVLMN-XRBIJUOGSA-N,C=CC(=O)N1CC(S(=O)(=O)c2ccc(N3CC(F)(CN4CCC([C@@](Cn5ccnc5CC)(c5cccc(F)c5)[C@H]5CCC[C@@H]5NC(=O)OC)CC4)C3)cc2)C1,506346,IC50,biochemical_inhibition,8.698970004336019,2.0,1,BindingDB,0.0
STR-AA4D58E6580A56C280AF,HIKNZTWSCQIGRD-UHFFFAOYSA-N,CN1Cc2ccccc2C(C2CCCC2)(C2CCN(CC3CN(c4ccc(S(=O)(=O)c5ccncc5)cc4)C3)CC2)C1,CHEMBL4516680,Ki,biochemical_binding,8.698970004336019,2.0,1,BindingDB;ChEMBL,0.0
STR-AA4D58E6580A56C280AF,HIKNZTWSCQIGRD-UHFFFAOYSA-N,CN1Cc2ccccc2C(C2CCCC2)(C2CCN(CC3CN(c4ccc(S(=O)(=O)c5ccncc5)cc4)C3)CC2)C1,145397301,Ki,cellular_functional,8.698970004336019,2.0,1,PubChem,0.0
STR-C0C912780560E33EFE90,LDZSXMDCTIKQIQ-KQAQRFHNSA-N,COC(=O)N[C@H]1CCC[C@@H]1[C@](CN1CCCCC1)(c1cccc(F)c1)C1CCN(CC2CN(c3ccc(S(=O)(=O)C4CN(C(=O)/C=C/CN(C)C)C4)cc3)C2)CC1,CHEMBL4571451,IC50,biochemical_binding,8.698970004336019,2.0,1,ChEMBL,0.0
STR-C0C912780560E33EFE90,LDZSXMDCTIKQIQ-KQAQRFHNSA-N,COC(=O)N[C@H]1CCC[C@@H]1[C@](CN1CCCCC1)(c1cccc(F)c1)C1CCN(CC2CN(c3ccc(S(=O)(=O)C4CN(C(=O)/C=C/CN(C)C)C4)cc3)C2)CC1,50511912,IC50,biochemical_inhibition,8.698970004336019,2.0,1,BindingDB,0.0
STR-C6C7319A2332D2316F26,HMBDDYNLCGJMBR-JPWMAOOBSA-N,COC(=O)N[C@H]1CCC[C@@H]1[C@](CN1CCC1)(c1cccc(F)c1)C1CCN(CC2CN(c3ccc(S(=O)(=O)C4CN(C(=O)/C=C/CN5CC(F)C5)C4)cc3)C2)CC1,CHEMBL4456868,IC50,biochemical_binding,8.698970004336019,2.0,1,ChEMBL,0.0
STR-C6C7319A2332D2316F26,HMBDDYNLCGJMBR-JPWMAOOBSA-N,COC(=O)N[C@H]1CCC[C@@H]1[C@](CN1CCC1)(c1cccc(F)c1)C1CCN(CC2CN(c3ccc(S(=O)(=O)C4CN(C(=O)/C=C/CN5CC(F)C5)C4)cc3)C2)CC1,50511898,IC50,biochemical_inhibition,8.698970004336019,2.0,1,BindingDB,0.0
STR-D4B228AA42C515EFF74F,NEYHMGVJGXSGLB-YFTHYISFSA-N,C=CC(=O)Nc1cccc(S(=O)(=O)c2ccc(N3CC(CN4CCC([C@@](C#N)(c5cccc(F)c5)[C@H]5CCC[C@@H]5NC(=O)OC)CC4)C3)cc2)c1,CHEMBL5884894,IC50,biochemical_binding,8.698970004336019,2.0,1,ChEMBL;PubChem,0.0
STR-D4B228AA42C515EFF74F,NEYHMGVJGXSGLB-YFTHYISFSA-N,C=CC(=O)Nc1cccc(S(=O)(=O)c2ccc(N3CC(CN4CCC([C@@](C#N)(c5cccc(F)c5)[C@H]5CCC[C@@H]5NC(=O)OC)CC4)C3)cc2)c1,506337,IC50,biochemical_inhibition,8.698970004336019,2.0,1,BindingDB,0.0
STR-E4F36A98E00A8B27E8BD,UDCCIJLZCSLTOS-ANCAAGCLSA-N,COC(=O)N[C@H]1CCC[C@@H]1[C@](Cn1ccnn1)(c1cccc(F)c1)C1CCN(CC2CN(c3ccc(S(=O)(=O)C4CN(C(=O)/C=C/CN(C)C)C4)cc3)C2)CC1,CHEMBL4454017,IC50,biochemical_binding,8.698970004336019,2.0,1,ChEMBL;PubChem,0.0
STR-F10D2D8306F0D924B76B,LXSIPWFLROWVOQ-VJZJJTPSSA-N,C=CC(=O)N1CC(S(=O)(=O)c2ccc(N3CC(CN4CCC([C@@](Cn5ccnc5CC)(c5cccc(F)c5)[C@H]5CCC[C@@H]5NC(=O)OC)CC4)C3)cc2)C1,CHEMBL5886290,IC50,biochemical_binding,8.698970004336019,2.0,1,ChEMBL;PubChem,0.0
STR-F10D2D8306F0D924B76B,LXSIPWFLROWVOQ-VJZJJTPSSA-N,C=CC(=O)N1CC(S(=O)(=O)c2ccc(N3CC(CN4CCC([C@@](Cn5ccnc5CC)(c5cccc(F)c5)[C@H]5CCC[C@@H]5NC(=O)OC)CC4)C3)cc2)C1,506340,IC50,biochemical_inhibition,8.698970004336019,2.0,1,BindingDB,0.0
STR-F32727EFAF81D38C7334,LKWDPBUNZKEQDA-WNGYSACNSA-N,COC(=O)N[C@H]1CCC[C@@H]1[C@](CN1CCC1)(c1cccc(F)c1)C1CCN(CC2CN(c3ccc(S(=O)(=O)C4CN(C(=O)/C=C/CN5CCC5)C4)cc3)C2)CC1,CHEMBL4588924,IC50,biochemical_binding,8.698970004336019,2.0,1,ChEMBL,0.0
STR-F32727EFAF81D38C7334,LKWDPBUNZKEQDA-WNGYSACNSA-N,COC(=O)N[C@H]1CCC[C@@H]1[C@](CN1CCC1)(c1cccc(F)c1)C1CCN(CC2CN(c3ccc(S(=O)(=O)C4CN(C(=O)/C=C/CN5CCC5)C4)cc3)C2)CC1,50511903,IC50,biochemical_inhibition,8.698970004336019,2.0,1,BindingDB,0.0
STR-B0D08E157DE9D6B7ECDB,AOGPBKJKSGZHDZ-ISMFANLDSA-N,CC(=O)N[C@@H](C)C(=O)N[C@@H](CCCNC(=N)N)C(=O)N[C@@H](Cc1c[nH]c2ccccc12)C(=O)N[C@H]1C/C=C\C[C@@H](C(=O)N2CCC[C@H]2C(=O)N[C@@H](CCCN)C(=O)N[C@@H](CCCNC(=N)N)C(=O)N[C@@H](CCCNC(=N)N)C(=O)N[C@@H](CCCNC(=N)N)C(N)=O)NC(=O)C2(CCC2)NC(=O)[C@@H]2CCCN2C(=O)[C@H](Cc2cccc(F)c2)NC1=O,162670123,IC50,biochemical_inhibition,8.628932137728263,2.35,1,PubChem,0.0
STR-5D9D18A659624B9D4D9E,DHTUDUJUVDDGLA-UHFFFAOYSA-N,O=S(=O)(c1ccc(N2CC(CN3CCC(C4(C5CCCC5)NCCc5ccccc54)CC3)C2)cc1)C1CCCCC1,CHEMBL4578509,Ki,biochemical_binding,8.619788758288394,2.4,1,BindingDB;ChEMBL,0.0
STR-5D9D18A659624B9D4D9E,DHTUDUJUVDDGLA-UHFFFAOYSA-N,O=S(=O)(c1ccc(N2CC(CN3CCC(C4(C5CCCC5)NCCc5ccccc54)CC3)C2)cc1)C1CCCCC1,132104382,Ki,cellular_functional,8.619788758288394,2.4,1,PubChem,0.0
STR-C6C7319A2332D2316F26,HMBDDYNLCGJMBR-JPWMAOOBSA-N,COC(=O)N[C@H]1CCC[C@@H]1[C@](CN1CCC1)(c1cccc(F)c1)C1CCN(CC2CN(c3ccc(S(=O)(=O)C4CN(C(=O)/C=C/CN5CC(F)C5)C4)cc3)C2)CC1,155525699,IC50,in_vivo,8.610924374808178,2.5,4,PubChem,3.3010299956639813
STR-F32727EFAF81D38C7334,LKWDPBUNZKEQDA-WNGYSACNSA-N,COC(=O)N[C@H]1CCC[C@@H]1[C@](CN1CCC1)(c1cccc(F)c1)C1CCN(CC2CN(c3ccc(S(=O)(=O)C4CN(C(=O)/C=C/CN5CCC5)C4)cc3)C2)CC1,155567300,IC50,in_vivo,8.610924374808178,2.5,4,PubChem,3.0211892990699383
STR-4B2666E7A6862E420991,HWMVEUVCYTZXSW-YSJNHPSYSA-N,COC(=O)N[C@H]1CCC[C@@H]1[C@](CN1CCC1)(c1cccc(F)c1)C1CCN(CC2(OC)CN(c3ccc(S(=O)(=O)C4CC4)cc3)C2)CC1,CHEMBL5085940,IC50,biochemical_binding,8.602059991327963,2.5,1,ChEMBL,0.0
STR-4B2666E7A6862E420991,HWMVEUVCYTZXSW-YSJNHPSYSA-N,COC(=O)N[C@H]1CCC[C@@H]1[C@](CN1CCC1)(c1cccc(F)c1)C1CCN(CC2(OC)CN(c3ccc(S(=O)(=O)C4CC4)cc3)C2)CC1,50582744,IC50,biochemical_inhibition,8.602059991327963,2.5,1,BindingDB,0.0
STR-CC119FD289E2F37C242E,BTSUNSRQYLVGIS-ADTYUTHVSA-N,COC(=O)N[C@H]1CCC[C@@H]1[C@](CN1CCC1)(c1cccc(F)c1)C1CCN(CC2CN(c3ccc(S(=O)(=O)C4CN(C(=O)/C=C/CN5CCCCC5)C4)cc3)C2)CC1,CHEMBL4438797,IC50,biochemical_binding,8.585026652029182,2.6,1,ChEMBL,0.0
STR-CC119FD289E2F37C242E,BTSUNSRQYLVGIS-ADTYUTHVSA-N,COC(=O)N[C@H]1CCC[C@@H]1[C@](CN1CCC1)(c1cccc(F)c1)C1CCN(CC2CN(c3ccc(S(=O)(=O)C4CN(C(=O)/C=C/CN5CCCCC5)C4)cc3)C2)CC1,50511904,IC50,biochemical_inhibition,8.585026652029182,2.6,1,BindingDB,0.0
STR-A814A4A72CF8681234C9,FZCLCVXNMVHYFD-BSGLOOBLSA-N,COC(=O)N[C@H]1CCC[C@@H]1[C@](CN1CCC1)(c1cccc(F)c1)C1CCN(CC2(OC)CN(c3ccc(S(=O)(=O)C4CN(C(=O)/C=C/CN(C)C)C4)cc3)C2)CC1,166628336,IC50,in_vivo,8.568636235841012,2.7,3,PubChem,1.334628552715739
STR-A814A4A72CF8681234C9,FZCLCVXNMVHYFD-BSGLOOBLSA-N,COC(=O)N[C@H]1CCC[C@@H]1[C@](CN1CCC1)(c1cccc(F)c1)C1CCN(CC2(OC)CN(c3ccc(S(=O)(=O)C4CN(C(=O)/C=C/CN(C)C)C4)cc3)C2)CC1,CHEMBL5081367,IC50,biochemical_binding,8.568636235841012,2.7,1,ChEMBL,0.0
STR-A814A4A72CF8681234C9,FZCLCVXNMVHYFD-BSGLOOBLSA-N,COC(=O)N[C@H]1CCC[C@@H]1[C@](CN1CCC1)(c1cccc(F)c1)C1CCN(CC2(OC)CN(c3ccc(S(=O)(=O)C4CN(C(=O)/C=C/CN(C)C)C4)cc3)C2)CC1,50582746,IC50,biochemical_inhibition,8.568636235841012,2.7,1,BindingDB,0.0
STR-B56EF6AC340F28C175E6,IFDKQQVTCZCWIE-GSBZAIBZSA-N,CNC(=O)O[C@H]1CCC[C@@H]1[C@](C#N)(c1ccccc1)C1CCN(CC2CN(c3ccc(C#N)cc3)C2)CC1,CHEMBL4458829,Ki,biochemical_binding,8.568636235841012,2.7,1,BindingDB;ChEMBL,0.0
STR-B56EF6AC340F28C175E6,IFDKQQVTCZCWIE-GSBZAIBZSA-N,CNC(=O)O[C@H]1CCC[C@@H]1[C@](C#N)(c1ccccc1)C1CCN(CC2CN(c3ccc(C#N)cc3)C2)CC1,155526758,Ki,cellular_functional,8.568636235841012,2.7,1,PubChem,0.0
STR-C16923E52D20199D1E6F,HFHVSSGMYSWPIR-SZDLQPMWSA-N,C=CC(=O)N1C[C@@H]2C[C@H]1CN2S(=O)(=O)c1ccc(N2CC(CN3CCC([C@@](CN4CCC4)(c4cccc(F)c4)[C@H]4CCC[C@@H]4NC(=O)OC)CC3)(OC)C2)cc1,CHEMBL5094183,IC50,biochemical_binding,8.568636235841012,2.7,1,ChEMBL,0.0
STR-C16923E52D20199D1E6F,HFHVSSGMYSWPIR-SZDLQPMWSA-N,C=CC(=O)N1C[C@@H]2C[C@H]1CN2S(=O)(=O)c1ccc(N2CC(CN3CCC([C@@](CN4CCC4)(c4cccc(F)c4)[C@H]4CCC[C@@H]4NC(=O)OC)CC3)(OC)C2)cc1,50582751,IC50,biochemical_inhibition,8.568636235841012,2.7,1,BindingDB,0.0
STR-EE40493687FAFB4EE02B,BFYBPKVANYUFNH-UHFFFAOYSA-N,O=S(=O)(c1ccncc1)c1ccc(N2CC(CN3CCC(C4(C5CCCC5)CN(CCN5CCOCC5)Cc5ccccc54)CC3)C2)cc1,CHEMBL4444304,Ki,biochemical_binding,8.568636235841012,2.7,1,BindingDB;ChEMBL,0.0
STR-EE40493687FAFB4EE02B,BFYBPKVANYUFNH-UHFFFAOYSA-N,O=S(=O)(c1ccncc1)c1ccc(N2CC(CN3CCC(C4(C5CCCC5)CN(CCN5CCOCC5)Cc5ccccc54)CC3)C2)cc1,132104735,Ki,cellular_functional,8.568636235841012,2.7,1,PubChem,0.0
STR-93E40DC911AC439ED16C,LZJNITGWXZKPLE-IWQNTTPNSA-N,COC(=O)N[C@H]1CCC[C@@H]1[C@](CN1CCCC1)(c1cccc(F)c1)C1CCN(CC2CN(c3ccc(S(=O)(=O)C4CC4)cc3)C2)CC1,CHEMBL5071412,IC50,biochemical_binding,8.55284196865778,2.8,1,ChEMBL,0.0
STR-93E40DC911AC439ED16C,LZJNITGWXZKPLE-IWQNTTPNSA-N,COC(=O)N[C@H]1CCC[C@@H]1[C@](CN1CCCC1)(c1cccc(F)c1)C1CCN(CC2CN(c3ccc(S(=O)(=O)C4CC4)cc3)C2)CC1,50582738,IC50,biochemical_inhibition,8.55284196865778,2.8,1,BindingDB,0.0
STR-EF3629BE766B7858BC20,MSVDVSSBJLJMCV-VXMGAWDISA-N,C=CC(=O)N1CC(S(=O)(=O)c2ccc(N3CC(CN4CCC([C@@](CN5CCC5)(c5cccc(F)c5)[C@H]5CCC[C@@H]5NC(=O)OC)CC4)(OC)C3)cc2)C1,CHEMBL5079678,IC50,biochemical_binding,8.55284196865778,2.8,1,ChEMBL,0.0
STR-EF3629BE766B7858BC20,MSVDVSSBJLJMCV-VXMGAWDISA-N,C=CC(=O)N1CC(S(=O)(=O)c2ccc(N3CC(CN4CCC([C@@](CN5CCC5)(c5cccc(F)c5)[C@H]5CCC[C@@H]5NC(=O)OC)CC4)(OC)C3)cc2)C1,50582747,IC50,biochemical_inhibition,8.55284196865778,2.8,1,BindingDB,0.0
STR-2FF2DB436296505D61BF,HDZDPXBIYCSDDH-VTTCKZLXSA-N,CC(=O)N[C@@H](CCCNC(=N)N)C(=O)N[C@@H](Cc1c[nH]c2ccccc12)C(=O)N[C@@H](CCCNC(=N)N)C(=O)N[C@@H](Cc1ccccc1)C(=O)N1CCC[C@H]1C(=O)N[C@@H](C)C(=O)N[C@@H](CCCNC(=N)N)C(=O)N1CCC[C@H]1C(=O)NCC(=O)N[C@H](C(=O)NCC(=O)N[C@@H](CCCNC(=N)N)C(=O)N[C@@H](CCCNC(=N)N)C(N)=O)[C@@H](C)O,CHEMBL2314823,Ki,biochemical_binding,8.537602002101044,2.9,1,BindingDB;ChEMBL;PubChem,0.0
STR-AC15064651DFC45CB1E4,LIAWNGIPPNVPIC-YSJNHPSYSA-N,COC(=O)N[C@H]1CCC[C@@H]1[C@](CN1CCC1)(c1cccc(F)c1)C1CCN(CC2(C)CN(c3ccc(S(=O)(=O)C4CC4)cc3)C2)CC1,CHEMBL5090509,IC50,biochemical_binding,8.537602002101044,2.9,1,ChEMBL,0.0
STR-AC15064651DFC45CB1E4,LIAWNGIPPNVPIC-YSJNHPSYSA-N,COC(=O)N[C@H]1CCC[C@@H]1[C@](CN1CCC1)(c1cccc(F)c1)C1CCN(CC2(C)CN(c3ccc(S(=O)(=O)C4CC4)cc3)C2)CC1,50582735,IC50,biochemical_inhibition,8.537602002101044,2.9,1,BindingDB,0.0
STR-7E1F0EE1EE4F776E8704,PFCVKXYYUQIAHS-AREMUKBSSA-N,CCN(C(=O)c1cc(F)ccc1Oc1nncnc1N1CCC2(C1)CN([C@H](CCCNCCOC)C(C)C)C2)C(C)C,156498056,IC50,biochemical_binding,8.527758663924915,40.055,4,PubChem,3.0871501757189
STR-1626E26FA9CDEFB597A0,XOGANROEWWVGCF-VEZYWKGHSA-N,C=CC(=O)N1CCC[C@H](S(=O)(=O)c2ccc(N3CC(CN4CCC([C@@](CN5CCC5)(c5cccc(F)c5)[C@H]5CCC[C@@H]5NC(=O)OC)CC4)(OC)C3)cc2)C1,CHEMBL5079839,IC50,biochemical_binding,8.522878745280337,3.0,1,ChEMBL,0.0
STR-1626E26FA9CDEFB597A0,XOGANROEWWVGCF-VEZYWKGHSA-N,C=CC(=O)N1CCC[C@H](S(=O)(=O)c2ccc(N3CC(CN4CCC([C@@](CN5CCC5)(c5cccc(F)c5)[C@H]5CCC[C@@H]5NC(=O)OC)CC4)(OC)C3)cc2)C1,50582749,IC50,biochemical_inhibition,8.522878745280337,3.0,1,BindingDB,0.0
STR-32FEF1FCB73DC9ADA20D,CMKBAOQEJWGPEB-LPHAKTNPSA-N,CC(=O)O[C@H]1CCC[C@@H]1C1(C2CCN(CC3CN(c4ccc(S(=O)(=O)C5CC5)cc4)C3)CC2)CN(C)Cc2ccc(F)cc21,CHEMBL5974610,IC50,biochemical_binding,8.522878745280337,3.0,1,ChEMBL;PubChem,0.0
STR-32FEF1FCB73DC9ADA20D,CMKBAOQEJWGPEB-LPHAKTNPSA-N,CC(=O)O[C@H]1CCC[C@@H]1C1(C2CCN(CC3CN(c4ccc(S(=O)(=O)C5CC5)cc4)C3)CC2)CN(C)Cc2ccc(F)cc21,480255,IC50,biochemical_inhibition,8.522878745280337,3.0,1,BindingDB,0.0
STR-4ED5D5CE4BFD95B4D0C2,MJBBPCAFFYHQRO-YFTHYISFSA-N,C=CC(=O)Nc1cccc(S(=O)(=O)c2ccc(N3CC(CN4CCC([C@@](C#N)(c5cccc(F)c5)[C@H]5CCC[C@@H]5OC(=O)NC)CC4)C3)cc2)c1,CHEMBL5763217,IC50,biochemical_binding,8.522878745280337,3.0,1,ChEMBL;PubChem,0.0
STR-4ED5D5CE4BFD95B4D0C2,MJBBPCAFFYHQRO-YFTHYISFSA-N,C=CC(=O)Nc1cccc(S(=O)(=O)c2ccc(N3CC(CN4CCC([C@@](C#N)(c5cccc(F)c5)[C@H]5CCC[C@@H]5OC(=O)NC)CC4)C3)cc2)c1,506335,IC50,biochemical_inhibition,8.522878745280337,3.0,1,BindingDB,0.0
STR-593538869CBBD1EB1B7D,PZUFBLHEYURQFK-JTTVYFNNSA-N,CC(=O)O[C@H]1CCC[C@@H]1C1(C2CCN(CC3CN(c4ccc(S(=O)(=O)c5ccncc5)cc4)C3)CC2)CN(C)Cc2ccccc21,CHEMBL6047118,IC50,biochemical_binding,8.522878745280337,3.0,1,ChEMBL;PubChem,0.0
STR-593538869CBBD1EB1B7D,PZUFBLHEYURQFK-JTTVYFNNSA-N,CC(=O)O[C@H]1CCC[C@@H]1C1(C2CCN(CC3CN(c4ccc(S(=O)(=O)c5ccncc5)cc4)C3)CC2)CN(C)Cc2ccccc21,480146,IC50,biochemical_inhibition,8.522878745280337,3.0,1,BindingDB,0.0
