PUBCHEM_RESULT_TAG,PUBCHEM_SID,PUBCHEM_CID,PUBCHEM_EXT_DATASOURCE_SMILES,PUBCHEM_ACTIVITY_OUTCOME,PUBCHEM_ACTIVITY_SCORE,PUBCHEM_ACTIVITY_URL,PUBCHEM_ASSAYDATA_COMMENT,Phenotype,Potency,Efficacy,Analysis Comment,Activity_Score,Curve_Description,Fit_LogAC50,Fit_HillSlope,Fit_R2,Fit_InfiniteActivity,Fit_ZeroActivity,Fit_CurveClass,Excluded_Points,Max_Response,Activity at 0.0001450189 uM,Activity at 0.0003258835 uM,Activity at 0.0009776506 uM,Activity at 0.00293 uM,Activity at 0.00880 uM,Activity at 0.026 uM,Activity at 0.079 uM,Activity at 0.140 uM,Activity at 0.238 uM,Activity at 0.561 uM,Activity at 0.713 uM,Activity at 1.122 uM,Activity at 2.139 uM,Activity at 4.490 uM,Activity at 6.431 uM,Activity at 19.23 uM,Activity at 35.92 uM,Activity at 57.57 uM,Activity at 143.7 uM,Compound QC
RESULT_TYPE,,,,,,,,STRING,FLOAT,FLOAT,STRING,INTEGER,STRING,FLOAT,FLOAT,FLOAT,FLOAT,FLOAT,FLOAT,STRING,FLOAT,FLOAT,FLOAT,FLOAT,FLOAT,FLOAT,FLOAT,FLOAT,FLOAT,FLOAT,FLOAT,FLOAT,FLOAT,FLOAT,FLOAT,FLOAT,FLOAT,FLOAT,FLOAT,FLOAT,STRING
RESULT_DESCR,,,,,,,,"Indicates type of activity observed: inhibitor, activator, fluorescent, cytotoxic, inactive, or inconclusive.","Concentration at which compound exhibits half-maximal efficacy, AC50. Extrapolated AC50s also include the highest efficacy observed and the concentration of compound at which it was observed.","Maximal efficacy of compound, reported as a percentage of control. These values are estimated based on fits of the Hill equation to the dose-response curves.",Annotation/notes on a particular compound's data or its analysis.,Activity score.,"A description of dose-response curve quality. A complete curve has two observed asymptotes; a partial curve may not have attained its second asymptote at the highest concentration tested. High efficacy curves exhibit efficacy greater than 80% of control. Partial efficacies are statistically significant, but below 80% of control.",The logarithm of the AC50 from a fit of the data to the Hill equation (calculated based on Molar Units).,The Hill slope from a fit of the data to the Hill equation.,R^2 fit value of the curve. Closer to 1.0 equates to better Hill equation fit.,The asymptotic efficacy from a fit of the data to the Hill equation.,Efficacy at zero concentration of compound from a fit of the data to the Hill equation.,Numerical encoding of curve description for the fitted Hill equation.,"Which dose-response titration points were excluded from analysis based on outlier analysis. Each number represents whether a titration point was (1) or was not (0) excluded, for the titration series going from smallest to highest compound concentrations.",Maximum activity observed for compound (usually at highest concentration tested).,% Activity at given concentration.,% Activity at given concentration.,% Activity at given concentration.,% Activity at given concentration.,% Activity at given concentration.,% Activity at given concentration.,% Activity at given concentration.,% Activity at given concentration.,% Activity at given concentration.,% Activity at given concentration.,% Activity at given concentration.,% Activity at given concentration.,% Activity at given concentration.,% Activity at given concentration.,% Activity at given concentration.,% Activity at given concentration.,% Activity at given concentration.,% Activity at given concentration.,% Activity at given concentration.,"NCGC designation for data stage: 'qHTS', 'qHTS Verification', 'Secondary Profiling'"
RESULT_UNIT,,,,,,,,NONE,MICROMOLAR,PERCENT,NONE,NONE,NONE,NONE,NONE,NONE,PERCENT,PERCENT,NONE,NONE,PERCENT,PERCENT,PERCENT,PERCENT,PERCENT,PERCENT,PERCENT,PERCENT,PERCENT,PERCENT,PERCENT,PERCENT,PERCENT,PERCENT,PERCENT,PERCENT,PERCENT,PERCENT,PERCENT,PERCENT,NONE
RESULT_IS_ACTIVE_CONCENTRATION,,,,,,,,,TRUE,,,,,,,,,,,,,,,,,,,,,,,,,,,,,,,,
RESULT_ATTR_CONC_MICROMOL,,,,,,,,,,,,,,,,,,,,,,0.000145019,0.000325884,0.000977651,0.00293295,0.00879886,0.0263966,0.0791171,0.140311,0.237869,0.561243,0.712707,1.12249,2.13891,4.48994,6.43074,19.233,35.9195,57.57,143.678,
1,144206069,123879,C1CC2=C(C[C@@H]1NS(=O)(=O)C3=CC=C(C=C3)F)C4=CC=CC=C4N2CCC(=O)O,Active,98,http://assay.nih.gov/htsws/rest/display/dm1-f3-menin-htrf/NCGC00167519-01/52367778,,Inhibitor,0.0103,106.385,,98,Complete curve; high efficacy,-7.9867,2.1211,0.9995,-102.008,4.3766,-1.1,0 0 0 0 0 0 0 0 0 0 0 0,-101.73,,6.3766,1.502,-2.3801,-40.1968,-88.7461,-101.177,,-102.189,,-103.039,,-102.702,,-101.937,-100.904,,-101.73,,QC'd by Sequoia
2,26666196,253,C1C2C(C(S1)CCCCC(=O)O)NC(=O)N2,Active,97,http://assay.nih.gov/htsws/rest/display/dm1-f3-menin-htrf/MLS000736711-01/52367784,,Inhibitor,0.0146,102.81,,97,Complete curve; high efficacy,-7.8367,2.0437,0.9976,-101.245,1.5654,-1.1,0 0 0 0 0 0 0 0 0 0 0 0,-94.4973,,1.4669,0.4196,-1.5857,-25.7161,-78.5231,-98.0049,,-102.461,,-102.782,,-102.891,,-102.413,-101.84,,-94.4973,,
3,4262628,135414699,CCOC(=O)CCCCC(=O)C1=C(NC(=O)N1)CSC2=NC(=CC(=O)N2)C,Active,85,http://assay.nih.gov/htsws/rest/display/dm1-f3-menin-htrf/MLS000050819-01/52367683,,Inhibitor,3.6588,101.263,,85,Complete curve; high efficacy,-5.4367,1.4163,0.9997,-100.759,0.5044,-1.1,0 0 0 0 0 0 0 0 0 0 0 0,-98.7834,,2.09,0.1999,-0.3014,0.8067,-0.5042,0.115,,-1.0113,,-8.6672,,-31.7565,,-69.0506,-91.2877,,-98.7834,,QC'd by DPISMR
4,47200041,23724040,COCCNC(=O)CCC1CCN(CC1)CC2=CC=C(C=C2)C3=CC=CC=C3,Active,83,http://assay.nih.gov/htsws/rest/display/dm1-f3-menin-htrf/MLS001008625-01/52367766,,Inhibitor,8.1911,110.831,,83,Complete curve; high efficacy,-5.0867,1.21,0.9985,-110.831,0,-1.1,0 0 0 0 0 0 0 0 0 0 0 0,-99.8477,,2.2607,1.0965,-1.367,-1.4158,-1.7239,0.2064,,-1.7544,,-5.287,,-18.0705,,-46.2578,-83.8365,,-99.8477,,QC'd by ChemBridge
5,22400576,4299841,C[NH+]1CCC2(CC1)C(=C(NC(=C2C#N)[S-])N)C#N,Active,82,http://assay.nih.gov/htsws/rest/display/dm1-f3-menin-htrf/MLS000587487-01/52367723,,Inhibitor,10.3119,100.614,,82,Complete curve; high efficacy,-4.9867,2.7868,0.9966,-100.084,0.5297,-1.1,0 0 0 0 0 0 0 0 0 0 0 0,-99.2896,,6.6511,0.0249,1.4637,0.4771,0.6206,-1.8042,,-0.6722,,-0.3798,,-1.6327,,-19.3103,-84.8706,,-99.2896,,QC'd by InterBioScreen
6,3717570,2544536,COC1=CC=CC=C1NC(=O)NC2=CC=NN2CC3=CC=CS3,Active,43,http://assay.nih.gov/htsws/rest/display/dm1-f3-menin-htrf/MLS000053827-01/52367679,,Inhibitor,10.3119,104.466,,43,Partial curve; high efficacy,-4.9867,1.4787,0.9988,-104.238,0.2285,-2.1,0 0 0 0 0 0 0 0 0 0 0 0,-95.9833,,0.7013,1.7317,-0.0842,1.1784,1.0677,0.1182,,-1.9948,,-1.6395,,-10.5096,,-32.7085,-75.9467,,-95.9833,,QC'd by Enamine
7,4257838,2217917,CCOC(=O)CCCCC(=O)C1=C(NC(=O)N1)CN2CCOCC2,Active,42,http://assay.nih.gov/htsws/rest/display/dm1-f3-menin-htrf/MLS000050816-01/52367699,,Inhibitor,16.3433,105.88,,42,Partial curve; high efficacy,-4.7867,1.1341,0.998,-105.156,0.7243,-2.1,0 0 0 0 0 0 0 0 0 0 0 0,-83.8564,,3.9003,-0.0198,1.2324,0.0823,-0.2409,0.9634,,-0.5572,,-3.9999,,-9.0343,,-26.3906,-57.7283,,-83.8564,,QC'd by DPISMR
8,144203564,79472,CC1=CC(=C2C=C(C=CC2=N1)NC(=O)NC3=CC4=C(C=C(N=C4C=C3)C)N)N.Cl.Cl,Active,41,http://assay.nih.gov/htsws/rest/display/dm1-f3-menin-htrf/NCGC00013130-03/52367803,,Inhibitor,20.575,81.4895,,41,Partial curve; high efficacy,-4.6867,2.3332,0.9807,-83.9376,-2.4482,-2.1,0 0 0 0 0 0 0 0 0 0 0 0,-82.2918,,-1.3938,2.1899,-5.376,-1.2829,1.9366,-3.7803,,-2.0138,,-4.2673,,-8.0572,,-10.7175,-37.6704,,-82.2918,,QC'd by Labotest
9,14741545,9551687,COC1=C(C=C(C=C1)C2=NC3=C(N2)C=NC=C3)OC.Cl,Active,41,http://assay.nih.gov/htsws/rest/display/dm1-f3-menin-htrf/MLS000555431-01/52367760,,Inhibitor,18.3375,98.1675,,41,Partial curve; high efficacy,-4.7367,1.7529,0.9979,-99.7258,-1.5583,-2.1,0 0 0 0 0 0 0 0 0 0 0 0,-87.4788,,-0.468,-0.2822,-2.018,-0.479,-1.7731,-1.8477,,-0.5747,,-1.2132,,-6.5536,,-13.6306,-53.9449,,-87.4788,,QC'd by DPISMR
10,22402066,3594133,CC(C)[NH+]1CCC2(CC1)C(=C(NC(=C2C#N)[S-])N)C#N,Active,41,http://assay.nih.gov/htsws/rest/display/dm1-f3-menin-htrf/MLS000587489-01/52367769,,Inhibitor,18.3375,98.0198,,41,Partial curve; high efficacy,-4.7367,1.7529,0.9605,-96.9891,1.0307,-2.1,0 0 0 0 0 0 0 0 0 0 0 0,-89.8047,,-9.8214,13.2669,5.5854,2.0343,-0.7559,-0.0541,,0.6632,,-2.1959,,-4.3295,,-13.6429,-45.5805,,-89.8047,,QC'd by InterBioScreen
11,24797946,16189866,CC1=C(SC=C1)C(=O)C2CCCN(C2)CC3=CC=C(C=C3)N4C=CC=N4,Active,41,http://assay.nih.gov/htsws/rest/display/dm1-f3-menin-htrf/MLS000732863-01/52367740,,Inhibitor,18.3375,96.0045,,41,Partial curve; high efficacy,-4.7367,1.7529,0.9959,-96.9976,-0.9931,-2.1,0 0 0 0 0 0 0 0 0 0 0 0,-89.8126,,-0.3639,0.0525,-0.9501,0.1183,-0.4572,-0.2374,,-2.0163,,-1.6231,,-5.7662,,-15.9499,-49.6237,,-89.8126,,QC'd by ChemBridge
12,24823176,1266385,CN1CCC2(CC1)C(=C(NC(=C2C#N)S)N)C#N,Active,41,http://assay.nih.gov/htsws/rest/display/dm1-f3-menin-htrf/MLS000728080-01/52367763,,Inhibitor,16.3433,100.946,,41,Partial curve; high efficacy,-4.7867,2.5334,0.992,-100.422,0.5235,-2.1,0 0 0 0 0 0 0 0 0 0 0 0,-95.6403,,9.0659,-0.1806,0.2718,-1.9034,-1.5081,-0.2398,,0.0353,,-0.2584,,-0.8218,,-8.4819,-60.8464,,-95.6403,,QC'd by Chem Div
13,24840542,2121658,COC1=CC=C(C=C1)CC2=NNC(=S)N2NC(=O)NC3=CC(=C(C=C3)Cl)Cl,Active,41,http://assay.nih.gov/htsws/rest/display/dm1-f3-menin-htrf/MLS000517369-01/52367772,,Inhibitor,41.0526,99.0999,,41,Partial curve; partial efficacy,-4.3867,1.9282,0.9959,-100,-0.9001,-2.2,0 0 0 0 0 0 0 0 0 0 0 0,-68.4434,,-0.4631,-1.3246,0.5575,-0.1615,-0.9346,-0.6766,,-1.3908,,0.0369,,-2.334,,-2.1016,-21.4847,,-68.4434,,
14,49826639,24677797,CC1=CC(=C(C=C1)OC(=O)CC2=CC(=C(C=C2)OC)OC)Br,Active,41,http://assay.nih.gov/htsws/rest/display/dm1-f3-menin-htrf/MLS001129720-01/52367722,,Inhibitor,16.3433,103.52,,41,Partial curve; high efficacy,-4.7867,2.5334,0.9986,-104.53,-1.0093,-2.1,0 0 0 0 0 0 0 0 0 0 0 0,-100.124,,-0.3249,-0.5381,-0.4398,-1.5132,0.8056,-3.5023,,0.1507,,0.1199,,-3.2838,,-9.8763,-62.8675,,-100.124,,QC'd by UrkORgSynthesis Ltd
15,144204975,16129778,C1=C(C=C(C(=C1O)O)O)C(=O)OC2=CC(=CC(=C2O)O)C(=O)OC[C@@H]3[C@H]([C@@H]([C@H]([C@@H](O3)OC(=O)C4=CC(=C(C(=C4)OC(=O)C5=CC(=C(C(=C5)O)O)O)O)O)OC(=O)C6=CC(=C(C(=C6)OC(=O)C7=CC(=C(C(=C7)O)O)O)O)O)OC(=O)C8=CC(=C(C(=C8)OC(=O)C9=CC(=C(C(=C9)O)O)O)O)O)OC(=O)C1=CC(=C(C(=C1)OC(=O)C1=CC(=C(C(=C1)O)O)O)O)O,Active,40,http://assay.nih.gov/htsws/rest/display/dm1-f3-menin-htrf/NCGC00095101-01/52367744,,Inhibitor,36.5881,115.169,,40,Partial curve; high efficacy,-4.4367,3.6772,0.9771,-117.844,-2.6752,-2.1,0 0 0 0 0 0 0 0 0 0 0 0,-99.1953,,7.8135,-1.4428,-0.5535,-1.5788,-1.4935,-3.6217,,-4.6039,,-7.074,,-7.8698,,-8.0887,-13.2032,,-99.1953,,QC'd by Microsource
16,26729398,2808886,CN1C(=CC=N1)NC(=O)NC2=CC(=CC=C2)Cl,Active,40,http://assay.nih.gov/htsws/rest/display/dm1-f3-menin-htrf/MLS001111230-01/52367717,,Inhibitor,32.6092,99.4764,,40,Partial curve; partial efficacy,-4.4867,1.5095,0.994,-100,-0.5236,-2.2,0 0 0 0 0 0 0 0 0 0 0 0,-74.7184,,-0.0526,0.0397,0.5172,0.3708,-0.8377,0.3044,,-0.3732,,0.312,,-2.2957,,-11.3722,-31.6694,,-74.7184,,
17,4265581,2217915,CCOC(=O)CCCCC(=O)C1=C(NC(=O)N1)CN2C=NC3=CC=CC=C32,Active,40,http://assay.nih.gov/htsws/rest/display/dm1-f3-menin-htrf/MLS000050815-01/52367791,,Inhibitor,25.9024,91.7553,,40,Partial curve; high efficacy,-4.5867,3.0654,0.9973,-90.4076,1.3477,-2.1,0 0 0 0 0 0 0 0 0 0 0 0,-83.2633,,-1.1147,2.0106,1.2383,0.4336,0.4165,0.4035,,0.5962,,3.2596,,0.3979,,1.7793,-23.6788,,-83.2633,,QC'd by DPISMR
18,49645380,816658,C1=CC(=C(C=C1NC(=O)NN2C=NN=C2)Cl)Cl,Active,40,http://assay.nih.gov/htsws/rest/display/dm1-f3-menin-htrf/MLS001202697-01/52367801,,Inhibitor,32.6092,100.166,,40,Partial curve; partial efficacy,-4.4867,1.6259,0.9919,-100,0.1663,-2.2,0 0 0 0 0 0 0 0 0 0 0 0,-70.6794,,-3.014,2.6576,2.3712,1.6626,0.1172,0.3394,,0.0281,,-1.4388,,-2.0055,,-7.8316,-26.2612,,-70.6794,,QC'd by Asinex Ltd.
19,49667143,6621232,CC1=CC(=NC2=C1C=C(C=C2)NC(=O)C3=CC(=C(C(=C3)OC)OC)OC)N4CCN(CC4)C,Active,40,http://assay.nih.gov/htsws/rest/display/dm1-f3-menin-htrf/MLS001197839-01/52367703,,Inhibitor,29.063,105.38,,40,Partial curve; high efficacy,-4.5367,2.4064,0.9899,-105.517,-0.1375,-2.1,0 0 0 0 0 0 0 0 0 0 0 0,-88.3728,,8.0019,-1.4963,-0.3139,0.0826,-1.1923,-0.4301,,-0.8707,,-0.548,,-2.7034,,-2.9146,-28.064,,-88.3728,,QC'd by Chem Div
20,49672261,2808860,CN1C(=CC=N1)NC(=O)NC2=CC(=CC=C2)Br,Active,40,http://assay.nih.gov/htsws/rest/display/dm1-f3-menin-htrf/MLS001181686-01/52367768,,Inhibitor,25.9024,101.478,,40,Partial curve; partial efficacy,-4.5867,1.331,0.9991,-100,1.4782,-2.2,0 0 0 0 0 0 0 0 0 0 0 0,-72.9898,,0.2103,1.6033,1.1078,1.8159,2.2285,2.1869,,1.754,,0.6607,,-2.6869,,-13.1975,-39.3877,,-72.9898,,QC'd by Maybridge
21,49827291,24819596,CC(=O)C1=CC=C(C=C1)NC(=O)NC2=CN=CC=C2,Active,40,http://assay.nih.gov/htsws/rest/display/dm1-f3-menin-htrf/MLS001230229-01/52367696,,Inhibitor,29.063,106.958,,40,Partial curve; high efficacy,-4.5367,2.0479,0.9986,-106.237,0.7209,-2.1,0 0 0 0 0 0 0 0 0 0 0 0,-85.1256,,0.7678,1.0797,1.3059,0.7842,0.0551,2.6653,,0.419,,0.1304,,-1.7308,,-4.9461,-31.1656,,-85.1256,,QC'd by ChemT & I Ltd.
22,860392,661686,CC1=CC2=C(C(C(=C(O2)N)C#N)C3=CC=CC=C3Br)C(=O)N1CCN(C)C,Active,40,http://assay.nih.gov/htsws/rest/display/dm1-f3-menin-htrf/MLS000078007-01/52367739,,Inhibitor,25.9024,100.641,,40,Partial curve; partial efficacy,-4.5867,1.4787,0.9875,-100,0.6412,-2.2,0 0 0 0 0 0 0 0 0 0 0 0,-76.3145,,7.2739,-0.2812,-0.1225,-1.2456,0.2799,0.5445,,0.0644,,-0.8364,,-4.0457,,-12.4704,-34.6153,,-76.3145,,QC'd by InterBioScreen
23,26729284,2808768,CN1C(=CC=N1)NC(=O)NC2=CC=C(C=C2)Cl,Inconclusive,22,http://assay.nih.gov/htsws/rest/display/dm1-f3-menin-htrf/MLS001111217-01/52367777,,Inhibitor,65.0639,100.11,,22,Partial curve; partial efficacy,-4.1867,1.21,0.9783,-100,0.1096,-2.2,0 0 0 0 0 0 0 0 0 0 0 0,-46.5876,,-0.3456,0.6038,-0.845,2.316,-1.8202,-0.883,,-1.1587,,-1.5803,,-0.5375,,-4.0166,-13.3675,,-46.5876,,
24,3715807,2999362,C1CS(=O)(=O)CC1NC(=O)CSC2=NNC(=N2)C3=CC=NC=C3,Inconclusive,22,http://assay.nih.gov/htsws/rest/display/dm1-f3-menin-htrf/MLS000057399-01/52367731,,Inhibitor,65.0639,100.183,,22,Partial curve; partial efficacy,-4.1867,1.21,0.9924,-100,0.1831,-2.2,0 0 0 0 0 0 0 0 0 0 0 0,-46.8067,,0.0332,-2.46,0.2603,-0.0313,-1.0636,-0.261,,1.3623,,-0.9485,,0.2076,,-4.0767,-18.2288,,-46.8067,,QC'd by Enamine
25,4245880,3240297,CC1=C(C2=C(S1)N=CN(C2=O)CC(=O)NC3=CC(=CC=C3)OC)S(=O)(=O)N4CCN(CC4)C,Inconclusive,22,http://assay.nih.gov/htsws/rest/display/dm1-f3-menin-htrf/MLS000086535-01/52367758,,Inhibitor,81.9106,99.6031,,22,Partial curve; partial efficacy,-4.0867,1.21,0.9814,-100,-0.3969,-2.2,0 0 0 0 0 0 0 0 0 0 0 0,-42.547,,-1.6464,1.4222,-0.0085,-0.0766,-0.0175,-1.0055,,-2.3175,,-0.6124,,-3.9929,,-3.9062,-12.4461,,-42.547,,QC'd by Chem Div
26,4249227,3243211,CCOC(=O)N1CCC(CC1)NC(=O)CCC2=NC(=NO2)C3=CCN(CC3)C,Inconclusive,22,http://assay.nih.gov/htsws/rest/display/dm1-f3-menin-htrf/MLS000094340-01/52367707,,Inhibitor,81.9106,100.664,,22,Partial curve; partial efficacy,-4.0867,1.1,0.9938,-100,0.6643,-2.2,0 0 0 0 0 0 0 0 0 0 0 0,-41.8524,,-0.0153,0,0.074,0.3845,-0.5492,1.3551,,1.505,,-0.9551,,-0.01,,-4.3952,-16.4458,,-41.8524,,QC'd by Chem Div
27,49648138,1799645,CCCNC(=O)NC1=CC(=C(C=C1CC2=NC=CC3=CC(=C(C=C32)OC)OC)OC)OC,Inconclusive,22,http://assay.nih.gov/htsws/rest/display/dm1-f3-menin-htrf/MLS001216627-01/52367759,,Inhibitor,81.9106,99.0958,,22,Partial curve; partial efficacy,-4.0867,1.1,0.9932,-100,-0.9042,-2.2,0 0 0 0 0 0 0 0 0 0 0 0,-43.8236,,-0.952,-0.283,-0.1162,-0.4515,-1.5637,0.2186,,-1.2787,,-1.0681,,-2.7862,,-5.9067,-17.1367,,-43.8236,,QC'd by InterBioScreen
28,7976652,790158,COC1=CC=C(C=C1)NC(=O)NC(C(F)(F)F)C(F)(F)F,Inconclusive,22,http://assay.nih.gov/htsws/rest/display/dm1-f3-menin-htrf/MLS000104672-01/52367684,,Inhibitor,65.0639,99.422,,22,Partial curve; partial efficacy,-4.1867,1.1341,0.9909,-100,-0.578,-2.2,0 0 0 0 0 0 0 0 0 0 0 0,-50.444,,-1.3742,0.3362,-0.8953,-0.775,-1.3022,0.2171,,-2.1879,,-0.1068,,-2.1339,,-7.4134,-19.0266,,-50.444,,QC'd by DPISMR
29,144205193,12305037,C1=CC(=C(C=C1[C@H](CN)O)O)O.C(C(C(=O)O)O)(C(=O)O)O.C(C(C(=O)O)O)(C(=O)O)O,Inconclusive,21,http://assay.nih.gov/htsws/rest/display/dm1-f3-menin-htrf/NCGC00159406-02/52367815,,Inhibitor,11.5702,51.1548,,21,Complete curve; partial efficacy,-4.9367,2.9023,0.9879,-44.6548,6.5,-1.2,0 0 0 0 0 0 0 0 0 0 0 0,-44.0527,,6.8088,7.3797,10.1158,7.2781,3.1866,7.7688,,6.8548,,5.6041,,2.3078,,-0.7988,-34.9294,,-44.0527,,QC'd by Labotest
30,14721420,3146919,CCCCN1C2C(NC(=O)N2)NC1=O,Inconclusive,21,http://assay.nih.gov/htsws/rest/display/dm1-f3-menin-htrf/MLS000121537-01/52367756,,Inhibitor,41.0526,99.9575,,21,Partial curve; partial efficacy,-4.3867,1.3723,0.9895,-100,-0.0425,-2.2,0 0 0 0 0 0 0 0 0 0 0 0,-60.3945,,5.0303,0.1516,-0.6408,-2.0964,-0.7737,-1.44,,-1.7858,,-0.9188,,-2.2059,,-7.1766,-27.281,,-60.3945,,QC'd by Asinex Ltd.
31,17385888,2525307,CC1=CC(=NO1)NC(=O)CSC2=NNC(=N2)C3=CC=C(C=C3)OC,Inconclusive,21,http://assay.nih.gov/htsws/rest/display/dm1-f3-menin-htrf/MLS000567417-01/52367704,,Inhibitor,51.6821,98.9685,,21,Partial curve; partial efficacy,-4.2867,1.4163,0.9942,-100,-1.0315,-2.2,0 0 0 0 0 0 0 0 0 0 0 0,-54.1426,,-1.8796,-0.4696,-0.6793,1.1724,-2.0117,-0.9616,,0.1293,,-1.4864,,-4.5076,,-6.286,-19.4713,,-54.1426,,QC'd by DPISMR
32,24814533,13005184,CCOC(=O)CCCCC(=O)C1=C(NC(=O)N1)C[N+]2=CC=CC=C2.[Cl-],Inconclusive,21,http://assay.nih.gov/htsws/rest/display/dm1-f3-menin-htrf/MLS000675309-01/52367726,,Inhibitor,51.6821,101.202,,21,Partial curve; partial efficacy,-4.2867,1.4781,0.9941,-100,1.2023,-2.2,0 0 0 0 0 0 0 0 0 0 0 0,-50.9097,,0.7689,0.7844,1.7789,1.6287,2.0677,-0.9048,,0.4117,,0.7925,,-1.0749,,-3.8166,-17.486,,-50.9097,,QC'd by Chem Div
33,49823476,17278361,CC1=C(C=C(C=C1)NC(=O)NN2C=NN=C2)Cl,Inconclusive,21,http://assay.nih.gov/htsws/rest/display/dm1-f3-menin-htrf/MLS001224694-01/52367741,,Inhibitor,41.0526,102.801,,21,Partial curve; partial efficacy,-4.3867,1,0.9939,-100,2.8012,-2.2,0 0 0 0 0 0 0 0 0 0 0 0,-58.1857,,5.7904,3.0465,1.2562,1.0439,1.5938,2.7816,,1.5823,,1.4651,,-1.9294,,-11.9921,-27.7068,,-58.1857,,QC'd by ChemT & I Ltd.
34,49823790,970134,COC1=C(C=C(C=C1)NC(=O)NN2C=NN=C2)OC,Inconclusive,21,http://assay.nih.gov/htsws/rest/display/dm1-f3-menin-htrf/MLS001224506-01/52367705,,Inhibitor,41.0526,102.977,,21,Partial curve; partial efficacy,-4.3867,1.1,0.9464,-100,2.9771,-2.2,0 0 0 0 0 0 0 0 0 0 0 0,-58.9781,,11.4808,4.3886,9.9462,0.2674,-1.4022,1.8143,,-0.2551,,-3.0336,,-2.7728,,-9.6377,-23.1463,,-58.9781,,QC'd by ChemT & I Ltd.
35,49825863,18807513,C1=CC(=CC=C1NC(=O)NN2C=NN=C2)Br,Inconclusive,21,http://assay.nih.gov/htsws/rest/display/dm1-f3-menin-htrf/MLS001229883-01/52367714,,Inhibitor,51.6821,100.015,,21,Partial curve; partial efficacy,-4.2867,1.4781,0.9703,-100,0.0153,-2.2,0 0 0 0 0 0 0 0 0 0 0 0,-56.0735,,8.7732,0.7865,-0.2701,-0.1633,-1.6417,-2.2356,,-0.9918,,-0.175,,-1.3754,,-5.4295,-18.6603,,-56.0735,,QC'd by ChemT & I Ltd.
36,49825865,24819058,C1=CC(=C(C=C1NC(=O)NN2C=NN=C2)Cl)F,Inconclusive,21,http://assay.nih.gov/htsws/rest/display/dm1-f3-menin-htrf/MLS001224687-01/52367686,,Inhibitor,51.6821,100.945,,21,Partial curve; partial efficacy,-4.2867,1.4781,0.9969,-100,0.9449,-2.2,0 0 0 0 0 0 0 0 0 0 0 0,-53.6902,,1.2906,1.094,0.4877,-0.154,0.0938,0.5872,,-0.0313,,1.8604,,0.8326,,-4.8966,-16.8005,,-53.6902,,QC'd by ChemT & I Ltd.
37,7972091,885153,CC1=C(C(=NC(=N1)C2=CC=C(C=C2)Cl)NC(=O)C)C(=O)C,Inconclusive,21,http://assay.nih.gov/htsws/rest/display/dm1-f3-menin-htrf/MLS000111311-01/52367706,,Inhibitor,20.575,98.0971,,21,Partial curve; partial efficacy,-4.6867,1.6924,0.9434,-100,-1.9029,-2.2,1 0 0 0 0 0 0 0 0 0 0 1,-17.5422,,-33.396,-10.5034,-2.4132,-0.2308,-0.0261,-2.9985,,1.5696,,0.7621,,-0.1879,,-14.4831,-52.4597,,-17.5422,,QC'd by DPISMR
38,866058,667319,C1N(CN(C(=O)N1C2=CC(=C(C=C2)Cl)Cl)N3C=NN=C3)CC4=CC=CC=C4,Inconclusive,21,http://assay.nih.gov/htsws/rest/display/dm1-f3-menin-htrf/MLS000084233-01/52367711,,Inhibitor,51.6821,99.7674,,21,Partial curve; partial efficacy,-4.2867,1.6924,0.996,-100,-0.2326,-2.2,0 0 0 0 0 0 0 0 0 0 0 0,-56.0167,,0.6197,1.309,-0.7851,-0.0943,-0.6676,-0.47,,-1.7563,,-0.8166,,-1.456,,-4.3434,-15.0127,,-56.0167,,QC'd by DPISMR
39,144204731,61444,O.O.O.O.O.O.O.[O-]S(=O)(=O)[O-].[Co+2],Inconclusive,10,http://assay.nih.gov/htsws/rest/display/dm1-f3-menin-htrf/NCGC00091925-01/52367733,,Inhibitor,81.9106,101,,10,Single point of activity,-4.0867,1.8851,0.8622,-100,1,-3,0 0 0 0 0 0 0 0 0 0 0 0,-31.5961,,4.7073,0.568,0.3523,-0.0977,-0.8716,-1.7644,,-1.3621,,-0.6512,,-0.6555,,0.426,4.7074,,-31.5961,,QC'd by NIEHS
40,24785954,5347679,CC1=CC=C(C=C1)S(=O)(=O)OC2=CC=CC=C2/C=N/N=C(N)N,Inconclusive,10,http://assay.nih.gov/htsws/rest/display/dm1-f3-menin-htrf/MLS000684822-01/52367750,,Inhibitor,103.119,99.5,,10,Single point of activity,-3.9867,1.4641,0.9735,-100,-0.5,-3,0 0 0 0 0 0 0 0 0 0 0 0,-32.429,,-1.8058,-1.0349,-1.6416,-1.568,-0.8856,3.0369,,-0.9497,,-0.8268,,-0.3676,,-1.301,-7.0623,,-32.429,,QC'd by ChemBridge
41,24799497,16191168,C1CN(CC2=CC=CC=C21)CC(COC3=CC=CC=C3CNCC4=CN=CC=C4)O,Inconclusive,10,http://assay.nih.gov/htsws/rest/display/dm1-f3-menin-htrf/MLS000733072-01/52367765,,Inhibitor,65.0639,101.245,,10,Single point of activity,-4.1867,1.4641,0.9621,-100,1.2451,-3,0 0 0 0 0 0 0 0 0 0 0 0,-45.5477,,0.0922,2.001,1.0169,-0.3151,-0.8349,0.7843,,1.733,,0.8448,,-0.8782,,-1.9085,-5.4237,,-45.5477,,QC'd by ChemBridge
42,24824789,3904155,CC1=CC=C(C=C1)NC(=O)NN2C(=NNC2=S)CC3=CC=C(C=C3)OC,Inconclusive,10,http://assay.nih.gov/htsws/rest/display/dm1-f3-menin-htrf/MLS000517359-01/52367747,,Inhibitor,65.0639,100.194,,10,Single point of activity,-4.1867,1.331,0.9568,-100,0.1936,-3,0 0 0 0 0 0 0 0 0 0 0 0,-47.675,,0.3895,-3.8214,-0.4591,-0.2452,-1.0004,-1.7229,,0.117,,-1.1569,,-1.139,,-2.4432,-8.7441,,-47.675,,QC'd by Enamine
43,4255098,978050,CC(=O)C1=CC(=CC=C1)NC(=O)NC2=CN=CC=C2,Inconclusive,10,http://assay.nih.gov/htsws/rest/display/dm1-f3-menin-htrf/MLS000050504-01/52367728,,Inhibitor,65.0639,100.953,,10,Single point of activity,-4.1867,1.4641,0.9682,-100,0.9525,-3,0 0 0 0 0 0 0 0 0 0 0 0,-43.6817,,-0.4973,1.7937,0.0012,0.6648,0.6551,-0.5543,,0.044,,-1.2468,,-0.864,,-2.1369,-7.0795,,-43.6817,,QC'd by ChemBridge
44,7968624,4616029,CN1CCC(=CC1)C2=NOC(=N2)CCC(=O)NC3=NC4=C(S3)C=C(C=C4)OC,Inconclusive,10,http://assay.nih.gov/htsws/rest/display/dm1-f3-menin-htrf/MLS000119993-01/52367730,,Inhibitor,410.526,96.5,,10,Partial curve; partial efficacy; poor fit,-3.3867,0.4,0.5645,-100,-3.5,-2.4,0 0 0 0 0 0 0 0 0 0 0 0,-21.8274,,-14.4287,-8.3853,-2.0217,1.3081,-7.4585,-0.0574,,0.4761,,-1.7494,,-17.5304,,-29.2207,-38.4258,,-21.8274,,QC'd by Chem Div
45,7972034,764138,CC1=C(C(=CC=C1)N2CCN(CC2)CC3=CC(=C(C=C3)OC)OC)C,Inconclusive,10,http://assay.nih.gov/htsws/rest/display/dm1-f3-menin-htrf/MLS000105312-01/52367697,,Inhibitor,81.9106,101.5,,10,Single point of activity,-4.0867,1.4641,0.983,-100,1.5,-3,0 0 0 0 0 0 0 0 0 0 0 0,-35.3141,,-0.1324,1.7661,1.262,1.1456,0.4524,1.6275,,0.6561,,0.1569,,1.1488,,0.9164,-6.1482,,-35.3141,,QC'd by DPISMR
46,11532860,6852374,CNC[C@@H](C1=CC(=C(C=C1)O)O)O.C(C(C(=O)O)O)(C(=O)O)O,Inactive,0,http://assay.nih.gov/htsws/rest/display/dm1-f3-menin-htrf/MLS000028381-01/52367725,,Inactive,,,,0,,-4.5367,1.2876,0.8482,6,-0.3897,4,0 0 0 0 0 0 0 0 0 0 0 0,4.4613,,-0.5176,-1.1581,0.308,0.7195,-0.8288,-0.5174,,0.2335,,0.3347,,0.2731,,0.5146,1.6701,,4.4613,,QC'd by Sigma Chemical Company
47,11532972,5283102,CCCCC[C@@H](/C=C/[C@H]1[C@@H](C[C@@H]([C@@H]1C/C=C\CCCC(=O)OC)O)O)O,Inactive,0,http://assay.nih.gov/htsws/rest/display/dm1-f3-menin-htrf/MLS000028823-01/52367708,,Inactive,,,,0,,-4.7867,3.5117,0.8367,-8.384,-1.1081,4,0 0 0 0 0 0 0 0 0 0 0 1,2.3734,,-1.041,-1.7866,-2.2446,-0.0901,-1.0477,-0.9967,,-0.7419,,-0.4787,,-0.2171,,-1.2197,-5.7367,,2.3734,,QC'd by Sigma Chemical Company
48,144203748,51082,C1=CC(=C2C(=C1NCCNCCO)C(=O)C3=C(C=CC(=C3C2=O)O)O)NCCNCCO.Cl.Cl,Inactive,0,http://assay.nih.gov/htsws/rest/display/dm1-f3-menin-htrf/NCGC00015693-02/52367808,,Inactive,,,,0,,-6.6563,4.9549,0.4249,-4.2809,0.5,4,0 0 0 0 0 0 0 0 0 0 0 0,-5.6508,-2.6574,-0.873,-4.5076,2.4722,4.6598,0.099,3.9455,,-4.3218,,-5.4226,,-0.6809,,-5.526,-5.6508,,,,QC'd by Prestwick Chemical; Inc.
49,144203909,5311498,CC1=CC2=C(C=C1C)N(C=N2)[C@@H]3[C@@H]([C@@H]([C@H](O3)CO)OP(=O)([O-])O[C@H](C)CNC(=O)CC[C@@]4([C@H]([C@@H]5[C@]6([C@@]([C@@H](/C(=C(/C7=N/C(=C\C8=N/C(=C(\C4=N5)/C)/[C@H](C8(C)C)CCC(=O)N)/[C@H]([C@]7(C)CC(=O)N)CCC(=O)N)\C)/[N-]6)CCC(=O)N)(C)CC(=O)N)C)CC(=O)N)C)O.[C-]#N.[Co+3],Inactive,0,http://assay.nih.gov/htsws/rest/display/dm1-f3-menin-htrf/NCGC00016302-01/52367817,,Inactive,,,,0,,-4.9063,2.2526,0.9561,32,8,4,0 0 0 0 0 0 0 0 0 0 0 0,28.263,7.1429,8.7742,5.628,10.4473,8.1998,9.4414,7.2761,,8.5348,,6.8067,,7.926,,15.3414,28.263,,,,QC'd by Prestwick Chemical; Inc.
50,144205097,20055083,CC1=CC2=C(C=C1C)N(C=N2)[C@@H]3[C@@H]([C@@H]([C@H](O3)CO)OP(=O)([O-])OC(C)CNC(=O)CCC\4(C(C5C6(C(C(C(=N6)/C(=C\7/C(C(C(=N7)/C=C\8/C(C(C(=N8)/C(=C4\[N-]5)/C)CCC(=O)N)(C)C)CCC(=O)N)(C)CC(=O)N)/C)CCC(=O)N)(C)CC(=O)N)C)CC(=O)N)C)O.[CH2-][C@@H]1[C@H]([C@H]([C@@H](O1)N2C=NC3=C(N=CN=C32)N)O)O.[Co+3],Inactive,0,http://assay.nih.gov/htsws/rest/display/dm1-f3-menin-htrf/NCGC00095993-01/52367824,,Inactive,,,,0,,-9.3867,4.9549,0.4283,2,-5.9649,4,0 0 0 0 0 0 0 0 0 0 0 0,1.4256,,-4.1374,2.6966,-0.5881,3.1105,2.3762,4.7582,,5.8791,,0.971,,-0.0159,,-0.5025,0.5556,,1.4256,,QC'd by Microsource
51,144205446,6719,C1=CC=C(C=C1)C(C2=CC=CC=C2)C(=O)C3C(=O)C4=CC=CC=C4C3=O,Inactive,0,http://assay.nih.gov/htsws/rest/display/dm1-f3-menin-htrf/NCGC00160553-01/52367811,,Inactive,,,,0,,-4.5867,2.7202,0.7826,-28.94,1,4,0 0 0 0 0 0 0 0 0 0 0 0,-25.7833,,-0.2109,4.4792,-7.3642,2.43,6.8298,-2.9156,,0.445,,5.4743,,-3.8593,,4.0767,-8.7309,,-25.7833,,QC'd by SigmaAldrich
52,144205498,5280805,C[C@H]1[C@@H]([C@H]([C@H]([C@@H](O1)OC[C@@H]2[C@H]([C@@H]([C@H]([C@@H](O2)OC3=C(OC4=CC(=CC(=C4C3=O)O)O)C5=CC(=C(C=C5)O)O)O)O)O)O)O)O,Inactive,0,http://assay.nih.gov/htsws/rest/display/dm1-f3-menin-htrf/NCGC00160628-01/52367831,,Inactive,,,,0,,-4.3367,4.9549,0.7666,21,4,4,0 0 0 0 0 0 0 0 0 0 0 0,16.6375,,3.516,4.6619,2.5903,2.5655,5.8579,5.3829,,2.0551,,2.6517,,6.6843,,8.1224,2.5006,,16.6375,,QC'd by SigmaAldrich
53,144205528,135524783,C1[C@@H](N=C(N[C@H]1O)N)[C@H]2C(=O)NC[C@@H](C(=O)N[C@H](C(=O)N[C@H](C(=O)N/C(=C\NC(=O)N)/C(=O)N2)CO)CO)NC(=O)C[C@H](CCCN)N.OS(=O)(=O)O,Inactive,0,http://assay.nih.gov/htsws/rest/display/dm1-f3-menin-htrf/NCGC00160671-01/52367720,,Inactive,,,,0,,-9.3367,4.095,0.8286,-0.2975,12.5,4,0 0 0 0 0 0 0 0 0 0 0 0,-2.7479,,10.1476,0.2231,2.4644,-0.3724,0.8091,-1.0208,,-0.5672,,-0.9408,,-1.7599,,1.2708,0.1656,,-2.7479,,QC'd by Vitas
54,144206030,135508550,C[C@H]1C(=O)N[C@H](C(=O)N/C(=C\NC(=O)N)/C(=O)N[C@H](C(=O)NC[C@@H](C(=O)N1)N)[C@H]2CCNC(=N2)N)CNC(=O)C[C@H](CCCN)N,Inactive,0,http://assay.nih.gov/htsws/rest/display/dm1-f3-menin-htrf/NCGC00167473-01/52367806,,Inactive,,,,0,,-4.8367,2.0937,0.8674,-12.1989,5,4,0 0 0 0 0 0 0 0 0 0 0 0,-10.9991,,3.4929,1.4075,4.5319,5.8061,5.458,3.7053,,10.3205,,4.2585,,4.9776,,2.3136,-6.042,,-10.9991,,QC'd by Bosche
55,144206339,60196309,CC1=CC2=C(C=C1C)N(C=N2)[C@@H]3[C@@H]([C@@H]([C@H](O3)CO)OP(=O)(O)OC(C)CNC(=O)CC[C@@]4([C@H]([C@@H]5[C@]6([C@@]([C@@H](/C(=C(/C7=N/C(=C\C8=N/C(=C(\C4=N5)/C)/[C@H](C8(C)C)CCC(=O)N)/[C@H]([C@]7(C)CC(=O)N)CCC(=O)N)\C)/[N-]6)CCC(=O)N)(C)CC(=O)N)C)CC(=O)N)C)O.CC(=O)O.[Co],Inactive,0,http://assay.nih.gov/htsws/rest/display/dm1-f3-menin-htrf/NCGC00181318-01/52367829,,Activator,20.575,119.766,,0,Partial curve; high efficacy,-4.6867,1.7885,0.9588,103.07,-16.6967,2.1,0 0 0 0 0 0 0 0 0 0 0 0,93.7032,,-27.5555,-26.3676,-24.2948,-14.2517,-9.5648,-10.0542,,-16.0476,,-13.2846,,-8.0569,,0.7755,33.4932,,93.7032,,QC'd by SIGMA
56,14718977,9549123,C1CCC(CC1)NC(=O)C2=CC=CC=C2NC(=O)C3CC(=O)N(C3)C4=CC=CC=C4,Inactive,0,http://assay.nih.gov/htsws/rest/display/dm1-f3-menin-htrf/MLS000547220-01/52367764,,Inactive,,,,0,,,,,,,4,,1.7283,,0.3524,0.6476,0.2814,1.3302,0.613,1.7382,,-0.2916,,-1.0577,,2.0259,,0.5916,-2.5158,,1.7283,,QC'd by Specs
57,14719284,9549166,C1CCC(CC1)NC(=O)C2=CC=CC=C2NC(=O)C3CC(=O)N(C3)C4=CC=C(C=C4)Cl,Inactive,0,http://assay.nih.gov/htsws/rest/display/dm1-f3-menin-htrf/MLS000547221-01/52367792,,Inactive,,,,0,,,,,,,4,,0.0162,,0.2558,0.2916,-0.9665,-0.3413,0.4569,0.3614,,2.16,,0.5385,,0.9229,,0.5702,0.6603,,0.0162,,QC'd by Specs
58,14721415,3211990,COCCNC(=O)C(C1=CC=CS1)N(C2=CC=C(C=C2)OC)C(=O)CN3C4=CC=CC=C4N=N3,Inactive,0,http://assay.nih.gov/htsws/rest/display/dm1-f3-menin-htrf/MLS000121531-01/52367776,,Inactive,,,,0,,,,,,,4,,2.0789,,-0.9293,-0.6697,2.3208,2.3431,2.6847,0.0548,,1.4446,,3.1713,,2.1717,,2.5652,2.4358,,2.0789,,QC'd by Asinex Ltd.
59,14721815,3181378,CCN1C(=NN=C1SCC(=O)NC2=NC(=C(S2)C)C)C3=CC=CS3,Inactive,0,http://assay.nih.gov/htsws/rest/display/dm1-f3-menin-htrf/MLS000122071-01/52367752,,Inactive,,,,0,,,,,,,4,,2.4324,,-0.4322,-0.2659,-0.5861,0.4636,-0.9105,0.4914,,-0.5721,,0.3837,,1.7603,,-0.0658,0.4147,,2.4324,,QC'd by Asinex Ltd.
60,14722051,3193485,C1CCC(CC1)N2C(=NN=N2)C(C3=CC=CS3)N4CCCC5(C4)CCCCC5,Inactive,0,http://assay.nih.gov/htsws/rest/display/dm1-f3-menin-htrf/MLS000122386-01/52367789,,Inactive,,,,0,,-5.0367,1.21,0.9144,14,0.9135,4,0 0 0 0 0 0 0 0 0 0 0 1,-4.2365,,0.3594,1.282,-0.4888,1.2837,1.5998,0.0747,,1.2886,,3.0619,,1.4222,,5.4864,11.0641,,-4.2365,,QC'd by Asinex Ltd.
61,14723875,460749,CN1C2=NC(=O)N(C(=O)C2=NC(=N1)C3=CC=C(C=C3)Cl)C,Inactive,0,http://assay.nih.gov/htsws/rest/display/dm1-f3-menin-htrf/MLS000523518-01/52367779,,Activator,1.6343,59.7558,,0,Complete curve; partial efficacy,-5.7867,1.4163,0.9928,58.6168,-1.139,1.2,0 0 0 0 0 0 0 0 0 0 0 0,56.4445,,-1.0808,0.8387,-0.7553,-0.456,-1.7629,-1.2012,,1.3536,,16.0129,,29.9618,,53.955,58.4724,,56.4445,,QC'd by DPISMR
62,14727419,9549643,C1C2=NN=C(N2C3=C(C=C(C=C3)Cl)C(=N1)C4=CC=CC=C4Cl)Br.C1=CC=CC=C1,Inactive,0,http://assay.nih.gov/htsws/rest/display/dm1-f3-menin-htrf/MLS000546782-01/52367748,,Inactive,,,,0,,-5.1367,1.6259,0.9322,12,-0.3235,4,0 0 0 0 0 0 0 0 0 0 0 1,4.2024,,0.8326,0.321,-2.3529,-1.2998,0.2872,0.3341,,-0.0961,,0.3388,,1.3098,,4.7853,10.3272,,4.2024,,QC'd by Specs
63,14727956,775988,CC1=CC(=C(C=C1)C2=NNC(=C2)C3=CC=CC=C3C)O,Inactive,0,http://assay.nih.gov/htsws/rest/display/dm1-f3-menin-htrf/MLS000547497-01/52367729,,Inactive,,,,0,,,,,,,4,,-2.4983,,-0.2173,-0.3176,-0.2976,-1.7878,-0.3251,-0.5355,,-0.3307,,-0.8567,,-0.3315,,-1.0196,-1.9869,,-2.4983,,QC'd by Specs
64,14727957,5431725,C1=CC=C(C=C1)S(=O)(=O)N/N=C\C2=CC=C(O2)C3=CC=CC=C3Cl,Inactive,0,http://assay.nih.gov/htsws/rest/display/dm1-f3-menin-htrf/MLS000549968-01/52367719,,Inactive,,,,0,,-4.2867,0.9,0.8345,10,0.7347,4,0 0 0 0 0 0 0 0 0 0 0 0,6.8386,,-0.2211,1.4433,0.5599,1.5744,1.006,0.1652,,1.4186,,1.1532,,0.8279,,1.298,2.4526,,6.8386,,QC'd by Specs
65,14728232,1217918,CC1=CC=C(O1)/C=C/2\C(=O)N3CCCN=C3S2,Inactive,0,http://assay.nih.gov/htsws/rest/display/dm1-f3-menin-htrf/MLS000549482-01/52367712,,Activator,16.3433,38.5198,,0,Partial curve; partial efficacy,-4.7867,1.5579,0.9959,38.6765,0.1567,2.2,0 0 1 0 0 0 0 0 0 0 0 0,34.5588,,0.6218,-0.3691,13.1144,0.3293,-0.7028,-0.3384,,-0.566,,1.1222,,3.0344,,7.4676,20.9968,,34.5588,,QC'd by Specs
66,14729290,272514,C1C2=CC=CC=C2C(=O)N(C1=O)CC3=CC=CC=C3,Inactive,0,http://assay.nih.gov/htsws/rest/display/dm1-f3-menin-htrf/MLS000540413-01/52367745,,Inactive,,,,0,,-9.1867,4.5045,0.5626,-1.0163,10,4,0 0 0 0 0 0 0 0 0 0 0 0,2.9155,,9.5541,0.3896,-0.9088,-0.8327,-1.9313,-0.055,,-5.008,,0.5127,,-5.8469,,0.6146,2.7616,,2.9155,,QC'd by DPISMR
67,14730721,254021,C1=CC=C2C(=C1)C3=C(C=C(C=C3)N)C(=O)C2=O,Inactive,0,http://assay.nih.gov/htsws/rest/display/dm1-f3-menin-htrf/MLS000552658-01/52367746,,Activator,8.1911,93.3098,,0,Complete curve; high efficacy,-5.0867,1.4641,0.9926,93.8652,0.5554,1.1,0 0 0 0 0 0 0 0 0 0 0 0,86.9122,,7.9075,0.5193,0.3059,-0.1483,-0.3184,-0.5795,,2.1085,,2.3155,,8.3337,,39.8301,71.9395,,86.9122,,QC'd by InterBioScreen
68,14735810,9585695,COC1=CC=C(C=C1)/C=N/NC2=NC=CN=C2Cl,Inactive,0,http://assay.nih.gov/htsws/rest/display/dm1-f3-menin-htrf/MLS000532074-01/52367701,,Inactive,,,,0,,-4.6867,1.4787,0.9768,21,0.4138,4,0 0 0 0 0 0 0 0 0 0 0 0,18.4386,,-0.3418,0.4598,-0.4745,0.276,-0.4885,1.0682,,0.2545,,1.8791,,1.6417,,4.6109,9.2589,,18.4386,,QC'd by DPISMR
69,14746297,2945559,C1=CC=C(C=C1)C2C3C(C(=O)NC3=O)N4N2C5C(C4C6=CC=CC=C6)C(=O)NC5=O,Inactive,0,http://assay.nih.gov/htsws/rest/display/dm1-f3-menin-htrf/MLS000534905-01/52367761,,Inactive,,,,0,,,,,,,4,,1.0574,,0.0027,0.6131,0.7965,0.3264,0.4037,0.7787,,-0.8798,,0.1071,,0.9753,,2.2489,1.1068,,1.0574,,QC'd by DPISMR
70,16953114,135501967,C1=CC(=C(C=C1O)O)/C=N/NC2=NC=CN=C2Cl,Inactive,0,http://assay.nih.gov/htsws/rest/display/dm1-f3-menin-htrf/MLS000523207-01/52367735,,Inactive,,,,0,,-4.9867,0.7,0.9521,21,0.5315,4,0 0 0 0 0 0 0 0 0 0 0 0,16.8432,,1.4285,0.3996,2.7517,-0.807,0.5512,2.1508,,0.925,,5.3424,,4.6908,,8.1584,13.365,,16.8432,,QC'd by DPISMR
71,16953655,2323972,C1=CC=C2C(=C1)C=C(NC2=O)NC3=CC=C(C=C3)F,Inactive,0,http://assay.nih.gov/htsws/rest/display/dm1-f3-menin-htrf/MLS000565365-01/52367796,,Inactive,,,,0,,-5.5367,1.4641,0.97,14,0.4178,4,0 0 0 0 0 0 0 0 0 0 0 1,1.9552,,-0.0835,-0.269,-0.4851,0.308,0.5455,1.7964,,0.9098,,1.7457,,4.6792,,12.3575,12.7447,,1.9552,,QC'd by DPISMR
72,17505732,932064,CC1=CC(=NC(=N1)NCC2=CC=CC=C2)NC3=CC=CC=C3,Inactive,0,http://assay.nih.gov/htsws/rest/display/dm1-f3-menin-htrf/MLS000591024-01/52367689,,Inactive,,,,0,,-4.4367,2.0937,0.7479,-15.9995,0,4,0 0 0 0 0 0 0 0 0 0 0 0,-11.6662,,3.19,-0.796,3.3142,1.2367,-1.126,-0.1788,,-2.101,,-1.5239,,-1.8488,,-2.8725,-2.6668,,-11.6662,,QC'd by InterBioScreen
73,17507063,3118982,CC1=C(C(=O)N(N1)C2=CC=CC=C2)C(C3=CC(=C(C=C3)OC)OC)C4=C(NN(C4=O)C5=CC=CC=C5)C,Inactive,0,http://assay.nih.gov/htsws/rest/display/dm1-f3-menin-htrf/MLS000553443-01/52367721,,Inactive,,,,0,,,,,,,4,,3.5887,,1.2637,2.8102,1.897,1.0408,-0.4689,-0.5123,,0.3171,,2.2798,,1.4148,,1.483,2.0077,,3.5887,,QC'd by Asinex Ltd.
74,17511337,5290139,CCOC(=O)CCCCC(=O)C1=C(NC(=O)N1)CSC2=NC3=C(C4=CC=CC=C4N3C(C)C)N=N2,Inactive,0,http://assay.nih.gov/htsws/rest/display/dm1-f3-menin-htrf/MLS000585938-01/52367742,,Inactive,,,,0,,-9.3867,4.9549,0.9627,1,20,4,0 0 0 0 0 0 0 0 0 0 0 1,-10.518,,15.4284,1.1523,0.2201,1.6081,1.8281,0.7493,,0.5302,,1.5198,,2.8344,,1.7806,0.0453,,-10.518,,QC'd by Chem Div
75,17511585,1942142,CC1=CC=C(C=C1)S(=O)(=O)C2=C(N(C3=NC4=CC=CC=C4N=C23)CC=C)NS(=O)(=O)C5=CC=CC=C5,Inactive,0,http://assay.nih.gov/htsws/rest/display/dm1-f3-menin-htrf/MLS000588669-01/52367751,,Inactive,,,,0,,,,,,,4,,0.185,,-2.1374,-1.882,-1.3411,-1.7687,-0.6854,-1.8727,,-0.4617,,-0.6071,,-0.2546,,-0.0436,2.585,,0.185,,QC'd by InterBioScreen
76,17512967,3742880,C1=CC=C2C(=C1)C=CC=C2C3C4(O3)C(=O)C5=CC=CC=C5C4=O,Inactive,0,http://assay.nih.gov/htsws/rest/display/dm1-f3-menin-htrf/MLS000592199-01/52367749,,Inactive,,,,0,,-4.7867,4.9549,0.5211,-9.2201,1,4,0 0 0 0 0 0 0 0 0 0 0 1,7.3154,,5.7095,-1.0429,-0.3594,-0.6762,-1.1319,0.4783,,0.4885,,0.9891,,2.7967,,2.3013,-6.0167,,7.3154,,QC'd by InterBioScreen
77,17515268,2137859,CC1=C(C=C(C=C1)NC(=O)CSC2=NC=C(C(=O)N2)S(=O)(=O)C3=CC=CC=C3)C,Inactive,0,http://assay.nih.gov/htsws/rest/display/dm1-f3-menin-htrf/MLS000697347-01/52367713,,Inactive,,,,0,,-4.1367,0.7,0.6871,9,0.651,4,0 0 0 0 0 0 0 0 0 0 0 0,6.0518,,1.2132,1.383,1.5318,-0.073,0.7535,-0.7075,,0.0089,,0.3388,,1.3939,,1.8695,1.406,,6.0518,,QC'd by Life Chemicals
78,22403745,2339359,CCO/C=C/1\C2=CC=CC=C2C(=O)N(C1=O)CC3=CC=CC=C3,Inactive,0,http://assay.nih.gov/htsws/rest/display/dm1-f3-menin-htrf/MLS000390256-01/52367681,,Inactive,,,,0,,-9.4367,4.9549,0.6957,0.2773,8,4,0 0 0 0 0 0 0 0 0 0 0 1,3.2527,,5.2261,-0.1408,-1.8523,1.0799,1.1455,0.1523,,1.1221,,-0.6978,,0.7869,,0.7971,1.427,,3.2527,,QC'd by Enamine
79,22404392,1736294,CCOC(=O)C1=C(NC2=C1C3=CC=CC=C3C(=O)C2=O)C,Inactive,0,http://assay.nih.gov/htsws/rest/display/dm1-f3-menin-htrf/MLS000701140-01/52367787,,Inactive,,,,0,,-5.7367,1.5579,0.9857,30,0.734,4,0 0 0 0 0 0 0 0 0 0 0 1,4.7454,,0.191,0.8695,1.405,1.2861,-0.2217,1.5931,,1.6582,,7.6191,,15.1501,,28.8648,27.5909,,4.7454,,QC'd by Specs
80,24783847,2945670,C1OC2=C(O1)C=C(C=C2)CN=C(N)NC(=O)C3=CC=CC=C3,Inactive,0,http://assay.nih.gov/htsws/rest/display/dm1-f3-menin-htrf/MLS000663768-01/52367734,,Inactive,,,,0,,,,,,,4,,4.4934,,0.658,0.987,1.4018,1.8207,1.437,0.5368,,2.4833,,1.8848,,3.2351,,3.4351,3.1856,,4.4934,,QC'd by ChemBridge
81,24785129,16188674,CCOC(=O)C1(CCN(CC1)CC2=CC=C(C=C2)N3C=CC=N3)CCOC4=CC=CC=C4,Inactive,0,http://assay.nih.gov/htsws/rest/display/dm1-f3-menin-htrf/MLS000735085-01/52367732,,Inactive,,,,0,,,,,,,4,,-46.2545,,-50.6102,-52.7882,-33.0239,-40.6542,-7.578,-34.7847,,-10.874,,-4.6548,,-30.9286,,-27.2982,-30.8225,,-46.2545,,QC'd by ChemBridge
82,24793006,6470377,CCC(CC)NC(=O)NC1=CC(=C(C=C1)F)Cl,Inactive,0,http://assay.nih.gov/htsws/rest/display/dm1-f3-menin-htrf/MLS000679565-01/52367770,,Inactive,,,,0,,-4.5367,3.132,0.9814,-26.102,-0.5,4,0 0 0 0 0 0 0 0 0 0 0 0,-23.4183,,0.1657,1.8808,-0.0303,-0.7229,-0.0714,-0.9402,,-1.7668,,-0.5194,,-1.178,,0,-5.7149,,-23.4183,,QC'd by ChemBridge
83,24798421,16190092,CC1=C(SC=C1)C(=O)C2CCCN(C2)CC3=C(N(N=C3C)C(C)C)C,Inactive,0,http://assay.nih.gov/htsws/rest/display/dm1-f3-menin-htrf/MLS000732484-01/52367771,,Inactive,,,,0,,-4.4367,2.3531,0.9539,-29.1568,0,4,0 0 0 0 0 0 0 0 0 0 0 0,-21.7973,,1.8265,1.2943,0.505,0.3791,-0.3401,1.7519,,-0.3594,,0.1867,,-1.0805,,-3.8954,-5.1561,,-21.7973,,QC'd by ChemBridge
84,24800359,16192028,CCN1C=C(C(=N1)C)CN2CCCC(C2)C(=O)C3=CC(=CC=C3)OC,Inactive,0,http://assay.nih.gov/htsws/rest/display/dm1-f3-menin-htrf/MLS000734403-01/52367797,,Inactive,,,,0,,-4.5867,1.6604,0.9634,-11.3976,-0.5,4,0 0 0 0 0 0 0 0 0 0 0 0,-9.498,,-0.2384,0.2587,-0.6393,-0.8652,-1.2541,-0.9243,,-0.4544,,-0.6628,,-1.631,,-1.7402,-4.1925,,-9.498,,QC'd by ChemBridge
85,24801562,135455082,COC1=CC=CC(=C1O)/C=N/NC2=NC=CN=C2Cl,Inactive,0,http://assay.nih.gov/htsws/rest/display/dm1-f3-menin-htrf/MLS000713643-01/52367715,,Inactive,,,,0,,-4.6867,1.7137,0.9854,30,0.81,4,0 0 0 0 0 0 0 0 0 0 0 0,26.4295,,-0.575,2.1482,0.8085,0.1983,0.1248,0.1857,,1.399,,1.4103,,2.6083,,4.5413,12.9968,,26.4295,,QC'd by Asinex Ltd.
86,24801920,3195639,CCOC1=CC2=C(C=C1)NC(=O)C(=C2)C(C3=NN=NN3CC4=CC=CO4)N5CCN(CC5)C,Inactive,0,http://assay.nih.gov/htsws/rest/display/dm1-f3-menin-htrf/MLS000703438-01/52367754,,Inactive,,,,0,,,,,,,4,,3.6216,,0.4684,1.0801,0.3215,0.5954,1.0742,0.9613,,0.1085,,1.6297,,0.2222,,0.3077,1.1875,,3.6216,,QC'd by Asinex Ltd.
87,24810247,16193042,CC1=CC(=NC2=C1C=C(C=C2)NC(=S)NCCN3CCC4=CC=CC=C4C3)N5CCN(CC5)C,Inactive,0,http://assay.nih.gov/htsws/rest/display/dm1-f3-menin-htrf/MLS000730534-01/52367718,,Inactive,,,,0,,-4.4867,3.2475,0.9772,-21.3335,0,4,0 0 0 0 0 0 0 0 0 0 0 0,-18.6113,,0.7526,0.5529,-0.0485,-1.9588,0.9421,0.3208,,-0.225,,1.0808,,0.7216,,-0.3729,-3.2786,,-18.6113,,QC'd by Chem Div
88,24812949,16193844,CC1=CC=C(C=C1)NC2C3=C(C=CC=N3)C(=O)N2CC4=CC=CS4,Inactive,0,http://assay.nih.gov/htsws/rest/display/dm1-f3-menin-htrf/MLS000731333-01/52367682,,Inactive,,,,0,,-4.2867,4.4495,0.6663,-6.5539,-0.5,4,0 0 0 0 0 0 0 0 0 0 0 0,-4.2116,,-0.6646,-0.8515,-0.9639,-1.0169,-0.358,-1.8404,,-1.7668,,-0.1881,,0.0449,,0.7913,-0.4999,,-4.2116,,QC'd by Chem Div
89,24815249,9640944,COC1=C(C=C(C=C1)/C=N/NC(=O)C2=CC(=C(C=C2)O)OC)CN3CCN(CC3)C4=CC=C(C=C4)F,Inactive,0,http://assay.nih.gov/htsws/rest/display/dm1-f3-menin-htrf/MLS000673321-01/52367700,,Inactive,,,,0,,-4.3367,4.9549,0.932,-24.6743,-0.5,4,0 0 0 0 0 0 0 0 0 0 0 0,-18.4786,,-0.8806,1.7508,-0.1473,-0.7313,-0.869,0.8534,,-0.9758,,-4.1272,,-0.5365,,-1.1103,-0.4182,,-18.4786,,QC'd by Chem Div
90,24824258,16195685,CC1=C(C=C(C=C1)C(=O)NCCN2[C@@H](CN3C2=NC[C@@H]3C(C)C)CC4=CC=C(C=C4)O)Br,Inactive,0,http://assay.nih.gov/htsws/rest/display/dm1-f3-menin-htrf/MLS000697887-01/52367688,,Inactive,,,,0,,-4.4367,2.5884,0.9931,-34.2185,-1.2233,4,0 0 0 0 0 0 0 0 0 0 0 0,-26.4321,,-0.2472,-0.6241,-2.0268,-1.54,-0.1861,-1.2339,,-1.0944,,-1.4597,,-0.6826,,-2.3251,-6.2703,,-26.4321,,QC'd by Richard A Houghten - Torrey Pines Institute for Molecular Studies - MLI PSL
91,24832943,6311719,CCOC(=O)/C(=N\NC1=CC=CC=C1Cl)/N2CC(OC(C2)C)C,Inactive,0,http://assay.nih.gov/htsws/rest/display/dm1-f3-menin-htrf/MLS001032892-01/52367775,,Inactive,,,,0,,-9.3867,4.9549,0.843,-0.9082,7,4,0 0 0 0 0 0 0 0 0 0 0 0,-1.1879,,5.096,-0.9223,0.0155,0.0233,-0.6132,-1.5901,,0.0117,,0.52,,-1.5666,,-1.1166,-0.8961,,-1.1879,,
92,24836082,1177253,C1=CC=C(C=C1)C2=CSC(=C2C(=O)O)NC(=O)/C=C/C3=CC=CS3,Inactive,0,http://assay.nih.gov/htsws/rest/display/dm1-f3-menin-htrf/MLS000773385-01/52367774,,Inactive,,,,0,,-4.4867,1.331,0.9001,12,1.1149,4,0 0 0 0 0 0 0 0 0 0 0 0,9.7121,,1.1589,1.1628,1.7126,1.4771,0.5255,-0.3209,,1.3329,,0.0676,,1.9747,,2.3387,3.4292,,9.7121,,QC'd by Enamine
93,24841429,638759,C1=CC(=CC=C1C(=O)CCO)O,Inactive,0,http://assay.nih.gov/htsws/rest/display/dm1-f3-menin-htrf/MLS000876963-01/52367781,,Inactive,,,,0,,-9.3867,4.095,0.9476,0.6811,14,4,0 0 0 0 0 0 0 0 0 0 0 0,-0.2657,,10.4005,1.025,0.2361,1.2301,0.1668,1.5245,,1.0822,,1.7244,,1.3149,,0.2949,1.3517,,-0.2657,,QC'd by AnalytiCon Discovery GmbH
94,26665285,323637,COC(=O)NC1=CSC2=C1NC(=O)CCCC2,Inactive,0,http://assay.nih.gov/htsws/rest/display/dm1-f3-menin-htrf/MLS000757111-01/52367785,,Inactive,,,,0,,-4.4867,3.0654,0.9284,-15.0802,-1.5,4,0 0 0 0 0 0 0 0 0 0 0 0,-12.9835,,-1.0378,-2.1388,-1.9331,-0.0331,-3.1341,-1.05,,-1.3958,,-1.6325,,0.3054,,-0.8314,-3.5901,,-12.9835,,QC'd by NCI Chemotherapeutic Agents Repository
95,26669930,4837197,CN(C1CCS(=O)(=O)C1)C(=O)COC(=O)C2=CC=C(C=C2)C3=CC=C(C=C3)O,Inactive,0,http://assay.nih.gov/htsws/rest/display/dm1-f3-menin-htrf/MLS000760124-01/52367794,,Inactive,,,,0,,-4.4367,2.0937,0.8978,-17.4439,0,4,0 0 0 0 0 0 0 0 0 0 0 0,-12.8699,,0.7553,2.1455,1.5943,-1.8333,-1.2669,-0.2148,,-1.7027,,0.3209,,0.2881,,-1.5407,-3.1817,,-12.8699,,
96,26728717,2812594,C1CN(CCC1(C2=CC=C(C=C2)Cl)O)CC3=C(NN=C3)C4=CC=CC=C4,Inactive,0,http://assay.nih.gov/htsws/rest/display/dm1-f3-menin-htrf/MLS000834824-01/52367738,,Inactive,,,,0,,-4.4867,2.5884,0.9728,-15.2417,1,4,0 0 0 0 0 0 0 0 0 0 0 0,-12.2848,,1.7181,0.7509,2.1052,1.5129,1.7796,-0.0102,,0.8788,,0.2083,,1.5354,,0.5256,-2.3399,,-12.2848,,
97,26732584,135426834,COC(=O)C1=C2C(=NC\3=C(N2)C(=O)C=C(/C3=C\O)O)C(=O)C=C1,Inactive,0,http://assay.nih.gov/htsws/rest/display/dm1-f3-menin-htrf/MLS000766240-01/52367757,,Inactive,,,,0,,-4.9867,1.1,0.9005,6.5,0.0676,4,0 0 0 0 0 0 0 0 0 0 0 0,5.2178,,0.7579,0.4251,0.5431,0.1993,-0.777,0.8957,,0.5308,,0.0476,,0.1556,,2.408,5.3588,,5.2178,,QC'd by NCI Chemotherapeutic Agents Repository
98,3712249,2997948,C1CCN(C1)C2=NC(=C3C(=C2)C(=C(N=C3N)N4CCCC4)C#N)N,Inactive,0,http://assay.nih.gov/htsws/rest/display/dm1-f3-menin-htrf/MLS000054131-01/52367799,,Inactive,,,,0,,-4.9367,1.5095,0.9231,23,-0.4576,4,0 0 0 0 0 0 0 0 0 0 0 0,21.7561,,-0.3344,-0.151,-0.4503,-0.0064,-1.0067,-0.9418,,1.1468,,1.5779,,-4.1314,,9.2786,13.423,,21.7561,,QC'd by DPISMR
99,3714282,2368783,CN(CC(=O)NC1=C(C=CS1)C#N)C2CCCCC2,Inactive,0,http://assay.nih.gov/htsws/rest/display/dm1-f3-menin-htrf/MLS000048350-01/52367709,,Inactive,,,,0,,,,,,,4,,0.3766,,-1.788,-0.5827,0.687,0.2689,-0.6293,-0.0978,,-0.0362,,0.9207,,-0.8835,,0.7047,1.5273,,0.3766,,QC'd by Enamine
100,3715678,1890403,CC1=C(OC2=NC(=NC(=C12)N)SCCCC(=O)NCCO)C,Inactive,0,http://assay.nih.gov/htsws/rest/display/dm1-f3-menin-htrf/MLS000053573-01/52367685,,Inactive,,,,0,,-9.3867,4.9549,0.4702,0.4687,7.5,4,0 0 0 0 0 0 0 0 0 0 0 0,-3.3594,,5.8173,-0.1243,0.9677,0.1947,1.4383,-0.3056,,-0.0151,,0.5761,,1.2731,,3.4026,2.1651,,-3.3594,,QC'd by Enamine
101,3717110,728282,COC1=NC(=C2C(=C1)C(=C(N=C2N)N3CCCCC3)C#N)N,Inactive,0,http://assay.nih.gov/htsws/rest/display/dm1-f3-menin-htrf/MLS000054597-01/52367702,,Inactive,,,,0,,-9.5867,0.7,0.5623,0.488,8,4,0 0 0 0 0 0 0 0 0 0 0 0,1.6725,,5.2103,1.3304,0.9852,0.6733,2.815,1.178,,-0.0702,,0.4984,,-0.21,,1.0815,-0.4266,,1.6725,,QC'd by Enamine
102,3717161,2103175,COC1=CC=CC=C1NC(=O)NC2=CC=NN2C3CCCCC3,Inactive,0,http://assay.nih.gov/htsws/rest/display/dm1-f3-menin-htrf/MLS000055759-01/52367773,,Inactive,,,,0,,,,,,,4,,0.1472,,-2.5245,-0.9849,-0.5007,-0.9249,-1.5863,-1.3991,,-1.1462,,-0.9038,,0.4648,,0.7496,1.6365,,0.1472,,QC'd by Enamine
103,4242461,3237318,C1=CC=C(C=C1)C(=O)NC2(C(=O)C3=CC=CC=C3C2=O)O,Inactive,0,http://assay.nih.gov/htsws/rest/display/dm1-f3-menin-htrf/MLS000085603-01/52367782,,Inactive,,,,0,,-6.3367,2.1211,0.5987,3,-1.4641,4,0 0 0 0 0 0 0 0 0 0 0 1,0.6107,,-1.5799,-1.4811,-1.7176,-2.0534,-0.8621,-0.472,,-0.5485,,1.3574,,3.8748,,5.8288,-0.9331,,0.6107,,QC'd by DPISMR
104,4244029,3238689,CCOC(=O)CCCCC(=O)C1=C(NC(=O)N1)CN2C=CN=C2,Inactive,0,http://assay.nih.gov/htsws/rest/display/dm1-f3-menin-htrf/MLS000092014-01/52367710,,Inactive,,,,0,,-4.7867,4.9549,0.698,-2.6883,1,4,0 0 0 0 0 0 0 0 0 0 0 0,-2.6569,,1.4124,2.1799,0.7056,0.5066,0.3444,0.5821,,0.3438,,0.5753,,2.6798,,2.5174,-1.5708,,-2.6569,,QC'd by DPISMR
105,4244313,3238929,CC1=C(C(N2C(=NC(=N2)SCC3=CC=CC=C3Cl)N1)C4=CN=CC=C4)C(=O)N,Inactive,0,http://assay.nih.gov/htsws/rest/display/dm1-f3-menin-htrf/MLS000044490-01/52367698,,Inactive,,,,0,,,,,,,4,,-0.3097,,-1.1609,-1.2566,-1.0502,0.949,0.1491,-0.0777,,-0.5601,,-0.2239,,0.3384,,0.1217,0.2881,,-0.3097,,QC'd by Chem Div
106,4246822,3241115,C1CCCN(CC1)CCCNC(=O)C2=CC=C(O2)CS(=O)(=O)CC3=CC=CC=C3F,Inactive,0,http://assay.nih.gov/htsws/rest/display/dm1-f3-menin-htrf/MLS000046765-01/52367790,,Inactive,,,,0,,,,,,,4,,-1.9862,,-0.5976,-0.5748,-1.8057,-1.3359,-2.4953,-0.297,,-0.4828,,-1.8366,,-1.4322,,-2.5658,-2.3303,,-1.9862,,QC'd by Chem Div
107,4255584,936297,CC(C)OC(=O)CSC1=NN=C(N1C)C2=NC=CN=C2,Inactive,0,http://assay.nih.gov/htsws/rest/display/dm1-f3-menin-htrf/MLS000065153-01/52367800,,Inactive,,,,0,,-7.1367,0.2,0.74,-4.5824,6,4,0 0 0 0 0 0 0 0 0 0 0 1,0.3935,,3.7409,3.5619,2.2576,1.1509,0.5838,0.6253,,1.1882,,-2.338,,0.5138,,-0.1373,-3.402,,0.3935,,QC'd by ChemBridge
108,4260128,974570,CC1=CC(=C(C=C1)OC)S(=O)(=O)NC2=CC(=C(C=C2)F)Cl,Inactive,0,http://assay.nih.gov/htsws/rest/display/dm1-f3-menin-htrf/MLS000065305-01/52367736,,Inactive,,,,0,,,,,,,4,,-3.3345,,-0.5361,-0.5101,1.0529,1.6807,0.628,0.7502,,0.6236,,1.6292,,2.2679,,3.7717,2.1593,,-3.3345,,QC'd by ChemBridge
109,4264337,1245948,COC(=O)NCC1=CC2=C(N1)C=CC(=C2)Cl,Inactive,0,http://assay.nih.gov/htsws/rest/display/dm1-f3-menin-htrf/MLS000065783-01/52367798,,Inactive,,,,0,,,,,,,4,,1.0237,,0.4903,-0.5276,0.9859,0.4235,0.4947,0.969,,0.1368,,0.0628,,-0.4646,,0.4709,-1.6175,,1.0237,,QC'd by ChemBridge
110,47197903,23723876,COCCNC(=O)CCC1CCN(CC1)C/C=C/C2=CC=CC=C2OC,Inactive,0,http://assay.nih.gov/htsws/rest/display/dm1-f3-menin-htrf/MLS001001556-01/52367687,,Inactive,,,,0,,,,,,,4,,4.5124,,0.3211,2.6889,1.3958,0.7437,0.4997,1.2371,,2.3043,,2.0828,,2.2921,,-0.6832,2.5808,,4.5124,,QC'd by ChemBridge
111,47198126,47522,COC(=O)C1=CC(=CC=C1)NC(=O)C2=C[N+](=CC=C2)[O-],Inactive,0,http://assay.nih.gov/htsws/rest/display/dm1-f3-menin-htrf/MLS001008560-01/52367724,,Inactive,,,,0,,,,,,,4,,-0.46,,-1.8495,-2.1018,-0.4968,-0.5684,-2.9558,-0.5199,,-1.5013,,-1.3533,,0.1394,,0.4496,0.3072,,-0.46,,QC'd by ChemBridge
112,49667065,1836662,CC1=CC(=C(C=C1C)O)C2=NNC(=C2)C(=O)NC3=CC=C(C=C3)NC(=O)C,Inactive,0,http://assay.nih.gov/htsws/rest/display/dm1-f3-menin-htrf/MLS001216542-01/52367690,,Inactive,,,,0,,-9.3867,4.9549,0.788,-0.3813,8,4,0 0 0 0 0 0 0 0 0 0 0 0,-1.9844,,6.0954,-0.4475,-0.6283,0.7037,0.428,0.074,,0.1421,,0.6339,,-1.9196,,-1.8053,-1.1845,,-1.9844,,QC'd by InterBioScreen
113,49680951,6486773,CC1=CC=C(C=C1)N2CC(CC2=O)C(=O)NCCC3=CC(=C(C=C3)OC)OC,Inactive,0,http://assay.nih.gov/htsws/rest/display/dm1-f3-menin-htrf/MLS001222158-01/52367680,,Inactive,,,,0,,,,,,,4,,0.7674,,0.5243,0.3319,-1.0982,1.0341,2.1548,1.3259,,1.2335,,0.5445,,1.51,,1.0804,3.1331,,0.7674,,QC'd by Asinex Ltd.
114,49715775,17253018,C1=CC(=CC(=C1)O)C2=CC(=NO2)C(=O)NC3=C(N=CC=C3)Cl,Inactive,0,http://assay.nih.gov/htsws/rest/display/dm1-f3-menin-htrf/MLS000936994-01/52367795,,Inactive,,,,0,,,,,,,4,,-62.271,,-17.068,-61.2736,-42.3079,-35.5948,-14.4622,-15.4943,,-28.2224,,-13.7138,,-1.9423,,-16.8791,-46.6202,,-62.271,,QC'd by Chem Div
115,7966122,5308032,C1C2=CC=CC=C2C(=O)N1[C@H](C3=CC=CC=C3)C(=O)O,Inactive,0,http://assay.nih.gov/htsws/rest/display/dm1-f3-menin-htrf/MLS000120692-01/52367716,,Inactive,,,,0,,,,,,,4,,-2.8036,,1.1166,0.4332,0.4627,0.4146,-1.5383,-0.5059,,1.1576,,0.3647,,0.4133,,-0.0991,-1.2834,,-2.8036,,QC'd by Chem Div
116,7968631,1892,CN1C2=C(C(=O)N(C1=O)C)N(C=N2)CCO,Inactive,0,http://assay.nih.gov/htsws/rest/display/dm1-f3-menin-htrf/MLS000115542-01/52367767,,Inactive,,,,0,,-4.7867,4.9549,0.8536,-8.3489,2,4,0 0 0 0 0 0 0 0 0 0 0 1,2.1105,,1.0705,0.9182,1.7859,2.6207,0.2865,3.018,,1.8005,,2.5855,,2.8165,,2.8176,-5.2907,,2.1105,,QC'd by Chem Div
117,7972087,2891286,COC1=C(C=C(C=C1)CCNC(=O)C2CC(=O)N(C2)C3=CC=C(C=C3)F)OC,Inactive,0,http://assay.nih.gov/htsws/rest/display/dm1-f3-menin-htrf/MLS000111636-01/52367762,,Inactive,,,,0,,,,,,,4,,-0.1954,,-0.4256,1.0772,-0.2833,0.8551,-1.2367,-0.2094,,-0.7777,,0.4117,,1.0946,,2.1849,2.8201,,-0.1954,,QC'd by ChemBridge
118,7972643,2889691,COC1=C(C=C(C=C1)CCNC(=O)C2CC(=O)N(C2)C3=CC=CC=C3)OC,Inactive,0,http://assay.nih.gov/htsws/rest/display/dm1-f3-menin-htrf/MLS000110884-01/52367780,,Inactive,,,,0,,,,,,,4,,1.2553,,0.6451,-0.2247,0.9156,0.5552,-0.0272,0.9226,,0.3257,,0.0878,,-0.5949,,0.997,-0.0487,,1.2553,,QC'd by ChemBridge
119,7975317,3129893,CCOC(=O)CCCCC(=O)C1=C(NC(=O)N1)CSC2=NC(=CC(=N2)C)C,Inactive,0,http://assay.nih.gov/htsws/rest/display/dm1-f3-menin-htrf/MLS000109269-01/52367755,,Inactive,,,,0,,-4.5367,4.4495,0.9375,-23.3051,0.5,4,0 0 0 0 0 0 0 0 0 0 0 0,-22.3376,,2.2049,2.0459,2.0617,0.2744,-0.1757,0.3653,,-0.4041,,-4.1289,,0.8624,,1.4109,-2.5254,,-22.3376,,QC'd by ChemBridge
120,8139926,2266,C(CCCC(=O)O)CCCC(=O)O,Inactive,0,http://assay.nih.gov/htsws/rest/display/dm1-f3-menin-htrf/MLS000069659-01/52367753,,Inactive,,,,0,,,,,,,4,,1.0057,,-1.5617,1.5136,-0.1744,1.7769,-0.086,0.0723,,0.6843,,0.6326,,2.1415,,3.128,3.1585,,1.0057,,QC'd by Sigma Chemical Company
121,843586,645888,COC1=CC=C(C=C1)N2CCN(CC2)CC(=O)NC3=CC=C(C=C3)N4C=NN=N4,Inactive,0,http://assay.nih.gov/htsws/rest/display/dm1-f3-menin-htrf/MLS000030113-01/52367692,,Inactive,,,,0,,,,,,,4,,1.5087,,0.5258,0.8108,0.1634,1.1286,0.5038,-0.4221,,-0.4389,,0.5651,,1.2837,,2.1033,1.7314,,1.5087,,QC'd by Asinex Ltd.
122,845055,647391,CC(C(=O)NC1=CC=CC=C1)SC2=NC=C(C(=N2)N)C#N,Inactive,0,http://assay.nih.gov/htsws/rest/display/dm1-f3-menin-htrf/MLS000030884-01/52367737,,Inactive,,,,0,,-9.1367,4.095,0.8006,-0.7874,6.5,4,0 0 0 0 0 0 0 0 0 0 0 0,-2.3228,,6.1407,0.7595,1.1001,-2.1545,-1.2708,-0.1206,,0.7856,,-1.085,,-1.0308,,-1.2478,-1.3853,,-2.3228,,QC'd by Asinex Ltd.
123,845167,647501,CCN1C2=NC(=O)N(C(=O)C2=NC(=N1)C3=CC=CC=C3)C,Inactive,0,http://assay.nih.gov/htsws/rest/display/dm1-f3-menin-htrf/MLS000027832-01/52367727,,Activator,5.1682,99.743,,0,Complete curve; high efficacy,-5.2867,0.8,0.9964,98.9119,-0.8311,1.1,0 0 0 0 0 0 0 0 0 0 0 0,85.861,,0.7954,0.758,-0.8046,0.2214,-1.7269,0.9039,,5.9327,,19.8509,,30.8503,,50.7298,74.6203,,85.861,,QC'd by Asinex Ltd.
124,851514,654089,C1C=CC2C1C(NC3=C2C=CC=C3O)C(=O)O,Inactive,0,http://assay.nih.gov/htsws/rest/display/dm1-f3-menin-htrf/MLS000032669-01/52367743,,Inactive,,,,0,,-9.2867,4.9549,0.6529,0.7162,12.5,4,0 0 0 0 0 0 0 0 0 0 0 0,5.4443,,11.5473,1.1713,-0.6532,0.1904,-0.0855,0.3836,,-0.2066,,0.7914,,0.548,,0.7535,5.6306,,5.4443,,QC'd by Asinex Ltd.
125,859403,660699,C1=CC=C(C=C1)CCNC(=O)CSC2=C(C(=C(C(=N2)N)C#N)C3=CC=CS3)C#N,Inactive,0,http://assay.nih.gov/htsws/rest/display/dm1-f3-menin-htrf/MLS000036788-01/52367788,,Inactive,,,,0,,-9.1867,4.5045,0.8599,-0.0877,6.5,4,0 0 0 0 0 0 0 0 0 0 0 0,-0.3153,,6.1753,0.8637,0.1821,1.3927,-0.5043,-0.7266,,-0.3873,,-0.9064,,-0.4962,,-0.4321,1.3435,,-0.3153,,QC'd by DPISMR
