connectivity_key,connectivity_group_size,structure_id,standard_inchi_key,standardized_smiles,p_activity_median,series_id,sources,compound_ids
BAJNALQCHSQUMV,4,STR-BDF33E354DAE4939F700,BAJNALQCHSQUMV-AHKZPQOWSA-N,CCN(C(=O)c1cc(F)ccc1Oc1nncnc1N1CCC2(C1)CN([C@H](C[C@H](O)CN(C)C(C)C)C(C)C)C2)C(C)C,6.795880017344075,SER-F7B9115420359440,PubChem,168720890
BAJNALQCHSQUMV,4,STR-4F507812C726BEF9FE1F,BAJNALQCHSQUMV-XNMGPUDCSA-N,CCN(C(=O)c1cc(F)ccc1Oc1nncnc1N1CCC2(C1)CN([C@H](C[C@@H](O)CN(C)C(C)C)C(C)C)C2)C(C)C,6.309803919971486,SER-F7B9115420359440,PubChem,168720871
BAJNALQCHSQUMV,4,STR-BB65ACE90322DCB1AF4C,BAJNALQCHSQUMV-BDYUSTAISA-N,CCN(C(=O)c1cc(F)ccc1Oc1nncnc1N1CCC2(C1)CN([C@@H](C[C@H](O)CN(C)C(C)C)C(C)C)C2)C(C)C,4.735182176990463,SER-F7B9115420359440,PubChem,168720915
BAJNALQCHSQUMV,4,STR-97B7AB1532A54CF194EB,BAJNALQCHSQUMV-VPUSJEBWSA-N,CCN(C(=O)c1cc(F)ccc1Oc1nncnc1N1CCC2(C1)CN([C@@H](C[C@@H](O)CN(C)C(C)C)C(C)C)C2)C(C)C,4.732593581247096,SER-F7B9115420359440,PubChem,168720878
GGIYEWDSYGQHQG,4,STR-918CDACAD6A3ADC5DD7E,GGIYEWDSYGQHQG-XNMGPUDCSA-N,CCN(CC)C[C@H](O)C[C@H](C(C)C)N1CC2(CCN(c3ncnnc3Oc3ccc(F)cc3C(=O)N(CC)C(C)C)C2)C1,7.102372908709558,SER-F7B9115420359440,PubChem,168720921
GGIYEWDSYGQHQG,4,STR-B00EBDE672D151BF05E0,GGIYEWDSYGQHQG-VPUSJEBWSA-N,CCN(CC)C[C@H](O)C[C@@H](C(C)C)N1CC2(CCN(c3ncnnc3Oc3ccc(F)cc3C(=O)N(CC)C(C)C)C2)C1,6.6777807052660805,SER-F7B9115420359440,PubChem,168720852
GGIYEWDSYGQHQG,4,STR-4FD9E5C0590E883535A1,GGIYEWDSYGQHQG-AHKZPQOWSA-N,CCN(CC)C[C@@H](O)C[C@H](C(C)C)N1CC2(CCN(c3ncnnc3Oc3ccc(F)cc3C(=O)N(CC)C(C)C)C2)C1,5.34008379993015,SER-F7B9115420359440,PubChem,168720869
GGIYEWDSYGQHQG,4,STR-25FD7B5E9510CCADC7E9,GGIYEWDSYGQHQG-BDYUSTAISA-N,CCN(CC)C[C@@H](O)C[C@@H](C(C)C)N1CC2(CCN(c3ncnnc3Oc3ccc(F)cc3C(=O)N(CC)C(C)C)C2)C1,5.260427655549908,SER-F7B9115420359440,PubChem,168720906
GORAKAHLMGAALX,4,STR-25ACFB2C189546A8CDF4,GORAKAHLMGAALX-LBNVMWSVSA-N,CCN(C(=O)c1cc(F)ccc1Oc1nncnc1N1CCC2(C1)CN([C@H](C[C@H](C)CN(C)CCOC)C(C)C)C2)C(C)C,6.585026652029182,SER-F7B9115420359440,PubChem,156531788
GORAKAHLMGAALX,4,STR-8E158147825BE52377FD,GORAKAHLMGAALX-NAKRPHOHSA-N,CCN(C(=O)c1cc(F)ccc1Oc1nncnc1N1CCC2(C1)CN([C@@H](C[C@@H](C)CN(C)CCOC)C(C)C)C2)C(C)C,5.866461091629782,SER-F7B9115420359440,PubChem,168720911
GORAKAHLMGAALX,4,STR-A81FD784C5400DE7DDA0,GORAKAHLMGAALX-LSYYVWMOSA-N,CCN(C(=O)c1cc(F)ccc1Oc1nncnc1N1CCC2(C1)CN([C@@H](C[C@H](C)CN(C)CCOC)C(C)C)C2)C(C)C,5.131355561605174,SER-F7B9115420359440,PubChem,168720907
GORAKAHLMGAALX,4,STR-DADA1B47F9BA05C17134,GORAKAHLMGAALX-LEAFIULHSA-N,CCN(C(=O)c1cc(F)ccc1Oc1nncnc1N1CCC2(C1)CN([C@H](C[C@@H](C)CN(C)CCOC)C(C)C)C2)C(C)C,4.909741947068683,SER-F7B9115420359440,PubChem,156531602
GTILRIPAVDNTIG,4,STR-4C43BCDB33EE423B9ECC,GTILRIPAVDNTIG-POZJPKTBSA-N,CO[C@@H]1CCC[C@@H]1C(C#N)(c1ccccc1)C1CCN(CCCOc2ccc(C#N)cc2)CC1,5.443697499232712,SER-317158EDAD8598EE,ChEMBL;PubChem,CHEMBL6063617
GTILRIPAVDNTIG,4,STR-8131638FF64AE92C8993,GTILRIPAVDNTIG-KSSJMHQNSA-N,CO[C@@H]1CCC[C@H]1C(C#N)(c1ccccc1)C1CCN(CCCOc2ccc(C#N)cc2)CC1,5.055517327849831,SER-317158EDAD8598EE,ChEMBL;PubChem,CHEMBL6057170
GTILRIPAVDNTIG,4,STR-40E0E7043CC563C31D2B,GTILRIPAVDNTIG-ASYYUYISSA-N,CO[C@H]1CCC[C@@H]1C(C#N)(c1ccccc1)C1CCN(CCCOc2ccc(C#N)cc2)CC1,4.609064892896621,SER-317158EDAD8598EE,ChEMBL;PubChem,CHEMBL6017029
GTILRIPAVDNTIG,4,STR-DE57A0D88EA762894E60,GTILRIPAVDNTIG-PEIRWHMSSA-N,CO[C@H]1CCC[C@H]1C(C#N)(c1ccccc1)C1CCN(CCCOc2ccc(C#N)cc2)CC1,3.8535618647142256,SER-317158EDAD8598EE,PubChem,138618456
GWDOGFQBFWTQSO,4,STR-09E54D8A9B952AC86D2A,GWDOGFQBFWTQSO-HEVKVOQNSA-N,CNC(=O)O[C@H]1CCC[C@@H]1C(C#N)(c1ccccc1)C1CCN(CC2CN(c3ccc(S(=O)(=O)c4ccncc4)cc3)C2)CC1,8.221848749616356,SER-B92687DE56E5CCCB,ChEMBL;PubChem,CHEMBL5783513
GWDOGFQBFWTQSO,4,STR-377B42435916FCE77AA8,GWDOGFQBFWTQSO-RKAQNKOCSA-N,CNC(=O)O[C@H]1CCC[C@@H]1[C@](C#N)(c1ccccc1)C1CCN(CC2CN(c3ccc(S(=O)(=O)c4ccncc4)cc3)C2)CC1,8.221848749616356,SER-B92687DE56E5CCCB,ChEMBL;PubChem,CHEMBL5767175
GWDOGFQBFWTQSO,4,STR-913F46730FAF3C502A72,GWDOGFQBFWTQSO-POYCELQWSA-N,CNC(=O)O[C@@H]1CCC[C@H]1[C@@](C#N)(c1ccccc1)C1CCN(CC2CN(c3ccc(S(=O)(=O)c4ccncc4)cc3)C2)CC1,7.207608310501746,SER-B92687DE56E5CCCB,ChEMBL;PubChem,CHEMBL5861013
GWDOGFQBFWTQSO,4,STR-4342C90FE7E456F909D0,GWDOGFQBFWTQSO-ZJACYBTKSA-N,CNC(=O)O[C@@H]1CCC[C@H]1C(C#N)(c1ccccc1)C1CCN(CC2CN(c3ccc(S(=O)(=O)c4ccncc4)cc3)C2)CC1,6.402304814074488,SER-B92687DE56E5CCCB,ChEMBL;PubChem,CHEMBL5946599
HGNXEODCTLZEEQ,4,STR-34A22E8D07A7D066A07D,HGNXEODCTLZEEQ-AZGAKELHSA-N,CC(C)[C@@H](C[C@H](O)CN(C)C)N1CC2(CCN(c3ncnnc3Oc3ccc(F)cc3C(=O)N(C(C)C)C(C)C)C2)C1,7.055517327849831,SER-F7B9115420359440,PubChem,156531481
HGNXEODCTLZEEQ,4,STR-00EAB22F635715DE8799,HGNXEODCTLZEEQ-AOYPEHQESA-N,CC(C)[C@@H](C[C@@H](O)CN(C)C)N1CC2(CCN(c3ncnnc3Oc3ccc(F)cc3C(=O)N(C(C)C)C(C)C)C2)C1,7.013228265733755,SER-F7B9115420359440,PubChem,156531478
HGNXEODCTLZEEQ,4,STR-7B1655073C306BE222B5,HGNXEODCTLZEEQ-AHWVRZQESA-N,CC(C)[C@H](C[C@H](O)CN(C)C)N1CC2(CCN(c3ncnnc3Oc3ccc(F)cc3C(=O)N(C(C)C)C(C)C)C2)C1,5.739928612014925,SER-F7B9115420359440,PubChem,156531480
HGNXEODCTLZEEQ,4,STR-19696E299ED51B516AAC,HGNXEODCTLZEEQ-RSXGOPAZSA-N,CC(C)[C@H](C[C@@H](O)CN(C)C)N1CC2(CCN(c3ncnnc3Oc3ccc(F)cc3C(=O)N(C(C)C)C(C)C)C2)C1,5.266000713461613,SER-F7B9115420359440,PubChem,156531479
LBZIHFPAAWTXAW,4,STR-B3713976D3715B01F866,LBZIHFPAAWTXAW-AOYPEHQESA-N,CCN(C)C[C@H](O)C[C@H](C(C)C)N1CC2(CCN(c3ncnnc3Oc3ccc(F)cc3C(=O)N(CC)C(C)C)C2)C1,7.236572006437063,SER-F7B9115420359440,PubChem,156531597
LBZIHFPAAWTXAW,4,STR-F2780D30E185047C1A28,LBZIHFPAAWTXAW-AZGAKELHSA-N,CCN(C)C[C@@H](O)C[C@H](C(C)C)N1CC2(CCN(c3ncnnc3Oc3ccc(F)cc3C(=O)N(CC)C(C)C)C2)C1,6.769551078621726,SER-F7B9115420359440,PubChem,156531462
LBZIHFPAAWTXAW,4,STR-D1C0AC976A090EAA245E,LBZIHFPAAWTXAW-AHWVRZQESA-N,CCN(C)C[C@@H](O)C[C@@H](C(C)C)N1CC2(CCN(c3ncnnc3Oc3ccc(F)cc3C(=O)N(CC)C(C)C)C2)C1,5.405607449624574,SER-F7B9115420359440,PubChem,156531562
LBZIHFPAAWTXAW,4,STR-CD94BD50EF1121AE4E8B,LBZIHFPAAWTXAW-RSXGOPAZSA-N,CCN(C)C[C@H](O)C[C@@H](C(C)C)N1CC2(CCN(c3ncnnc3Oc3ccc(F)cc3C(=O)N(CC)C(C)C)C2)C1,4.92009553233328,SER-F7B9115420359440,PubChem,156531794
LPQSXRARPNKWLW,4,STR-5C1522C845914F088582,LPQSXRARPNKWLW-AZGAKELHSA-N,CCN(C(=O)c1cc(F)ccc1Oc1nncnc1N1CCC2(C1)CN([C@H](C[C@@H](CN(C)C)OC)C(C)C)C2)C(C)C,6.292429823902063,SER-F7B9115420359440,PubChem,156531803
LPQSXRARPNKWLW,4,STR-0C1D3CBEB06D4D0E10FA,LPQSXRARPNKWLW-AOYPEHQESA-N,CCN(C(=O)c1cc(F)ccc1Oc1nncnc1N1CCC2(C1)CN([C@H](C[C@H](CN(C)C)OC)C(C)C)C2)C(C)C,5.815308569182401,SER-F7B9115420359440,PubChem,156531805
LPQSXRARPNKWLW,4,STR-B53DCF54F31F57F891A0,LPQSXRARPNKWLW-AHWVRZQESA-N,CCN(C(=O)c1cc(F)ccc1Oc1nncnc1N1CCC2(C1)CN([C@@H](C[C@@H](CN(C)C)OC)C(C)C)C2)C(C)C,4.812197361281581,SER-F7B9115420359440,PubChem,156531489
LPQSXRARPNKWLW,4,STR-28D764E3D7E6595F8FAA,LPQSXRARPNKWLW-RSXGOPAZSA-N,CCN(C(=O)c1cc(F)ccc1Oc1nncnc1N1CCC2(C1)CN([C@@H](C[C@H](CN(C)C)OC)C(C)C)C2)C(C)C,4.564155634015559,SER-F7B9115420359440,PubChem,156531487
WZDYSMKHVNWSMO,4,STR-13DD6488A0AF0E3C9021,WZDYSMKHVNWSMO-XNMGPUDCSA-N,CCN(C)C[C@@H](C[C@H](C(C)C)N1CC2(CCN(c3ncnnc3Oc3ccc(F)cc3C(=O)N(CC)C(C)C)C2)C1)OC,5.995678626217357,SER-F7B9115420359440,PubChem,156531806
WZDYSMKHVNWSMO,4,STR-D863AF536402BD1BA1AF,WZDYSMKHVNWSMO-AHKZPQOWSA-N,CCN(C)C[C@H](C[C@H](C(C)C)N1CC2(CCN(c3ncnnc3Oc3ccc(F)cc3C(=O)N(CC)C(C)C)C2)C1)OC,5.701146923590294,SER-F7B9115420359440,PubChem,168720859
WZDYSMKHVNWSMO,4,STR-CB25E0AA22D6E282838A,WZDYSMKHVNWSMO-BDYUSTAISA-N,CCN(C)C[C@H](C[C@@H](C(C)C)N1CC2(CCN(c3ncnnc3Oc3ccc(F)cc3C(=O)N(CC)C(C)C)C2)C1)OC,4.8474059220725305,SER-F7B9115420359440,PubChem,156531491
WZDYSMKHVNWSMO,4,STR-104DDD12D2A71EF11558,WZDYSMKHVNWSMO-VPUSJEBWSA-N,CCN(C)C[C@@H](C[C@@H](C(C)C)N1CC2(CCN(c3ncnnc3Oc3ccc(F)cc3C(=O)N(CC)C(C)C)C2)C1)OC,4.392009141452825,SER-F7B9115420359440,PubChem,156531620
XOMQNBYRAKVRPP,4,STR-F935C48B5CC4A6286518,XOMQNBYRAKVRPP-XNMGPUDCSA-N,CCN(C(=O)c1cc(F)ccc1Oc1nncnc1N1CCC2(C1)CN([C@H](C[C@@H](O)CN(C)CCOC)C(C)C)C2)C(C)C,7.275724130399211,SER-F7B9115420359440,PubChem,156531609
XOMQNBYRAKVRPP,4,STR-148B8C4077863A1C12AD,XOMQNBYRAKVRPP-AHKZPQOWSA-N,CCN(C(=O)c1cc(F)ccc1Oc1nncnc1N1CCC2(C1)CN([C@H](C[C@H](O)CN(C)CCOC)C(C)C)C2)C(C)C,7.113509274827518,SER-F7B9115420359440,PubChem,156531584
XOMQNBYRAKVRPP,4,STR-1E3B65B659C49B92801F,XOMQNBYRAKVRPP-BDYUSTAISA-N,CCN(C(=O)c1cc(F)ccc1Oc1nncnc1N1CCC2(C1)CN([C@@H](C[C@H](O)CN(C)CCOC)C(C)C)C2)C(C)C,5.377785977033705,SER-F7B9115420359440,PubChem,156531586
XOMQNBYRAKVRPP,4,STR-D2049436E0A3A1A3ABCB,XOMQNBYRAKVRPP-VPUSJEBWSA-N,CCN(C(=O)c1cc(F)ccc1Oc1nncnc1N1CCC2(C1)CN([C@@H](C[C@@H](O)CN(C)CCOC)C(C)C)C2)C(C)C,5.1095789811990855,SER-F7B9115420359440,PubChem,156531619
AUWUGRCKTQSGJY,3,STR-C21882423633547B198F,AUWUGRCKTQSGJY-HHHXNRCGSA-N,N#Cc1ccc(OCCCN2CCC([C@@](N)(c3ccccc3)C3CCCC3)CC2)cc1,7.251811972993799,SER-317158EDAD8598EE,ChEMBL,CHEMBL3126198
AUWUGRCKTQSGJY,3,STR-7F50B57FFABE6350EAF5,AUWUGRCKTQSGJY-MHZLTWQESA-N,N#Cc1ccc(OCCCN2CCC([C@](N)(c3ccccc3)C3CCCC3)CC2)cc1,7.0915149811213505,SER-317158EDAD8598EE,ChEMBL,CHEMBL3126197
AUWUGRCKTQSGJY,3,STR-2427F8EACDBEB2183A48,AUWUGRCKTQSGJY-UHFFFAOYSA-N,N#Cc1ccc(OCCCN2CCC(C(N)(c3ccccc3)C3CCCC3)CC2)cc1,6.95337673444808,SER-317158EDAD8598EE,ChEMBL,CHEMBL3126196
FFGIAMNWBZNVQQ,3,STR-607EE12240E722EC08AE,FFGIAMNWBZNVQQ-RWSKJCERSA-N,CC(=O)N[C@H]1CCC[C@@H]1[C@](C#N)(c1ccccc1)C1CCN(CC2CN(c3ccc(C#N)cc3)C2)CC1,6.991399828238082,SER-FBD8412D03D2F209,ChEMBL,CHEMBL4565646
FFGIAMNWBZNVQQ,3,STR-852CFBD6CFCE9E722768,FFGIAMNWBZNVQQ-XPZBDPFPSA-N,CC(=O)N[C@H]1CCC[C@@H]1C(C#N)(c1ccccc1)C1CCN(CC2CN(c3ccc(C#N)cc3)C2)CC1,6.991399828238082,SER-FBD8412D03D2F209,ChEMBL;PubChem,CHEMBL5819018
FFGIAMNWBZNVQQ,3,STR-6CA56A9373037E1AABA1,FFGIAMNWBZNVQQ-KCUXUGRMSA-N,CC(=O)N[C@@H]1CCC[C@H]1C(C#N)(c1ccccc1)C1CCN(CC2CN(c3ccc(C#N)cc3)C2)CC1,5.6020599913279625,SER-FBD8412D03D2F209,ChEMBL;PubChem,CHEMBL5891588
IFIHGWNVFQFWAX,3,STR-5151BA76FE38FE2C9C70,IFIHGWNVFQFWAX-BNGNXUGRSA-N,CCN(C(=O)c1cc(F)ccc1Oc1nncnc1N1CCC2(C1)CN([C@H](CCCN(C)CC(C)C(=O)N(C)C)C(C)C)C2)C(C)C,7.102372908709558,SER-F7B9115420359440,PubChem,156498049
IFIHGWNVFQFWAX,3,STR-96042A1C627CE2CBBC1F,IFIHGWNVFQFWAX-LITSAYRRSA-N,CCN(C(=O)c1cc(F)ccc1Oc1nncnc1N1CCC2(C1)CN([C@H](CCCN(C)C[C@H](C)C(=O)N(C)C)C(C)C)C2)C(C)C,6.657577319177793,SER-F7B9115420359440,PubChem,156531821
IFIHGWNVFQFWAX,3,STR-079F3F9421D0EFF32E86,IFIHGWNVFQFWAX-GGXMVOPNSA-N,CCN(C(=O)c1cc(F)ccc1Oc1nncnc1N1CCC2(C1)CN([C@H](CCCN(C)C[C@@H](C)C(=O)N(C)C)C(C)C)C2)C(C)C,6.366531544420413,SER-F7B9115420359440,PubChem,156531819
JTUOGOXWKQAKOR,3,STR-BAFF2FF7D3D8F1D2F783,JTUOGOXWKQAKOR-NRFANRHFSA-N,Cc1c(CN2CCC(Nc3ncnc4sc(CC(F)(F)F)cc34)CC2)ccc2c1cc(C#N)n2C[C@@H]1CNC(=O)CO1,8.443697499232712,SER-E8FAB356E73C31D0,ChEMBL,CHEMBL4216801
JTUOGOXWKQAKOR,3,STR-FB32B5E0FE59CE4699E6,JTUOGOXWKQAKOR-UHFFFAOYSA-N,Cc1c(CN2CCC(Nc3ncnc4sc(CC(F)(F)F)cc34)CC2)ccc2c1cc(C#N)n2CC1CNC(=O)CO1,8.1249387366083,SER-E8FAB356E73C31D0,ChEMBL,CHEMBL4218724
JTUOGOXWKQAKOR,3,STR-E7EA8D7931BFDDAB9B7B,JTUOGOXWKQAKOR-OAQYLSRUSA-N,Cc1c(CN2CCC(Nc3ncnc4sc(CC(F)(F)F)cc34)CC2)ccc2c1cc(C#N)n2C[C@H]1CNC(=O)CO1,6.910094888560602,SER-E8FAB356E73C31D0,ChEMBL,CHEMBL4210580
MMASTHCMDVBHKI,3,STR-93357EA1BA889F037426,MMASTHCMDVBHKI-HHHXNRCGSA-N,CC(C)[C@@H](CCCN(C)C)N1CC2(CCN(c3ccnnc3Oc3ccc(F)cc3C(=O)N(C(C)C)C(C)C)C2)C1,6.6777807052660805,SER-725533906D2EDF46,PubChem,168720868
MMASTHCMDVBHKI,3,STR-C07EE6A6B313BC7131B8,MMASTHCMDVBHKI-UHFFFAOYSA-N,CC(C)C(CCCN(C)C)N1CC2(CCN(c3ccnnc3Oc3ccc(F)cc3C(=O)N(C(C)C)C(C)C)C2)C1,6.292429823902063,SER-725533906D2EDF46,PubChem,156531587
MMASTHCMDVBHKI,3,STR-F91EC5999F2BF329A3B8,MMASTHCMDVBHKI-MHZLTWQESA-N,CC(C)[C@H](CCCN(C)C)N1CC2(CCN(c3ccnnc3Oc3ccc(F)cc3C(=O)N(C(C)C)C(C)C)C2)C1,5.59176003468815,SER-725533906D2EDF46,PubChem,156531589
PDUGAXSIWNMIBQ,3,STR-648FC2156F27220D48EE,PDUGAXSIWNMIBQ-MGYXHPKISA-N,[2H]C([2H])(COC)N(C)CCC[C@H](C(C)C)N1CC2(CCN(c3ncnnc3Oc3ccc(F)cc3C(=O)N(CC)C(C)C)C2)C1,7.236572006437063,SER-F7B9115420359440,PubChem,165147000
PDUGAXSIWNMIBQ,3,STR-CAD50D46562C0D29D331,PDUGAXSIWNMIBQ-HHHXNRCGSA-N,CCN(C(=O)c1cc(F)ccc1Oc1nncnc1N1CCC2(C1)CN([C@H](CCCN(C)CCOC)C(C)C)C2)C(C)C,7.045757490560675,SER-F7B9115420359440,PubChem,156498110
PDUGAXSIWNMIBQ,3,STR-876F949BC6A8C1B80B12,PDUGAXSIWNMIBQ-MHZLTWQESA-N,CCN(C(=O)c1cc(F)ccc1Oc1nncnc1N1CCC2(C1)CN([C@@H](CCCN(C)CCOC)C(C)C)C2)C(C)C,5.560667306169737,SER-F7B9115420359440,PubChem,156531894
QBITUTDDFZQXDO,3,STR-07CEA1A415CFED11C760,QBITUTDDFZQXDO-HHHXNRCGSA-N,N#Cc1ccc(OCCCN2CCC([C@@](O)(c3ccccc3)C3CCCC3)CC2)cc1,6.568636235841012,SER-317158EDAD8598EE,ChEMBL,CHEMBL3126187
QBITUTDDFZQXDO,3,STR-5292CC2045CB1C1E8EBD,QBITUTDDFZQXDO-UHFFFAOYSA-N,N#Cc1ccc(OCCCN2CCC(C(O)(c3ccccc3)C3CCCC3)CC2)cc1,6.4089353929735005,SER-317158EDAD8598EE,ChEMBL,CHEMBL3126185
QBITUTDDFZQXDO,3,STR-FE3645A659C52B524F3A,QBITUTDDFZQXDO-MHZLTWQESA-N,N#Cc1ccc(OCCCN2CCC([C@](O)(c3ccccc3)C3CCCC3)CC2)cc1,6.276544327964814,SER-317158EDAD8598EE,ChEMBL,CHEMBL3124953
SGLVKVDOHBWLEU,3,STR-28EBAE9BC55156C6772E,SGLVKVDOHBWLEU-LEAFIULHSA-N,CCN(C(=O)c1cc(F)ccc1Oc1nncnc1N1CCC2(C1)CN([C@H](CCCN(C)C[C@@H](C)OC)C(C)C)C2)C(C)C,6.7447274948966935,SER-F7B9115420359440,PubChem,156531618
SGLVKVDOHBWLEU,3,STR-ACDFA018CA06C93D8221,SGLVKVDOHBWLEU-LBNVMWSVSA-N,CCN(C(=O)c1cc(F)ccc1Oc1nncnc1N1CCC2(C1)CN([C@H](CCCN(C)C[C@H](C)OC)C(C)C)C2)C(C)C,6.7447274948966935,SER-F7B9115420359440,PubChem,156531615
SGLVKVDOHBWLEU,3,STR-094F554E2B0D3487D695,SGLVKVDOHBWLEU-MPSNESSQSA-N,CCN(C(=O)c1cc(F)ccc1Oc1nncnc1N1CCC2(C1)CN([C@H](CCCN(C)CC(C)OC)C(C)C)C2)C(C)C,6.2839966563652006,SER-F7B9115420359440,PubChem,156498057
UDIGWQWOIBIODT,3,STR-6BB8114D41C4FAE5B067,UDIGWQWOIBIODT-UHFFFAOYSA-N,CCN(C(=O)c1cc(F)ccc1Oc1nncnc1N1CCC2(C1)CN(C(CCCN)C(C)C)C2)C(C)C,7.0,SER-F7B9115420359440,PubChem,156531429
UDIGWQWOIBIODT,3,STR-9DDC4364CC264A5D1AE9,UDIGWQWOIBIODT-HSZRJFAPSA-N,CCN(C(=O)c1cc(F)ccc1Oc1nncnc1N1CCC2(C1)CN([C@H](CCCN)C(C)C)C2)C(C)C,6.886056647693163,SER-F7B9115420359440,PubChem,156531583
UDIGWQWOIBIODT,3,STR-8F7CBFDB7C53A966A008,UDIGWQWOIBIODT-QHCPKHFHSA-N,CCN(C(=O)c1cc(F)ccc1Oc1nncnc1N1CCC2(C1)CN([C@@H](CCCN)C(C)C)C2)C(C)C,5.480172006224281,SER-F7B9115420359440,PubChem,156531431
YLADDJNCJBCBJE,3,STR-458F60594CF32D1C3B3A,YLADDJNCJBCBJE-HHHXNRCGSA-N,N#Cc1ccc(OCCCN2CCC([C@@](O)(c3cccc(F)c3)c3ccccn3)CC2)cc1,7.045757490560675,SER-726F16AD19A1FFEA,ChEMBL,CHEMBL3126194
YLADDJNCJBCBJE,3,STR-97EC0B8AC90C0B7FCB6A,YLADDJNCJBCBJE-UHFFFAOYSA-N,N#Cc1ccc(OCCCN2CCC(C(O)(c3cccc(F)c3)c3ccccn3)CC2)cc1,6.647817481888637,SER-726F16AD19A1FFEA,ChEMBL,CHEMBL3126193
YLADDJNCJBCBJE,3,STR-14DBFF17DA73564FE5B6,YLADDJNCJBCBJE-MHZLTWQESA-N,N#Cc1ccc(OCCCN2CCC([C@](O)(c3cccc(F)c3)c3ccccn3)CC2)cc1,5.853871964321762,SER-726F16AD19A1FFEA,ChEMBL,CHEMBL3126195
YTBQSXQHHWVUTN,3,STR-1D90C1470EBB9030FBBA,YTBQSXQHHWVUTN-BNGNXUGRSA-N,CCN(C(=O)c1cc(F)ccc1Oc1nncnc1N1CCC2(C1)CN([C@H](CCCN(C)C(C)CC(=O)N(C)C)C(C)C)C2)C(C)C,6.886056647693163,SER-F7B9115420359440,PubChem,156497999
YTBQSXQHHWVUTN,3,STR-DA810ABA63D56EF0FE8C,YTBQSXQHHWVUTN-LITSAYRRSA-N,CCN(C(=O)c1cc(F)ccc1Oc1nncnc1N1CCC2(C1)CN([C@H](CCCN(C)[C@@H](C)CC(=O)N(C)C)C(C)C)C2)C(C)C,6.698970004336019,SER-F7B9115420359440,PubChem,156531635
YTBQSXQHHWVUTN,3,STR-0E18A32C09E2471DF027,YTBQSXQHHWVUTN-GGXMVOPNSA-N,CCN(C(=O)c1cc(F)ccc1Oc1nncnc1N1CCC2(C1)CN([C@H](CCCN(C)[C@H](C)CC(=O)N(C)C)C(C)C)C2)C(C)C,6.443697499232712,SER-F7B9115420359440,PubChem,156531634
AKEJRDWFJSZNFQ,2,STR-B437BC949901A5D8DC9A,AKEJRDWFJSZNFQ-HHHXNRCGSA-N,CCCN(C)CCC[C@H](C(C)C)N1CC2(CCN(c3ncnnc3Oc3ccc(F)cc3C(=O)N(CC)C(C)C)C2)C1,7.050609993355087,SER-F7B9115420359440,PubChem,156531749
AKEJRDWFJSZNFQ,2,STR-F316B31F563C35F0560E,AKEJRDWFJSZNFQ-MHZLTWQESA-N,CCCN(C)CCC[C@@H](C(C)C)N1CC2(CCN(c3ncnnc3Oc3ccc(F)cc3C(=O)N(CC)C(C)C)C2)C1,5.785156151952302,SER-F7B9115420359440,PubChem,156531459
ATMCISWSCCZRKA,2,STR-88BBF77299762B038C6D,ATMCISWSCCZRKA-FWBANIIHSA-N,CC(C)C(=O)O[C@H]1CCC[C@@H]1C(C#N)(c1ccccc1)C1CCN(CC2CN(c3ccc(S(=O)(=O)c4ccncc4)cc3)C2)CC1,6.625251653989896,SER-B92687DE56E5CCCB,ChEMBL;PubChem,CHEMBL5747059
ATMCISWSCCZRKA,2,STR-A723964BC2F481BF1509,ATMCISWSCCZRKA-ANOPSCNCSA-N,CC(C)C(=O)O[C@@H]1CCC[C@H]1C(C#N)(c1ccccc1)C1CCN(CC2CN(c3ccc(S(=O)(=O)c4ccncc4)cc3)C2)CC1,3.783570169123749,SER-B92687DE56E5CCCB,PubChem,132104394
BEJJQUKWUUMXNO,2,STR-F60A396C51FDEB446C33,BEJJQUKWUUMXNO-HHHXNRCGSA-N,COCCNCCC[C@H](C(C)C)N1CC2(CCN(c3ncnnc3Oc3ccc(F)cc3C(=O)N(C(C)C)C(C)C)C2)C1,6.698970004336019,SER-F7B9115420359440,PubChem,156532038
BEJJQUKWUUMXNO,2,STR-6E87454FEE741EE39D57,BEJJQUKWUUMXNO-MHZLTWQESA-N,COCCNCCC[C@@H](C(C)C)N1CC2(CCN(c3ncnnc3Oc3ccc(F)cc3C(=O)N(C(C)C)C(C)C)C2)C1,5.688246138944246,SER-F7B9115420359440,PubChem,156532042
BGKLHJYVRIJUSH,2,STR-8327CD7E287E5727BD93,BGKLHJYVRIJUSH-HHHXNRCGSA-N,CCN(C(=O)c1cc(F)ccc1Oc1nncnc1N1CCC2(C1)CN([C@H](CCCNCC(C)(C)OC)C(C)C)C2)C(C)C,7.2441251443275085,SER-F7B9115420359440,PubChem,156498006
BGKLHJYVRIJUSH,2,STR-CEC3B82DF09531954FAB,BGKLHJYVRIJUSH-UHFFFAOYSA-N,CCN(C(=O)c1cc(F)ccc1Oc1nncnc1N1CCC2(C1)CN(C(CCCNCC(C)(C)OC)C(C)C)C2)C(C)C,7.00436480540245,SER-F7B9115420359440,PubChem,156498115
BIOXWGVAXOLAGN,2,STR-FA1FDFBE4B94F7A252F5,BIOXWGVAXOLAGN-XYOWXNCWSA-N,N#CC(c1ccccc1)(C1CCN(CC2CN(c3ccc(S(=O)(=O)c4ccncc4)cc3)C2)CC1)[C@H]1CCC[C@@H]1CO,6.249491605148654,SER-B92687DE56E5CCCB,ChEMBL;PubChem,CHEMBL5760969
BIOXWGVAXOLAGN,2,STR-F4223A1339E66808912C,BIOXWGVAXOLAGN-KMSQYKAGSA-N,N#CC(c1ccccc1)(C1CCN(CC2CN(c3ccc(S(=O)(=O)c4ccncc4)cc3)C2)CC1)[C@@H]1CCC[C@H]1CO,5.337242168318426,SER-B92687DE56E5CCCB,ChEMBL;PubChem,CHEMBL5813023
BKJAOQMLDWABBS,2,STR-38B1872E6995BD9A227F,BKJAOQMLDWABBS-AREMUKBSSA-N,CCN(C(=O)c1cc(F)ccc1Oc1nncnc1N1CCC2(C1)CN([C@H](CCC(C)(C)N(C)C)C(C)C)C2)C(C)C,7.0,SER-F7B9115420359440,PubChem,156531824
BKJAOQMLDWABBS,2,STR-6CAE53F54456642C32C0,BKJAOQMLDWABBS-SANMLTNESA-N,CCN(C(=O)c1cc(F)ccc1Oc1nncnc1N1CCC2(C1)CN([C@@H](CCC(C)(C)N(C)C)C(C)C)C2)C(C)C,5.546681659952963,SER-F7B9115420359440,PubChem,156532005
BWVRLXPZVNPZJD,2,STR-8162199E4581352B8C4E,BWVRLXPZVNPZJD-BIBMFLLGSA-N,N#Cc1cc2cc(C(=O)N[C@H]3CC[C@H](C4(C5CCCC5)NCCc5ccccc54)CC3)ccc2[nH]1,4.935542010773082,SER-05203AD39EE59148,ChEMBL,CHEMBL6007799
BWVRLXPZVNPZJD,2,STR-E1A559FB704F9D78FD76,BWVRLXPZVNPZJD-UHFFFAOYSA-N,N#Cc1cc2cc(C(=O)NC3CCC(C4(C5CCCC5)NCCc5ccccc54)CC3)ccc2[nH]1,4.935542010773082,SER-05203AD39EE59148,PubChem,132104748
CCNWGENWCZNTMO,2,STR-3ACD95779D752A7D6CB7,CCNWGENWCZNTMO-PBGLPUTKSA-N,CCN(C(=O)c1cc(F)ccc1OC1N=NC(Cl)=NC1N1CCC2(C1)CN([C@H](CCCN)C(C)C)C2)C(C)C,7.481486060122112,SER-E5621C7084AB064E,PubChem,178185576
CCNWGENWCZNTMO,2,STR-75FB4472D88CB6D25B7C,CCNWGENWCZNTMO-BSSNWTCHSA-N,CCN(C(=O)c1cc(F)ccc1OC1N=NC(Cl)=NC1N1CCC2(C1)CN([C@@H](CCCN)C(C)C)C2)C(C)C,7.0655015487564325,SER-E5621C7084AB064E,PubChem,178185577
CJQQTVQISYHBBS,2,STR-E082AD0DE1F3A12CC536,CJQQTVQISYHBBS-CVYBXRIJSA-N,CC(=O)O[C@H]1CCC[C@@H]1C(C#N)(c1ccccc1F)C1CCN(CCCOc2ccc(C#N)cc2)CC1,7.180456064458131,SER-317158EDAD8598EE,ChEMBL;PubChem,CHEMBL6027587
CJQQTVQISYHBBS,2,STR-40FF751350DD414E6552,CJQQTVQISYHBBS-MODKJIOJSA-N,CC(=O)O[C@@H]1CCC[C@H]1C(C#N)(c1ccccc1F)C1CCN(CCCOc2ccc(C#N)cc2)CC1,4.943095148663527,SER-317158EDAD8598EE,ChEMBL;PubChem,CHEMBL5869006
CMKBAOQEJWGPEB,2,STR-32FEF1FCB73DC9ADA20D,CMKBAOQEJWGPEB-LPHAKTNPSA-N,CC(=O)O[C@H]1CCC[C@@H]1C1(C2CCN(CC3CN(c4ccc(S(=O)(=O)C5CC5)cc4)C3)CC2)CN(C)Cc2ccc(F)cc21,8.522878745280337,SER-8B11BACADDC8B4B4,ChEMBL;PubChem,CHEMBL5974610
CMKBAOQEJWGPEB,2,STR-913D178EB83662F51B15,CMKBAOQEJWGPEB-FBKNANETSA-N,CC(=O)O[C@@H]1CCC[C@H]1C1(C2CCN(CC3CN(c4ccc(S(=O)(=O)C5CC5)cc4)C3)CC2)CN(C)Cc2ccc(F)cc21,6.79317412396815,SER-8B11BACADDC8B4B4,ChEMBL;PubChem,CHEMBL6046392
CREKPRIJPIEMSU,2,STR-3941BFA7C86C7BEE8530,CREKPRIJPIEMSU-KZNDPDLVSA-N,CNC(=O)O[C@H]1CCC[C@@H]1C(C#N)(c1ccccc1)C1CCN(CC2CN(c3ccc(S(=O)(=O)C4CC4)cc3)C2)CC1,7.853871964321762,SER-6F3389DAFB00746E,ChEMBL;PubChem,CHEMBL6054581
CREKPRIJPIEMSU,2,STR-080A59F9B1BCF4DFA65B,CREKPRIJPIEMSU-NNTSECMXSA-N,CNC(=O)O[C@@H]1CCC[C@H]1C(C#N)(c1ccccc1)C1CCN(CC2CN(c3ccc(S(=O)(=O)C4CC4)cc3)C2)CC1,6.302770657240282,SER-6F3389DAFB00746E,ChEMBL;PubChem,CHEMBL5800298
CSKBZNRLMHBUOA,2,STR-06E53FF33324D9B1A44A,CSKBZNRLMHBUOA-SRBHEWTHSA-N,CNC(=O)O[C@H]1CCC[C@@H]1C(C#N)(c1ccccc1)C1CCN(CCCOc2ccc(C#N)cc2)CC1,7.698970004336019,SER-317158EDAD8598EE,ChEMBL;PubChem,CHEMBL5917864
CSKBZNRLMHBUOA,2,STR-AEBCF9F47DC8FFE6B030,CSKBZNRLMHBUOA-QWKOWPTQSA-N,CNC(=O)O[C@@H]1CCC[C@H]1C(C#N)(c1ccccc1)C1CCN(CCCOc2ccc(C#N)cc2)CC1,6.7495799976911055,SER-317158EDAD8598EE,ChEMBL;PubChem,CHEMBL5959501
CXFJNJZPBYIKCK,2,STR-C6579F1285FA63B28E81,CXFJNJZPBYIKCK-SANMLTNESA-N,N#Cc1ccc(OCCCN2CCC([C@](O)(c3ccccn3)C3CCCC3)CC2)cc1,6.709965388637482,SER-D837B57CD0E0B2C6,ChEMBL,CHEMBL3126201
CXFJNJZPBYIKCK,2,STR-ADD6623F7AD60FDD956E,CXFJNJZPBYIKCK-UHFFFAOYSA-N,N#Cc1ccc(OCCCN2CCC(C(O)(c3ccccn3)C3CCCC3)CC2)cc1,6.51999305704285,SER-D837B57CD0E0B2C6,ChEMBL,CHEMBL3126191
DAIHYYRKXDJZEY,2,STR-977651FE1C7684004EBE,DAIHYYRKXDJZEY-UHFFFAOYSA-N,O=S(=O)(c1ccc(OC2CC(N3CCC(C4(C5CCCC5)NCCc5ccccc54)CC3)C2)cc1)C1CC1,5.251258731316314,SER-20D80D54BBFFFEB3,ChEMBL;PubChem,132104380;CHEMBL5756541
DAIHYYRKXDJZEY,2,STR-562B91EA5B528B52D63B,DAIHYYRKXDJZEY-SQWJPGQQSA-N,O=S(=O)(c1ccc(O[C@H]2C[C@@H](N3CCC(C4(C5CCCC5)NCCc5ccccc54)CC3)C2)cc1)C1CC1,4.882728704344236,SER-20D80D54BBFFFEB3,ChEMBL,CHEMBL5887740
DBVLDGQLWGJCAW,2,STR-8BAA965F9B38F093E239,DBVLDGQLWGJCAW-NWBPNMJXSA-N,CN([C@@H]1CCC[C@H]1C(C#N)(c1ccccc1)C1CCN(CC2CN(c3ccc(S(=O)(=O)C4CC4)cc3)C2)CC1)S(C)(=O)=O,4.716698771296451,SER-6F3389DAFB00746E,ChEMBL;PubChem,CHEMBL5882575
DBVLDGQLWGJCAW,2,STR-80B7C819E96F09B4FE2E,DBVLDGQLWGJCAW-KOPQTXDBSA-N,CN([C@H]1CCC[C@@H]1C(C#N)(c1ccccc1)C1CCN(CC2CN(c3ccc(S(=O)(=O)C4CC4)cc3)C2)CC1)S(C)(=O)=O,4.424812155072339,SER-6F3389DAFB00746E,ChEMBL;PubChem,CHEMBL5967030
DCFDPTPAVDCHET,2,STR-40B1021373C595DF25D7,DCFDPTPAVDCHET-TWLDFKIOSA-N,COC(=O)N[C@H]1CCC[C@@H]1[C@](C#N)(c1ccccc1)C1CCN(CC2CN(c3ccc(S(=O)(=O)C(F)(F)F)cc3)C2)CC1,8.154901959985743,SER-FBD8412D03D2F209,ChEMBL;PubChem,CHEMBL5899857
DCFDPTPAVDCHET,2,STR-AD35C124559ACD44BE3E,DCFDPTPAVDCHET-SRBHEWTHSA-N,COC(=O)N[C@H]1CCC[C@@H]1C(C#N)(c1ccccc1)C1CCN(CC2CN(c3ccc(S(=O)(=O)C(F)(F)F)cc3)C2)CC1,8.096910013008056,SER-FBD8412D03D2F209,ChEMBL;PubChem,CHEMBL5962223
DCWOLQRIQKZEQR,2,STR-10AE5FE75F08293C000F,DCWOLQRIQKZEQR-OAQYLSRUSA-N,CCN(C(=O)c1cc(F)ccc1Oc1nncnc1N1CCC2(C1)CN([C@H](CN)C(C)C)C2)C(C)C,6.013228265733755,SER-F7B9115420359440,PubChem,156531373
DCWOLQRIQKZEQR,2,STR-FD2C6D69C0E7C03090A5,DCWOLQRIQKZEQR-NRFANRHFSA-N,CCN(C(=O)c1cc(F)ccc1Oc1nncnc1N1CCC2(C1)CN([C@@H](CN)C(C)C)C2)C(C)C,4.9779842601822795,SER-F7B9115420359440,PubChem,156531372
DDHCZSCWWXSEAD,2,STR-A8561A75D1EC79B3C31D,DDHCZSCWWXSEAD-SVYHFPLZSA-N,CNC(=O)O[C@H]1CCC[C@@H]1C(C#N)(c1ccccc1)C1CCN(CC2(C)CN(c3ccc(S(=O)(=O)c4cnn(C)c4)cc3)C2)CC1,7.318758762624412,SER-D71DF828C6360796,ChEMBL;PubChem,CHEMBL5827385
DDHCZSCWWXSEAD,2,STR-4719AA5EBF6B16DABB7E,DDHCZSCWWXSEAD-CEVFFHDCSA-N,CNC(=O)O[C@@H]1CCC[C@H]1C(C#N)(c1ccccc1)C1CCN(CC2(C)CN(c3ccc(S(=O)(=O)c4cnn(C)c4)cc3)C2)CC1,5.6777807052660805,SER-D71DF828C6360796,ChEMBL;PubChem,CHEMBL5746088
DEPPLXMJKNUFKQ,2,STR-9D9A08BEFE284CB422FE,DEPPLXMJKNUFKQ-LBNVMWSVSA-N,CCN(C(=O)c1cc(F)ccc1Oc1nncnc1N1CCC2(C1)CN([C@H](CCCN(C)[C@@H](C)CC(=O)NC)C(C)C)C2)C(C)C,6.585026652029182,SER-F7B9115420359440,PubChem,156497986
DEPPLXMJKNUFKQ,2,STR-B546DF2C9D9B81A938ED,DEPPLXMJKNUFKQ-LEAFIULHSA-N,CCN(C(=O)c1cc(F)ccc1Oc1nncnc1N1CCC2(C1)CN([C@H](CCCN(C)[C@H](C)CC(=O)NC)C(C)C)C2)C(C)C,6.552841968657781,SER-F7B9115420359440,PubChem,156498029
DSOWOWNLUVRUIU,2,STR-D517B4FC121862D9BE6F,DSOWOWNLUVRUIU-JTXQMZLCSA-N,CCc1nccn1CC(c1ccccc1)(C1CCN(CC2CN(c3ccc(C#N)cc3)C2)CC1)[C@H]1CCC[C@@H]1OC(=O)NC,8.522878745280337,SER-647213101879D186,ChEMBL;PubChem,CHEMBL5931080
DSOWOWNLUVRUIU,2,STR-39A915FABCDA41B4B311,DSOWOWNLUVRUIU-CPKRCLNGSA-N,CCc1nccn1CC(c1ccccc1)(C1CCN(CC2CN(c3ccc(C#N)cc3)C2)CC1)[C@@H]1CCC[C@H]1OC(=O)NC,6.935542010773082,SER-647213101879D186,ChEMBL;PubChem,CHEMBL5746652
DUJVKXCQENCSHD,2,STR-E971954B90C3DF1122E8,DUJVKXCQENCSHD-KOPQTXDBSA-N,CC(=O)O[C@H]1CCC[C@@H]1C(C#N)(c1ccccc1)C1CCN(CC2CN(c3ccc(S(=O)(=O)C4CC4)cc3)C2)CC1,7.744727494896693,SER-6F3389DAFB00746E,ChEMBL;PubChem,CHEMBL5983923
DUJVKXCQENCSHD,2,STR-1C195E0EFD40C42EDEE4,DUJVKXCQENCSHD-NWBPNMJXSA-N,CC(=O)O[C@@H]1CCC[C@H]1C(C#N)(c1ccccc1)C1CCN(CC2CN(c3ccc(S(=O)(=O)C4CC4)cc3)C2)CC1,5.769551078621726,SER-6F3389DAFB00746E,ChEMBL;PubChem,CHEMBL5919834
DUTWQEQSHXCWOC,2,STR-5B65D30F2628A312D8CA,DUTWQEQSHXCWOC-HEVKVOQNSA-N,CNC(=O)N[C@H]1CCC[C@@H]1C(C#N)(c1ccccc1)C1CCN(CC2CN(c3ccc(S(=O)(=O)c4ccncc4)cc3)C2)CC1,8.045757490560675,SER-B92687DE56E5CCCB,ChEMBL;PubChem,CHEMBL5740449
DUTWQEQSHXCWOC,2,STR-30D1E5B8E9867EA8DE8A,DUTWQEQSHXCWOC-ZJACYBTKSA-N,CNC(=O)N[C@@H]1CCC[C@H]1C(C#N)(c1ccccc1)C1CCN(CC2CN(c3ccc(S(=O)(=O)c4ccncc4)cc3)C2)CC1,6.055024091587953,SER-B92687DE56E5CCCB,ChEMBL;PubChem,CHEMBL5985951
DWGJLXQABXXXMP,2,STR-5368CF10D83D68530041,DWGJLXQABXXXMP-RUZDIDTESA-N,CCN(C(=O)c1cc(F)ccc1Oc1nncnc1N1CCC2(C1)CN([C@H](CCC(C)(C)NC)C(C)C)C2)C(C)C,6.823908740944319,SER-F7B9115420359440,PubChem,156531929
DWGJLXQABXXXMP,2,STR-79F48E1A5DF36F1BBEBF,DWGJLXQABXXXMP-VWLOTQADSA-N,CCN(C(=O)c1cc(F)ccc1Oc1nncnc1N1CCC2(C1)CN([C@@H](CCC(C)(C)NC)C(C)C)C2)C(C)C,5.585026652029182,SER-F7B9115420359440,PubChem,156532044
FCWYUXWVVVDCKM,2,STR-BDA869F5010D8C8F45A3,FCWYUXWVVVDCKM-LBNVMWSVSA-N,CC(C)[C@@H](CCCN(C)C[C@H](C)C(N)=O)N1CC2(CCN(c3ncnnc3Oc3ccc(F)cc3C(=O)N(C(C)C)C(C)C)C2)C1,6.6777807052660805,SER-F7B9115420359440,PubChem,156531802
FCWYUXWVVVDCKM,2,STR-DDBCB16E6E8600360172,FCWYUXWVVVDCKM-LEAFIULHSA-N,CC(C)[C@@H](CCCN(C)C[C@@H](C)C(N)=O)N1CC2(CCN(c3ncnnc3Oc3ccc(F)cc3C(=O)N(C(C)C)C(C)C)C2)C1,6.522878745280337,SER-F7B9115420359440,PubChem,156531808
FKYDKSHIPWIYBA,2,STR-B51853407B4A9AF321D2,FKYDKSHIPWIYBA-HSZRJFAPSA-N,CCN(C(=O)c1cc(F)ccc1Oc1nncnc1N1CCC2(C1)CN([C@H](CCCO)C(C)C)C2)C(C)C,6.508638306165727,SER-F7B9115420359440,PubChem,156531834
FKYDKSHIPWIYBA,2,STR-3BD3AAFB21D6F0AE245A,FKYDKSHIPWIYBA-QHCPKHFHSA-N,CCN(C(=O)c1cc(F)ccc1Oc1nncnc1N1CCC2(C1)CN([C@@H](CCCO)C(C)C)C2)C(C)C,4.152489034796752,SER-F7B9115420359440,PubChem,156531836
FNBOKVKCHUGFKA,2,STR-82F62D7E24DAAC315910,FNBOKVKCHUGFKA-XMMPIXPASA-N,CCN(C(=O)c1cc(F)ccc1Oc1nncnc1N1CCC2(C1)CN([C@H](CCCNC)C(C)C)C2)C(C)C,6.789198036565084,SER-F7B9115420359440,PubChem,156531425
FNBOKVKCHUGFKA,2,STR-73C772FB7948E1F95E72,FNBOKVKCHUGFKA-DEOSSOPVSA-N,CCN(C(=O)c1cc(F)ccc1Oc1nncnc1N1CCC2(C1)CN([C@@H](CCCNC)C(C)C)C2)C(C)C,5.377785977033705,SER-F7B9115420359440,PubChem,156531428
FNTDEOLCBADNAL,2,STR-38C10D94ABD1F231B9D1,FNTDEOLCBADNAL-RUZDIDTESA-N,CCN(C(=O)c1cc(F)ccc1Oc1nncnc1N1CCC2(C1)CN([C@H](CCCN(C)C)C(C)C)C2)C(C)C,7.022276394711152,SER-F7B9115420359440,PubChem,156531900
FNTDEOLCBADNAL,2,STR-6C0290A40DE07CB70C53,FNTDEOLCBADNAL-VWLOTQADSA-N,CCN(C(=O)c1cc(F)ccc1Oc1nncnc1N1CCC2(C1)CN([C@@H](CCCN(C)C)C(C)C)C2)C(C)C,5.645891560852599,SER-F7B9115420359440,PubChem,156531823
FQIXLSTYHBMVEG,2,STR-B714BC7381C3BA11A1BD,FQIXLSTYHBMVEG-IEKJTBOOSA-N,CC(=O)O[C@H]1CCC[C@@H]1C1(C2CCN(CC3CN(c4ccc(S(=O)(=O)C5CC5)cc4)C3)CC2)CN(C)Cc2ccccc21,8.045757490560675,SER-8B11BACADDC8B4B4,ChEMBL;PubChem,CHEMBL5794080
FQIXLSTYHBMVEG,2,STR-F27337C7FFCA9EF1AAB4,FQIXLSTYHBMVEG-ORITWGEGSA-N,CC(=O)O[C@@H]1CCC[C@H]1C1(C2CCN(CC3CN(c4ccc(S(=O)(=O)C5CC5)cc4)C3)CC2)CN(C)Cc2ccccc21,6.913640169325252,SER-8B11BACADDC8B4B4,ChEMBL;PubChem,CHEMBL5820592
FTEVZAMYIRYPOL,2,STR-0F9EB3D0BA8F609CF473,FTEVZAMYIRYPOL-QKZQDKRESA-N,CNC(=O)O[C@H]1CCC[C@@H]1C(C#N)(c1ccccc1)C1CCN(CC2CN(c3ccc(S(=O)(=O)c4cnn(C)c4)cc3)C2)CC1,8.045757490560675,SER-D71DF828C6360796,ChEMBL;PubChem,CHEMBL5775978
FTEVZAMYIRYPOL,2,STR-3DF232D656AC9EFDA4D4,FTEVZAMYIRYPOL-OLPGJYTKSA-N,CNC(=O)O[C@@H]1CCC[C@H]1C(C#N)(c1ccccc1)C1CCN(CC2CN(c3ccc(S(=O)(=O)c4cnn(C)c4)cc3)C2)CC1,6.071092309756047,SER-D71DF828C6360796,ChEMBL;PubChem,CHEMBL5842314
GGRLJDZHMGTFIW,2,STR-5470E2C155BCDC752B33,GGRLJDZHMGTFIW-AFLWYUAHSA-N,CCNC(=O)O[C@H]1CCC[C@@H]1C(C#N)(c1ccccc1)C1CCN(CC2CN(c3ccc(S(=O)(=O)c4ccncc4)cc3)C2)CC1,6.769551078621726,SER-B92687DE56E5CCCB,ChEMBL;PubChem,CHEMBL5850439
GGRLJDZHMGTFIW,2,STR-F6B3210B924167EFDCBB,GGRLJDZHMGTFIW-INSQSLAKSA-N,CCNC(=O)O[C@@H]1CCC[C@H]1C(C#N)(c1ccccc1)C1CCN(CC2CN(c3ccc(S(=O)(=O)c4ccncc4)cc3)C2)CC1,5.468521082957745,SER-B92687DE56E5CCCB,ChEMBL;PubChem,CHEMBL5947091
GKIFDNSCASLJLJ,2,STR-0449028356C19D0EDA3B,GKIFDNSCASLJLJ-HQVYOESTSA-N,CC(=O)O[C@H]1CCC[C@@H]1C(C#N)(c1ccccc1F)C1CCN(CC2CN(c3ccc(S(=O)(=O)C4CC4)cc3)C2)CC1,7.346787486224656,SER-6F3389DAFB00746E,ChEMBL;PubChem,CHEMBL5978882
GKIFDNSCASLJLJ,2,STR-4942B912C9C5FBB61901,GKIFDNSCASLJLJ-RDGBXCDUSA-N,CC(=O)O[C@@H]1CCC[C@H]1C(C#N)(c1ccccc1F)C1CCN(CC2CN(c3ccc(S(=O)(=O)C4CC4)cc3)C2)CC1,5.2441251443275085,SER-6F3389DAFB00746E,ChEMBL;PubChem,CHEMBL5936175
GQLDAZNFIWROOP,2,STR-2159345A857E58155448,GQLDAZNFIWROOP-JTTVYFNNSA-N,CC(=O)N[C@H]1CCC[C@@H]1C1(C2CCN(CC3CN(c4ccc(S(=O)(=O)c5ccncc5)cc4)C3)CC2)CN(C)Cc2ccccc21,8.301029995663981,SER-20F67B855744F824,ChEMBL;PubChem,CHEMBL5960556
GQLDAZNFIWROOP,2,STR-AF457B5C4AE166B10ED6,GQLDAZNFIWROOP-LDLINSGLSA-N,CC(=O)N[C@@H]1CCC[C@H]1C1(C2CCN(CC3CN(c4ccc(S(=O)(=O)c5ccncc5)cc4)C3)CC2)CN(C)Cc2ccccc21,6.7447274948966935,SER-20F67B855744F824,ChEMBL;PubChem,CHEMBL5891447
HBSNMUDWKGGMQS,2,STR-4699291DA7C1B49340A3,HBSNMUDWKGGMQS-AHKZPQOWSA-N,CCN(C)C[C@@H](O)C[C@H](C(C)C)N1CC2(CCN(c3ncnnc3Oc3ccc(F)cc3C(=O)N(C(C)C)C(C)C)C2)C1,6.045757490560675,SER-F7B9115420359440,PubChem,156531774
HBSNMUDWKGGMQS,2,STR-D5C69694B8C40CD738C2,HBSNMUDWKGGMQS-BDYUSTAISA-N,CCN(C)C[C@@H](O)C[C@@H](C(C)C)N1CC2(CCN(c3ncnnc3Oc3ccc(F)cc3C(=O)N(C(C)C)C(C)C)C2)C1,4.985479461242076,SER-F7B9115420359440,PubChem,156531775
HFHVSSGMYSWPIR,2,STR-C16923E52D20199D1E6F,HFHVSSGMYSWPIR-SZDLQPMWSA-N,C=CC(=O)N1C[C@@H]2C[C@H]1CN2S(=O)(=O)c1ccc(N2CC(CN3CCC([C@@](CN4CCC4)(c4cccc(F)c4)[C@H]4CCC[C@@H]4NC(=O)OC)CC3)(OC)C2)cc1,8.568636235841012,SER-AEAE080E536FEC3F,ChEMBL,CHEMBL5094183
HFHVSSGMYSWPIR,2,STR-704625FB7455957A2AA3,HFHVSSGMYSWPIR-IXPKHDRGSA-N,C=CC(=O)N1C[C@H]2C[C@@H]1CN2S(=O)(=O)c1ccc(N2CC(CN3CCC([C@@](CN4CCC4)(c4cccc(F)c4)[C@H]4CCC[C@@H]4NC(=O)OC)CC3)(OC)C2)cc1,8.337242168318426,SER-AEAE080E536FEC3F,ChEMBL,CHEMBL5085064
HHCHMJCRVXIDBH,2,STR-D8D1585BDF74480ED2A1,HHCHMJCRVXIDBH-XNMGPUDCSA-N,CCCN(C)C[C@H](O)C[C@H](C(C)C)N1CC2(CCN(c3ncnnc3Oc3ccc(F)cc3C(=O)N(CC)C(C)C)C2)C1,6.229147988357855,SER-F7B9115420359440,PubChem,168720903
HHCHMJCRVXIDBH,2,STR-DB7599D364AC5B610473,HHCHMJCRVXIDBH-BDYUSTAISA-N,CCCN(C)C[C@@H](O)C[C@@H](C(C)C)N1CC2(CCN(c3ncnnc3Oc3ccc(F)cc3C(=O)N(CC)C(C)C)C2)C1,5.021363051615525,SER-F7B9115420359440,PubChem,168720901
HTBPNCRHOIYFLK,2,STR-142DC3F04BDF2ABC0F0A,HTBPNCRHOIYFLK-FWBANIIHSA-N,CNC(=O)O[C@H]1CCC[C@@H]1C(Cn1ccnc1)(c1ccccc1)C1CCN(CC2CN(c3ccc(S(=O)(=O)c4cnn(C)c4)cc3)C2)CC1,8.096910013008056,SER-D71646C8B89AF1C0,ChEMBL;PubChem,CHEMBL6029944
HTBPNCRHOIYFLK,2,STR-ADF0DC68688651046789,HTBPNCRHOIYFLK-ANOPSCNCSA-N,CNC(=O)O[C@@H]1CCC[C@H]1C(Cn1ccnc1)(c1ccccc1)C1CCN(CC2CN(c3ccc(S(=O)(=O)c4cnn(C)c4)cc3)C2)CC1,7.337242168318426,SER-D71646C8B89AF1C0,ChEMBL;PubChem,CHEMBL5909835
IECWYAQPPKAUSB,2,STR-00A1D39E2CC2B5C8F906,IECWYAQPPKAUSB-MVBJGFHDSA-N,CS(=O)(=O)C[C@@H]1CCC[C@H]1C(C#N)(c1ccccc1)C1CCN(CC2CN(c3ccc(S(=O)(=O)c4ccncc4)cc3)C2)CC1,5.481486060122112,SER-B92687DE56E5CCCB,ChEMBL;PubChem,CHEMBL6017609
IECWYAQPPKAUSB,2,STR-4866DF3FD3D34FBFE093,IECWYAQPPKAUSB-MTUARQITSA-N,CS(=O)(=O)C[C@H]1CCC[C@@H]1C(C#N)(c1ccccc1)C1CCN(CC2CN(c3ccc(S(=O)(=O)c4ccncc4)cc3)C2)CC1,5.327902142064282,SER-B92687DE56E5CCCB,ChEMBL;PubChem,CHEMBL5809098
IFDKQQVTCZCWIE,2,STR-B56EF6AC340F28C175E6,IFDKQQVTCZCWIE-GSBZAIBZSA-N,CNC(=O)O[C@H]1CCC[C@@H]1[C@](C#N)(c1ccccc1)C1CCN(CC2CN(c3ccc(C#N)cc3)C2)CC1,7.958607314841775,SER-FBD8412D03D2F209,ChEMBL,CHEMBL4458829
IFDKQQVTCZCWIE,2,STR-E71EA49855240EBB6F7C,IFDKQQVTCZCWIE-FYZJSYNQSA-N,CNC(=O)O[C@@H]1CCC[C@H]1C(C#N)(c1ccccc1)C1CCN(CC2CN(c3ccc(C#N)cc3)C2)CC1,5.508638306165727,SER-FBD8412D03D2F209,ChEMBL;PubChem,CHEMBL5955526
ILUZWIYOFDJNNW,2,STR-03825B6A51D0B0744A5D,ILUZWIYOFDJNNW-XMMPIXPASA-N,CCN(C(=O)c1cc(F)ccc1Oc1nncnc1N1CCC2(C1)CN([C@H](CCCNC(=O)NC)C(C)C)C2)C(C)C,6.366531544420413,SER-F7B9115420359440,PubChem,164897291
ILUZWIYOFDJNNW,2,STR-241F2E6DC7BEF8AE2212,ILUZWIYOFDJNNW-DEOSSOPVSA-N,CCN(C(=O)c1cc(F)ccc1Oc1nncnc1N1CCC2(C1)CN([C@@H](CCCNC(=O)NC)C(C)C)C2)C(C)C,4.350081281264581,SER-F7B9115420359440,PubChem,156531557
IMFGOOMHVAOEIE,2,STR-86D1B692A1E09C06CB18,IMFGOOMHVAOEIE-AQBAIUPUSA-N,CC(=O)O[C@H]1CCC[C@@H]1C1(C2CCN(CCCOc3ccc(C#N)cc3)CC2)CN(C)Cc2ccc(F)cc21,7.508638306165727,SER-789386810AA6A1B8,ChEMBL;PubChem,CHEMBL5891216
IMFGOOMHVAOEIE,2,STR-DB5B02FE39EDDB48AD19,IMFGOOMHVAOEIE-KVZOJTFESA-N,CC(=O)O[C@@H]1CCC[C@H]1C1(C2CCN(CCCOc3ccc(C#N)cc3)CC2)CN(C)Cc2ccc(F)cc21,6.882728704344236,SER-789386810AA6A1B8,ChEMBL;PubChem,CHEMBL5920040
IQANJWWWYDKCSR,2,STR-38D78133670C2C6A5AEA,IQANJWWWYDKCSR-XPZBDPFPSA-N,CC(=O)O[C@H]1CCC[C@@H]1C(C#N)(c1cccc(C(F)(F)F)c1)C1CCN(CC2CN(c3ccc(C#N)cc3)C2)CC1,5.79317412396815,SER-FBD8412D03D2F209,ChEMBL;PubChem,CHEMBL5808983
IQANJWWWYDKCSR,2,STR-A03DAF6611859C5C8983,IQANJWWWYDKCSR-KCUXUGRMSA-N,CC(=O)O[C@@H]1CCC[C@H]1C(C#N)(c1cccc(C(F)(F)F)c1)C1CCN(CC2CN(c3ccc(C#N)cc3)C2)CC1,3.034737135044418,SER-FBD8412D03D2F209,PubChem,132104476
JHZNQRHFDIODOT,2,STR-F51B7D171A1ED736805D,JHZNQRHFDIODOT-AREMUKBSSA-N,CCN(C)CCC[C@H](C(C)C)N1CC2(CCN(c3ncnnc3Oc3ccc(F)cc3C(=O)N(CC)C(C)C)C2)C1,6.958607314841775,SER-F7B9115420359440,PubChem,156531628
JHZNQRHFDIODOT,2,STR-D7B6A133DED6C54A6E85,JHZNQRHFDIODOT-SANMLTNESA-N,CCN(C)CCC[C@@H](C(C)C)N1CC2(CCN(c3ncnnc3Oc3ccc(F)cc3C(=O)N(CC)C(C)C)C2)C1,5.671620396561263,SER-F7B9115420359440,PubChem,156531748
JMMWSUCDLGCMSN,2,STR-4C0B23EB03D4979A79B0,JMMWSUCDLGCMSN-KZNDPDLVSA-N,COC(=O)[C@H]1CCC[C@@H]1C(C#N)(c1ccccc1)C1CCN(CC2CN(c3ccc(S(=O)(=O)C4CC4)cc3)C2)CC1,6.583359492661719,SER-6F3389DAFB00746E,ChEMBL;PubChem,CHEMBL6057473
JMMWSUCDLGCMSN,2,STR-18A0CA3C76D3D31427DE,JMMWSUCDLGCMSN-NNTSECMXSA-N,COC(=O)[C@@H]1CCC[C@H]1C(C#N)(c1ccccc1)C1CCN(CC2CN(c3ccc(S(=O)(=O)C4CC4)cc3)C2)CC1,5.292429823902063,SER-6F3389DAFB00746E,ChEMBL;PubChem,CHEMBL5979980
JMYCKYHWTOYVCO,2,STR-4EBA07B20CCDE9D2E322,JMYCKYHWTOYVCO-AREMUKBSSA-N,CC(C)[C@@H](CCCN(C)C)N1CC2(CCN(c3ncnnc3Oc3ccc(F)cc3C(=O)N(C(C)C)C(C)C)C2)C1,7.096910013008056,SER-F7B9115420359440,PubChem,156531767
JMYCKYHWTOYVCO,2,STR-FBA598C340B2023BE63F,JMYCKYHWTOYVCO-SANMLTNESA-N,CC(C)[C@H](CCCN(C)C)N1CC2(CCN(c3ncnnc3Oc3ccc(F)cc3C(=O)N(C(C)C)C(C)C)C2)C1,5.614393726401688,SER-F7B9115420359440,PubChem,156531450
JSUYFSVTAJSTRY,2,STR-8DC5EC4D0143F4C7CD6A,JSUYFSVTAJSTRY-FVVNGJPMSA-N,CNC(=O)O[C@H]1CCC[C@@H]1C(C#N)(c1ccccc1)C1CCN(CC2CN(c3ccc(C(C)(C)C)cc3)C2)CC1,7.552841968657781,SER-FBD8412D03D2F209,ChEMBL;PubChem,CHEMBL5941222
JSUYFSVTAJSTRY,2,STR-025D3FCF7FCF0D4F8D78,JSUYFSVTAJSTRY-INJIGVFBSA-N,CNC(=O)O[C@@H]1CCC[C@H]1C(C#N)(c1ccccc1)C1CCN(CC2CN(c3ccc(C(C)(C)C)cc3)C2)CC1,6.110138278741811,SER-FBD8412D03D2F209,ChEMBL;PubChem,CHEMBL6034245
JTTZBVRZQHYQAJ,2,STR-B9EA30DEB7647D41BA70,JTTZBVRZQHYQAJ-NVXDQTTESA-N,COC[C@@H]1CCC[C@H]1C(C#N)(c1ccccc1)C1CCN(CC2CN(c3ccc(S(=O)(=O)C4CC4)cc3)C2)CC1,5.346787486224656,SER-6F3389DAFB00746E,ChEMBL;PubChem,CHEMBL5892594
JTTZBVRZQHYQAJ,2,STR-1DF62CB592FCCE0FC1BB,JTTZBVRZQHYQAJ-FTBGWDSVSA-N,COC[C@H]1CCC[C@@H]1C(C#N)(c1ccccc1)C1CCN(CC2CN(c3ccc(S(=O)(=O)C4CC4)cc3)C2)CC1,5.309803919971486,SER-6F3389DAFB00746E,ChEMBL;PubChem,CHEMBL5797119
JXQJLZYVDRMZDL,2,STR-40A2759B420CC95C7ED1,JXQJLZYVDRMZDL-QKZQDKRESA-N,CNC(=O)O[C@H]1CCC[C@@H]1C(Cn1ccnc1)(c1ccccc1)C1CCN(CC2CN(c3ccc(C#N)cc3)C2)CC1,8.045757490560675,SER-647213101879D186,ChEMBL;PubChem,CHEMBL6052096
JXQJLZYVDRMZDL,2,STR-3FB33B6320D7624C2E9C,JXQJLZYVDRMZDL-OLPGJYTKSA-N,CNC(=O)O[C@@H]1CCC[C@H]1C(Cn1ccnc1)(c1ccccc1)C1CCN(CC2CN(c3ccc(C#N)cc3)C2)CC1,6.55129368009492,SER-647213101879D186,ChEMBL;PubChem,CHEMBL5775279
KBCHFACNIBEZDD,2,STR-9E4FCF8CA68285C7D759,KBCHFACNIBEZDD-IEKJTBOOSA-N,CC(=O)N[C@H]1CCC[C@@H]1C1(C2CCN(CC3CN(c4ccc(S(=O)(=O)c5cnn(C)c5)cc4)C3)CC2)CNCc2ccccc21,8.397940008672037,SER-B210E620CAC4DB11,ChEMBL;PubChem,CHEMBL5938942
KBCHFACNIBEZDD,2,STR-C3AB20114EC3D149B3FF,KBCHFACNIBEZDD-ORITWGEGSA-N,CC(=O)N[C@@H]1CCC[C@H]1C1(C2CCN(CC3CN(c4ccc(S(=O)(=O)c5cnn(C)c5)cc4)C3)CC2)CNCc2ccccc21,6.607303046740334,SER-B210E620CAC4DB11,ChEMBL;PubChem,CHEMBL5894691
KBTYQWIXHSZION,2,STR-21AE2CAF6E5125C8BCF4,KBTYQWIXHSZION-MYABOAQRSA-N,COC(=O)N[C@H]1CCC[C@@H]1C(C#N)(c1ccccc1)C1CCN(CC2CN(c3ccc(C#N)cc3)C2)CC1,7.537602002101044,SER-FBD8412D03D2F209,ChEMBL;PubChem,CHEMBL5849670
KBTYQWIXHSZION,2,STR-E6C9DB27889E0D91BF2B,KBTYQWIXHSZION-GSBZAIBZSA-N,COC(=O)N[C@H]1CCC[C@@H]1[C@](C#N)(c1ccccc1)C1CCN(CC2CN(c3ccc(C#N)cc3)C2)CC1,7.537602002101044,SER-FBD8412D03D2F209,ChEMBL,CHEMBL4568235
KCKQSQHKDSVFJU,2,STR-09276AA2563E2F930001,KCKQSQHKDSVFJU-XPZBDPFPSA-N,CC(=O)O[C@H]1CCC[C@@H]1C(C#N)(c1cccc(F)c1)C1CCN(CC2CN(c3ccc(CC(F)(F)F)cc3)C2)CC1,6.53313237964589,SER-FBD8412D03D2F209,ChEMBL;PubChem,CHEMBL5800804
KCKQSQHKDSVFJU,2,STR-9CEE978B571562B060A4,KCKQSQHKDSVFJU-KCUXUGRMSA-N,CC(=O)O[C@@H]1CCC[C@H]1C(C#N)(c1cccc(F)c1)C1CCN(CC2CN(c3ccc(CC(F)(F)F)cc3)C2)CC1,4.935542010773082,SER-FBD8412D03D2F209,ChEMBL;PubChem,CHEMBL5842609
KXPSUXIZTPMMPF,2,STR-8A96AEE3549DB26F33DD,KXPSUXIZTPMMPF-XPZBDPFPSA-N,CC(=O)O[C@H]1CCC[C@@H]1C(C#N)(c1cccc(F)c1)C1CCN(CC2CN(c3ccc(C#N)cc3)C2)CC1,7.795880017344075,SER-FBD8412D03D2F209,ChEMBL;PubChem,CHEMBL5918038
KXPSUXIZTPMMPF,2,STR-A540B6064EC41BB600F8,KXPSUXIZTPMMPF-KCUXUGRMSA-N,CC(=O)O[C@@H]1CCC[C@H]1C(C#N)(c1cccc(F)c1)C1CCN(CC2CN(c3ccc(C#N)cc3)C2)CC1,5.484126156288321,SER-FBD8412D03D2F209,ChEMBL;PubChem,CHEMBL5757788
LLWPWJSOOSUKCR,2,STR-84B9176A329FC508D11B,LLWPWJSOOSUKCR-FICMROCWSA-N,CC(=O)N1CCC[C@@H]1C(C#N)(c1ccccc1)C1CCN(CCCOc2ccc(C#N)cc2)CC1,4.632644078973981,SER-E0EE7C7514E3DE6D,ChEMBL;PubChem,CHEMBL5914644
LLWPWJSOOSUKCR,2,STR-DFFE7919620276588DCE,LLWPWJSOOSUKCR-XLTVJXRZSA-N,CC(=O)N1CCC[C@H]1C(C#N)(c1ccccc1)C1CCN(CCCOc2ccc(C#N)cc2)CC1,3.9531148091622903,SER-E0EE7C7514E3DE6D,PubChem,138618448
LOLWSLIKQBDZNW,2,STR-00A2ED8561E7DE80CF5F,LOLWSLIKQBDZNW-HHHXNRCGSA-N,CCN(C(=O)c1cc(F)ccc1Oc1nncnc1N1CCC2(C1)CN([C@H](CCCN(C)C(C)C)C(C)C)C2)C(C)C,7.187086643357144,SER-F7B9115420359440,PubChem,156532023
LOLWSLIKQBDZNW,2,STR-8535ECCB37B9DE83B0D3,LOLWSLIKQBDZNW-MHZLTWQESA-N,CCN(C(=O)c1cc(F)ccc1Oc1nncnc1N1CCC2(C1)CN([C@@H](CCCN(C)C(C)C)C(C)C)C2)C(C)C,5.400116927926312,SER-F7B9115420359440,PubChem,156532017
LQTOWKWWEGWBLV,2,STR-506A8FF202D4B27FF220,LQTOWKWWEGWBLV-FWBANIIHSA-N,CNC(=O)O[C@H]1CCC[C@@H]1C(C#N)(c1ccccc1)C1CCN(C2CCN(c3ccc(S(=O)(=O)c4ccccc4)cc3)CC2)CC1,7.301029995663981,SER-C460737DCACEC827,ChEMBL;PubChem,CHEMBL5770956
LQTOWKWWEGWBLV,2,STR-24BA8A5718C0F3749245,LQTOWKWWEGWBLV-ANOPSCNCSA-N,CNC(=O)O[C@@H]1CCC[C@H]1C(C#N)(c1ccccc1)C1CCN(C2CCN(c3ccc(S(=O)(=O)c4ccccc4)cc3)CC2)CC1,5.207608310501746,SER-C460737DCACEC827,ChEMBL;PubChem,CHEMBL5894544
MIUPMJHGNQWPQS,2,STR-A62EFE6B816DF994EE32,MIUPMJHGNQWPQS-HEVKVOQNSA-N,COC(=O)N[C@H]1CCC[C@@H]1C(C#N)(c1ccccc1)C1CCN(CC2CN(c3ccc(S(=O)(=O)c4ccncc4)cc3)C2)CC1,7.958607314841775,SER-B92687DE56E5CCCB,ChEMBL;PubChem,CHEMBL5938342
MIUPMJHGNQWPQS,2,STR-AE07246DCCF5CCC9E046,MIUPMJHGNQWPQS-ZJACYBTKSA-N,COC(=O)N[C@@H]1CCC[C@H]1C(C#N)(c1ccccc1)C1CCN(CC2CN(c3ccc(S(=O)(=O)c4ccncc4)cc3)C2)CC1,6.244887733604928,SER-B92687DE56E5CCCB,ChEMBL;PubChem,CHEMBL5949550
MJBBPCAFFYHQRO,2,STR-4ED5D5CE4BFD95B4D0C2,MJBBPCAFFYHQRO-YFTHYISFSA-N,C=CC(=O)Nc1cccc(S(=O)(=O)c2ccc(N3CC(CN4CCC([C@@](C#N)(c5cccc(F)c5)[C@H]5CCC[C@@H]5OC(=O)NC)CC4)C3)cc2)c1,8.522878745280337,SER-D0CCC78DDD1F06F9,ChEMBL;PubChem,CHEMBL5763217
MJBBPCAFFYHQRO,2,STR-5E430B1B17CD1D28B026,MJBBPCAFFYHQRO-VHYZKNOSSA-N,C=CC(=O)Nc1cccc(S(=O)(=O)c2ccc(N3CC(CN4CCC([C@](C#N)(c5cccc(F)c5)[C@H]5CCC[C@@H]5OC(=O)NC)CC4)C3)cc2)c1,6.522878745280337,SER-D0CCC78DDD1F06F9,ChEMBL;PubChem,CHEMBL6007163
MJKJCKNSGHMGKB,2,STR-D4CCFA73123FE6C43206,MJKJCKNSGHMGKB-RUZDIDTESA-N,CCN(C(=O)c1cc(F)ccc1Oc1nncnc1N1CCC2(C1)CN([C@H](CCCNC(C)=O)C(C)C)C2)C(C)C,6.214670164989233,SER-F7B9115420359440,PubChem,156531908
MJKJCKNSGHMGKB,2,STR-2CFC8301293C2B82E4A6,MJKJCKNSGHMGKB-VWLOTQADSA-N,CCN(C(=O)c1cc(F)ccc1Oc1nncnc1N1CCC2(C1)CN([C@@H](CCCNC(C)=O)C(C)C)C2)C(C)C,4.064492734175287,SER-F7B9115420359440,PubChem,156531832
MKUJDUKEABOIAI,2,STR-751E14E3FB418B1577CE,MKUJDUKEABOIAI-HKTYWMCWSA-N,CNC(=O)C[C@H]1CCC[C@@H]1C(C#N)(c1ccccc1)C1CCN(CC2CN(c3ccc(S(=O)(=O)c4ccncc4)cc3)C2)CC1,5.6807553715226815,SER-B92687DE56E5CCCB,ChEMBL;PubChem,CHEMBL6022712
MKUJDUKEABOIAI,2,STR-BFADD52B1F3CC9E98A32,MKUJDUKEABOIAI-LZMDZFMZSA-N,CNC(=O)C[C@@H]1CCC[C@H]1C(C#N)(c1ccccc1)C1CCN(CC2CN(c3ccc(S(=O)(=O)c4ccncc4)cc3)C2)CC1,5.2839966563652006,SER-B92687DE56E5CCCB,ChEMBL;PubChem,CHEMBL6022720
MPKSENOWQPDREO,2,STR-08A590BAA6ADDB004EDA,MPKSENOWQPDREO-KMSQYKAGSA-N,CC(=O)OC[C@@H]1CCC[C@H]1C(C#N)(c1ccccc1)C1CCN(CC2CN(c3ccc(S(=O)(=O)C4CC4)cc3)C2)CC1,5.161150909262744,SER-6F3389DAFB00746E,ChEMBL;PubChem,CHEMBL5923382
MPKSENOWQPDREO,2,STR-15A2DC000277D973D434,MPKSENOWQPDREO-XYOWXNCWSA-N,CC(=O)OC[C@H]1CCC[C@@H]1C(C#N)(c1ccccc1)C1CCN(CC2CN(c3ccc(S(=O)(=O)C4CC4)cc3)C2)CC1,5.031517051446064,SER-6F3389DAFB00746E,ChEMBL;PubChem,CHEMBL6045176
MTNNOKFINBKFMT,2,STR-8B2AB072C4548D2116F2,MTNNOKFINBKFMT-MUUNZHRXSA-N,COCCN(C)CCC[C@H](C(C)C)N1CC2(CCN(c3ncnnc3Oc3ccc(F)cc3C(=O)N(C(C)C)C(C)C)C2)C1,6.920818753952375,SER-F7B9115420359440,PubChem,156532036
MTNNOKFINBKFMT,2,STR-12F4BE5B3B9958528331,MTNNOKFINBKFMT-NDEPHWFRSA-N,COCCN(C)CCC[C@@H](C(C)C)N1CC2(CCN(c3ncnnc3Oc3ccc(F)cc3C(=O)N(C(C)C)C(C)C)C2)C1,5.302770657240282,SER-F7B9115420359440,PubChem,156532027
MTSJANLOLAEYMN,2,STR-BB5DA7F787A2FB885A08,MTSJANLOLAEYMN-LMSSTIIKSA-N,CCN(C(=O)c1cc(F)ccc1Oc1nncnc1N1CCC2(C1)CN([C@H](CCCN(C)C[C@@H](COC)OC)C(C)C)C2)C(C)C,7.207608310501746,SER-F7B9115420359440,PubChem,156532045
MTSJANLOLAEYMN,2,STR-7490FDF2026E2906146B,MTSJANLOLAEYMN-XRKRLSELSA-N,CCN(C(=O)c1cc(F)ccc1Oc1nncnc1N1CCC2(C1)CN([C@H](CCCN(C)C[C@H](COC)OC)C(C)C)C2)C(C)C,6.886056647693163,SER-F7B9115420359440,PubChem,156531413
MWEDWZMQICDMIU,2,STR-DB0E19CA615A608C5F2D,MWEDWZMQICDMIU-XPZBDPFPSA-N,CO[C@H]1CCC[C@@H]1C1(C2CCN(CCCOc3ccc(C#N)cc3)CC2)CN(C)Cc2ccccc21,5.7447274948966935,SER-789386810AA6A1B8,ChEMBL;PubChem,CHEMBL5892911
MWEDWZMQICDMIU,2,STR-9D5FA8EC64504ACC3524,MWEDWZMQICDMIU-KCUXUGRMSA-N,CO[C@@H]1CCC[C@H]1C1(C2CCN(CCCOc3ccc(C#N)cc3)CC2)CN(C)Cc2ccccc21,5.568636235841012,SER-789386810AA6A1B8,ChEMBL;PubChem,CHEMBL5819596
MYVKCHDXVPKEKS,2,STR-CB65BC34DC11FA6EB615,MYVKCHDXVPKEKS-FWBANIIHSA-N,CNC(=O)N[C@H]1CCC[C@@H]1C1(C2CCN(CC3CN(c4ccc(S(=O)(=O)c5ccncc5)cc4)C3)CC2)CN(C)Cc2ccccc21,8.096910013008056,SER-20F67B855744F824,ChEMBL;PubChem,CHEMBL5848603
MYVKCHDXVPKEKS,2,STR-FB8F85C9A962EBF8FA78,MYVKCHDXVPKEKS-ANOPSCNCSA-N,CNC(=O)N[C@@H]1CCC[C@H]1C1(C2CCN(CC3CN(c4ccc(S(=O)(=O)c5ccncc5)cc4)C3)CC2)CN(C)Cc2ccccc21,6.528708288941061,SER-20F67B855744F824,ChEMBL;PubChem,CHEMBL5843695
NGZLPTJEQODDAQ,2,STR-6F0B243CDCAB8EEB6068,NGZLPTJEQODDAQ-FWBANIIHSA-N,N#CC(c1ccccc1)(C1CCN(CC2CN(c3ccc(S(=O)(=O)c4ccncc4)cc3)C2)CC1)[C@H]1CCC[C@@H]1OC(=O)N1CCC1,7.1249387366083,SER-4FDAE11105633273,ChEMBL;PubChem,CHEMBL5799889
NGZLPTJEQODDAQ,2,STR-FD744C47D05214C5E9EE,NGZLPTJEQODDAQ-ANOPSCNCSA-N,N#CC(c1ccccc1)(C1CCN(CC2CN(c3ccc(S(=O)(=O)c4ccncc4)cc3)C2)CC1)[C@@H]1CCC[C@H]1OC(=O)N1CCC1,5.698970004336019,SER-4FDAE11105633273,ChEMBL;PubChem,CHEMBL5890943
NIKCFGNIXVGTAN,2,STR-0C1A3C79DDA24756CB7A,NIKCFGNIXVGTAN-AFLWYUAHSA-N,COC(=O)N[C@H]1CCC[C@@H]1C(C#N)(c1ccccc1)C1CCN(CC2CN(c3ccc(S(=O)(=O)c4ccccc4)cc3)C2)CC1,7.853871964321762,SER-D0CCC78DDD1F06F9,ChEMBL;PubChem,CHEMBL6012114
NIKCFGNIXVGTAN,2,STR-BAB280176B241974F757,NIKCFGNIXVGTAN-INSQSLAKSA-N,COC(=O)N[C@@H]1CCC[C@H]1C(C#N)(c1ccccc1)C1CCN(CC2CN(c3ccc(S(=O)(=O)c4ccccc4)cc3)C2)CC1,6.086716098239581,SER-D0CCC78DDD1F06F9,ChEMBL;PubChem,CHEMBL5831645
NIXPDHYMMWJNBK,2,STR-79AE077C5280C92A481E,NIXPDHYMMWJNBK-VSLLNASRSA-N,COCC[C@@H]1CCC[C@H]1C(C#N)(c1ccccc1)C1CCN(CC2CN(c3ccc(S(=O)(=O)c4ccnc(C)c4)cc3)C2)CC1,4.58838029403677,SER-B92687DE56E5CCCB,ChEMBL;PubChem,CHEMBL5942260
NIXPDHYMMWJNBK,2,STR-478CD9F8B251C1F54424,NIXPDHYMMWJNBK-MSVMABCMSA-N,COCC[C@H]1CCC[C@@H]1C(C#N)(c1ccccc1)C1CCN(CC2CN(c3ccc(S(=O)(=O)c4ccnc(C)c4)cc3)C2)CC1,4.531652669587842,SER-B92687DE56E5CCCB,ChEMBL;PubChem,CHEMBL6048151
NLOFCWGPKOGXNK,2,STR-71C6205ED0F8C1804176,NLOFCWGPKOGXNK-AREMUKBSSA-N,CCN(C(=O)c1cc(F)ccc1Oc1nncnc1N1CCC2(C1)CN([C@H](CCCCN(C)C)C(C)C)C2)C(C)C,6.455931955649724,SER-F7B9115420359440,PubChem,156531471
NLOFCWGPKOGXNK,2,STR-CDBF5137E00EE2651EDD,NLOFCWGPKOGXNK-SANMLTNESA-N,CCN(C(=O)c1cc(F)ccc1Oc1nncnc1N1CCC2(C1)CN([C@@H](CCCCN(C)C)C(C)C)C2)C(C)C,5.0245681914907365,SER-F7B9115420359440,PubChem,156531463
NVRCFDBJZOGQJV,2,STR-79D75B6A88F0457FA1C2,NVRCFDBJZOGQJV-AFLWYUAHSA-N,CCC(=O)O[C@H]1CCC[C@@H]1C(C#N)(c1ccccc1)C1CCN(CC2CN(c3ccc(S(=O)(=O)c4ccncc4)cc3)C2)CC1,8.0,SER-B92687DE56E5CCCB,ChEMBL;PubChem,CHEMBL5800169
NVRCFDBJZOGQJV,2,STR-65405A355B35D329B436,NVRCFDBJZOGQJV-INSQSLAKSA-N,CCC(=O)O[C@@H]1CCC[C@H]1C(C#N)(c1ccccc1)C1CCN(CC2CN(c3ccc(S(=O)(=O)c4ccncc4)cc3)C2)CC1,6.0,SER-B92687DE56E5CCCB,ChEMBL;PubChem,CHEMBL5838828
OMPMVDNVMBQWBE,2,STR-312EF6BDB711E79D339B,OMPMVDNVMBQWBE-LEAFIULHSA-N,CC(C)[C@@H](CCCN(C)[C@H](C)CC(N)=O)N1CC2(CCN(c3ncnnc3Oc3ccc(F)cc3C(=O)N(C(C)C)C(C)C)C2)C1,6.886056647693163,SER-F7B9115420359440,PubChem,156531576
OMPMVDNVMBQWBE,2,STR-96E35423F541E47EB48A,OMPMVDNVMBQWBE-LBNVMWSVSA-N,CC(C)[C@@H](CCCN(C)[C@@H](C)CC(N)=O)N1CC2(CCN(c3ncnnc3Oc3ccc(F)cc3C(=O)N(C(C)C)C(C)C)C2)C1,6.886056647693163,SER-F7B9115420359440,PubChem,156531777
ONCIPTNPPSWVQS,2,STR-B362D479FEC6A2A08BC5,ONCIPTNPPSWVQS-HSZRJFAPSA-N,CC(C)[C@@H](CCC(N)=O)N1CC2(CCN(c3ncnnc3Oc3ccc(F)cc3-c3cncnc3C3CC3)C2)C1,6.259637310505756,SER-7A71BD39A789D797,PubChem,168720908
ONCIPTNPPSWVQS,2,STR-8D22035F518E37FF47A2,ONCIPTNPPSWVQS-QHCPKHFHSA-N,CC(C)[C@H](CCC(N)=O)N1CC2(CCN(c3ncnnc3Oc3ccc(F)cc3-c3cncnc3C3CC3)C2)C1,4.3314277308154425,SER-7A71BD39A789D797,PubChem,156531790
OTOKSKUUDODMQT,2,STR-640F627423409BE4C4E0,OTOKSKUUDODMQT-GDLZYMKVSA-N,COCCN(C)CCC[C@H](C(C)C)N1CC2(CCN(c3ccnnc3Oc3ccc(F)cc3C(=O)N(C(C)C)C(C)C)C2)C1,7.080921907623926,SER-725533906D2EDF46,PubChem,156532041
OTOKSKUUDODMQT,2,STR-FB98DD14CDC38EDCF612,OTOKSKUUDODMQT-LJAQVGFWSA-N,COCCN(C)CCC[C@@H](C(C)C)N1CC2(CCN(c3ccnnc3Oc3ccc(F)cc3C(=O)N(C(C)C)C(C)C)C2)C1,5.421360790031928,SER-725533906D2EDF46,PubChem,156531844
OYJIUPJJIAQOGS,2,STR-6C4B7845EEA627B51A73,OYJIUPJJIAQOGS-HPSQJEMFSA-N,CO[C@@H]1CCC[C@H]1C(C#N)(c1ccccc1)C1CCN(CC2CN(c3ccc(S(C)(=O)=O)cc3)C2)CC1,5.013228265733755,SER-FBD8412D03D2F209,ChEMBL;PubChem,CHEMBL5990853
OYJIUPJJIAQOGS,2,STR-FC134713F6D36D29BA09,OYJIUPJJIAQOGS-ZTURCVLQSA-N,CO[C@H]1CCC[C@@H]1C(C#N)(c1ccccc1)C1CCN(CC2CN(c3ccc(S(C)(=O)=O)cc3)C2)CC1,4.7423214251308154,SER-FBD8412D03D2F209,ChEMBL;PubChem,CHEMBL5995050
OZNSRDJOBNUWQA,2,STR-64726CEBE1C119AD1032,OZNSRDJOBNUWQA-QKZQDKRESA-N,COC(=O)N[C@H]1CCC[C@@H]1C(C#N)(c1ccccc1)C1CCN(CC2CN(c3ccc(S(=O)(=O)c4cnn(C)c4)cc3)C2)CC1,7.823908740944319,SER-D71DF828C6360796,ChEMBL;PubChem,CHEMBL6042537
OZNSRDJOBNUWQA,2,STR-D3545E8919D6A24E9EFC,OZNSRDJOBNUWQA-OLPGJYTKSA-N,COC(=O)N[C@@H]1CCC[C@H]1C(C#N)(c1ccccc1)C1CCN(CC2CN(c3ccc(S(=O)(=O)c4cnn(C)c4)cc3)C2)CC1,5.920818753952375,SER-D71DF828C6360796,ChEMBL;PubChem,CHEMBL5966519
PRVONHNKNRFPNB,2,STR-175E6B8A02C7A1A8161C,PRVONHNKNRFPNB-XNMGPUDCSA-N,CCN(C(=O)c1cc(F)ccc1Oc1nncnc1N1CCC2(C1)CN([C@H](CCCNC[C@@H](O)COC)C(C)C)C2)C(C)C,6.619788758288394,SER-F7B9115420359440,PubChem,156532052
PRVONHNKNRFPNB,2,STR-B2AFEC539C3D9634128E,PRVONHNKNRFPNB-AHKZPQOWSA-N,CCN(C(=O)c1cc(F)ccc1Oc1nncnc1N1CCC2(C1)CN([C@H](CCCNC[C@H](O)COC)C(C)C)C2)C(C)C,6.443697499232712,SER-F7B9115420359440,PubChem,168720899
PUOUJWXILKKQSQ,2,STR-CE767B2CC0FDE9DEDE13,PUOUJWXILKKQSQ-LEAFIULHSA-N,CCN(C(=O)c1cc(F)ccc1Oc1nncnc1N1CCC2(C1)CN([C@H](CCCN(C)[C@H](C)COC)C(C)C)C2)C(C)C,7.292429823902063,SER-F7B9115420359440,PubChem,156497987
PUOUJWXILKKQSQ,2,STR-EFBDC82F897837532FAC,PUOUJWXILKKQSQ-LBNVMWSVSA-N,CCN(C(=O)c1cc(F)ccc1Oc1nncnc1N1CCC2(C1)CN([C@H](CCCN(C)[C@@H](C)COC)C(C)C)C2)C(C)C,6.920818753952375,SER-F7B9115420359440,PubChem,156531779
PUYITSCFEXVUDJ,2,STR-39162221D259757C11ED,PUYITSCFEXVUDJ-MROBMTMESA-N,CN(C)C(=O)N[C@H]1CCC[C@@H]1C(Cn1ccnc1)(c1ccccc1)C1CCN(CC2CN(c3ccc(S(=O)(=O)c4cnn(C)c4)cc3)C2)CC1,8.221848749616356,SER-D71646C8B89AF1C0,ChEMBL;PubChem,CHEMBL6034357
PUYITSCFEXVUDJ,2,STR-B9B055BBCE39C09309A4,PUYITSCFEXVUDJ-QAFYHTLISA-N,CN(C)C(=O)N[C@@H]1CCC[C@H]1C(Cn1ccnc1)(c1ccccc1)C1CCN(CC2CN(c3ccc(S(=O)(=O)c4cnn(C)c4)cc3)C2)CC1,5.947306058075032,SER-D71646C8B89AF1C0,ChEMBL;PubChem,CHEMBL6065244
PVOOIBFXNSELJT,2,STR-3C59D20673A9FF87E080,PVOOIBFXNSELJT-UHFFFAOYSA-N,N#Cc1cc2ccc(C(=O)NC3CCC(C4(C5CCCC5)NCCc5ccccc54)CC3)cc2[nH]1,5.721246399047171,SER-022396F9DA354781,PubChem,132104749
PVOOIBFXNSELJT,2,STR-9115E8E5409E0FED2178,PVOOIBFXNSELJT-BIBMFLLGSA-N,N#Cc1cc2ccc(C(=O)N[C@H]3CC[C@H](C4(C5CCCC5)NCCc5ccccc54)CC3)cc2[nH]1,5.721246399047171,SER-022396F9DA354781,ChEMBL,CHEMBL5851648
QBAAZHFEOGJQPO,2,STR-E3B8278C7728D509C360,QBAAZHFEOGJQPO-GDLZYMKVSA-N,CC(C)[C@@H](CCCN(C)CCC(=O)N(C)C)N1CC2(CCN(c3ncnnc3Oc3ccc(F)cc3C(=O)N(C(C)C)C(C)C)C2)C1,7.154901959985743,SER-F7B9115420359440,PubChem,156531773
QBAAZHFEOGJQPO,2,STR-0385B7365D2BE1443660,QBAAZHFEOGJQPO-LJAQVGFWSA-N,CC(C)[C@H](CCCN(C)CCC(=O)N(C)C)N1CC2(CCN(c3ncnnc3Oc3ccc(F)cc3C(=O)N(C(C)C)C(C)C)C2)C1,7.0915149811213505,SER-F7B9115420359440,PubChem,156531605
QEEXMEYJDQDSAZ,2,STR-1E3BF4938C186E9DEDED,QEEXMEYJDQDSAZ-MUUNZHRXSA-N,CCN(C(=O)c1cc(F)ccc1Oc1nnccc1N1CCC2(C1)CN([C@H](CCCN(C)CCOC)C(C)C)C2)C(C)C,6.853871964321762,SER-725533906D2EDF46,PubChem,156531833
QEEXMEYJDQDSAZ,2,STR-0C41A5E0103FBE24922F,QEEXMEYJDQDSAZ-NDEPHWFRSA-N,CCN(C(=O)c1cc(F)ccc1Oc1nnccc1N1CCC2(C1)CN([C@@H](CCCN(C)CCOC)C(C)C)C2)C(C)C,5.229147988357855,SER-725533906D2EDF46,PubChem,156531825
QKIUANDYULVCFE,2,STR-6C98F61E1E52A5856618,QKIUANDYULVCFE-RUZDIDTESA-N,CC(C)[C@@H](CCC(C)(C)N)N1CC2(CCN(c3ncnnc3Oc3ccc(F)cc3-c3cncnc3C3CC3)C2)C1,6.920818753952375,SER-7A71BD39A789D797,PubChem,156531812
QKIUANDYULVCFE,2,STR-A801C2BEEB406E6E0F33,QKIUANDYULVCFE-VWLOTQADSA-N,CC(C)[C@H](CCC(C)(C)N)N1CC2(CCN(c3ncnnc3Oc3ccc(F)cc3-c3cncnc3C3CC3)C2)C1,5.935542010773082,SER-7A71BD39A789D797,PubChem,156531906
QKNJSAPOLRJCFI,2,STR-EABF9B602E7C57DDC695,QKNJSAPOLRJCFI-FYZJSYNQSA-N,CC(=O)O[C@@H]1CCC[C@H]1C(C#N)(c1ccccc1)C1CCN(CC2CN(c3ccc(C(=O)O)cc3)C2)CC1,5.187086643357144,SER-FBD8412D03D2F209,ChEMBL;PubChem,CHEMBL5766980
QKNJSAPOLRJCFI,2,STR-64416BC7F3D621D83B3A,QKNJSAPOLRJCFI-MYABOAQRSA-N,CC(=O)O[C@H]1CCC[C@@H]1C(C#N)(c1ccccc1)C1CCN(CC2CN(c3ccc(C(=O)O)cc3)C2)CC1,4.82102305270683,SER-FBD8412D03D2F209,ChEMBL;PubChem,CHEMBL5873208
QLAKMMMMNNGFLX,2,STR-C24E330B171F75FD816E,QLAKMMMMNNGFLX-IEKJTBOOSA-N,CC(=O)N[C@H]1CCC[C@@H]1C(C#N)(c1ccccc1)C1CCN(CC2CN(c3ccc(S(=O)(=O)c4ccncc4)cc3)C2)CC1,8.0,SER-B92687DE56E5CCCB,ChEMBL;PubChem,CHEMBL5773599
QLAKMMMMNNGFLX,2,STR-2BD8E1D3643B1EDA4E91,QLAKMMMMNNGFLX-ORITWGEGSA-N,CC(=O)N[C@@H]1CCC[C@H]1C(C#N)(c1ccccc1)C1CCN(CC2CN(c3ccc(S(=O)(=O)c4ccncc4)cc3)C2)CC1,6.255707016877324,SER-B92687DE56E5CCCB,ChEMBL;PubChem,CHEMBL5815172
QSXVPAMGQSDCKK,2,STR-94C191645BE5B0A1978A,QSXVPAMGQSDCKK-FWBANIIHSA-N,N#CC(c1ccccc1)(C1CCN(CC2CN(c3ccc(S(=O)(=O)c4ccncc4)cc3)C2)CC1)[C@H]1CCC[C@@H]1OC(=O)C1CC1,7.744727494896693,SER-67C225F56454DB64,ChEMBL;PubChem,CHEMBL6045605
QSXVPAMGQSDCKK,2,STR-F1E7C121ED0AA1CBD4E4,QSXVPAMGQSDCKK-ANOPSCNCSA-N,N#CC(c1ccccc1)(C1CCN(CC2CN(c3ccc(S(=O)(=O)c4ccncc4)cc3)C2)CC1)[C@@H]1CCC[C@H]1OC(=O)C1CC1,6.069050968832477,SER-67C225F56454DB64,ChEMBL;PubChem,CHEMBL5999058
QUXGGZVJCJQVBS,2,STR-35F6D1EC02194FC314E7,QUXGGZVJCJQVBS-SRBHEWTHSA-N,CNC(=O)O[C@H]1CCC[C@@H]1C(C#N)(c1ccccc1)C1CCN(CC2CN(c3ccc([N+](=O)[O-])cc3)C2)CC1,7.886056647693163,SER-FBD8412D03D2F209,ChEMBL;PubChem,CHEMBL6022195
QUXGGZVJCJQVBS,2,STR-229990C98B9D4B27D490,QUXGGZVJCJQVBS-QWKOWPTQSA-N,CNC(=O)O[C@@H]1CCC[C@H]1C(C#N)(c1ccccc1)C1CCN(CC2CN(c3ccc([N+](=O)[O-])cc3)C2)CC1,5.337242168318426,SER-FBD8412D03D2F209,ChEMBL;PubChem,CHEMBL6062960
QWSJUONIFZYYTB,2,STR-85AF727985BBEB438A71,QWSJUONIFZYYTB-SRBHEWTHSA-N,CNC(=O)O[C@H]1CCC[C@@H]1C(C#N)(c1ccccc1)C1CCN(CC2CN(c3ccc(C(F)(F)F)cc3)C2)CC1,7.522878745280337,SER-FBD8412D03D2F209,ChEMBL;PubChem,CHEMBL5897790
QWSJUONIFZYYTB,2,STR-7A2E8FB7325B12C5539B,QWSJUONIFZYYTB-QWKOWPTQSA-N,CNC(=O)O[C@@H]1CCC[C@H]1C(C#N)(c1ccccc1)C1CCN(CC2CN(c3ccc(C(F)(F)F)cc3)C2)CC1,6.2958494831602,SER-FBD8412D03D2F209,ChEMBL;PubChem,CHEMBL5994720
RCDWXAWZKNCQGU,2,STR-54ED728D29C775C2EEED,RCDWXAWZKNCQGU-IEKJTBOOSA-N,CS(=O)(=O)CO[C@H]1CCC[C@@H]1C(C#N)(c1ccccc1)C1CCN(CC2CN(c3ccc(S(=O)(=O)c4ccncc4)cc3)C2)CC1,4.841637507904751,SER-B92687DE56E5CCCB,ChEMBL;PubChem,CHEMBL5851276
RCDWXAWZKNCQGU,2,STR-8271C886AE561654AC45,RCDWXAWZKNCQGU-ORITWGEGSA-N,CS(=O)(=O)CO[C@@H]1CCC[C@H]1C(C#N)(c1ccccc1)C1CCN(CC2CN(c3ccc(S(=O)(=O)c4ccncc4)cc3)C2)CC1,4.634512015109101,SER-B92687DE56E5CCCB,ChEMBL;PubChem,CHEMBL6029447
RDMGTXHHFUCBPL,2,STR-469219CCEE1D20BDAA81,RDMGTXHHFUCBPL-OAIMCMEGSA-N,CNC(=O)O[C@H]1CCC[C@@H]1C(C#N)(c1ccccc1)C1CCN(CC2CN(c3ccc(S(=O)(=O)c4nn(C)cc4Br)cc3)C2)CC1,8.397940008672037,SER-8207B72B2003740B,ChEMBL;PubChem,CHEMBL5829566
RDMGTXHHFUCBPL,2,STR-1E9D02C95D733A0CE623,RDMGTXHHFUCBPL-NJCOBLFYSA-N,CNC(=O)O[C@@H]1CCC[C@H]1C(C#N)(c1ccccc1)C1CCN(CC2CN(c3ccc(S(=O)(=O)c4nn(C)cc4Br)cc3)C2)CC1,6.795880017344075,SER-8207B72B2003740B,ChEMBL;PubChem,CHEMBL6064087
RGGXIRGKGSGLAE,2,STR-94607F80C78D17F7F58B,RGGXIRGKGSGLAE-CVSIUOJSSA-N,CNC(=O)O[C@H]1CCC[C@@H]1C(Cn1cccc1)(c1ccccc1)C1CCN(CC2CN(c3ccc(S(=O)(=O)c4ccccc4)cc3)C2)CC1,7.920818753952375,SER-0174A77D6587226B,ChEMBL;PubChem,CHEMBL5978180
RGGXIRGKGSGLAE,2,STR-55608317294F39D42FCE,RGGXIRGKGSGLAE-XTPKGQMJSA-N,CNC(=O)O[C@@H]1CCC[C@H]1C(Cn1cccc1)(c1ccccc1)C1CCN(CC2CN(c3ccc(S(=O)(=O)c4ccccc4)cc3)C2)CC1,6.655607726314889,SER-0174A77D6587226B,ChEMBL;PubChem,CHEMBL5848634
RQKGACYLPBOFDP,2,STR-F80C61F109C8A7A8A056,RQKGACYLPBOFDP-JOCHJYFZSA-N,CCN(C(=O)c1cc(F)ccc1Oc1nncnc1N1CCC2(C1)CN([C@H](CCN)C(C)C)C2)C(C)C,6.568636235841012,SER-F7B9115420359440,PubChem,156531410
RQKGACYLPBOFDP,2,STR-9EEB3BED6CC8A84F57AD,RQKGACYLPBOFDP-UHFFFAOYSA-N,CCN(C(=O)c1cc(F)ccc1Oc1nncnc1N1CCC2(C1)CN(C(CCN)C(C)C)C2)C(C)C,6.552841968657781,SER-F7B9115420359440,PubChem,156531896
RQQWEQZHCLJHSS,2,STR-CAC36670E13A5F8A68CE,RQQWEQZHCLJHSS-FWBANIIHSA-N,CNC(=O)O[C@H]1CCC[C@@H]1C1(C2CCN(CC3CN(c4ccc(S(=O)(=O)c5ccncc5)cc4)C3)CC2)CN(C)Cc2ccccc21,8.397940008672037,SER-20F67B855744F824,ChEMBL;PubChem,CHEMBL5798441
RQQWEQZHCLJHSS,2,STR-74748864A5B42BEF5513,RQQWEQZHCLJHSS-IWQNTTPNSA-N,CNC(=O)O[C@H]1CCC[C@@H]1[C@]1(C2CCN(CC3CN(c4ccc(S(=O)(=O)c5ccncc5)cc4)C3)CC2)CN(C)Cc2ccccc21,8.301029995663981,SER-20F67B855744F824,ChEMBL,CHEMBL4449381
RXDYQQDYECDPEA,2,STR-62EAA7BC9A8608AAD9F0,RXDYQQDYECDPEA-IXCJQBJRSA-N,CCN(C(=O)c1cc(F)ccc1Oc1nncnc1N1CCC2(C1)CN([C@H](CCCN(C)C[C@@H](O)COC)C(C)C)C2)C(C)C,7.267606240177031,SER-F7B9115420359440,PubChem,156498126
RXDYQQDYECDPEA,2,STR-19CC959BDEEEA861FDD9,RXDYQQDYECDPEA-XTEPFMGCSA-N,CCN(C(=O)c1cc(F)ccc1Oc1nncnc1N1CCC2(C1)CN([C@H](CCCN(C)C[C@H](O)COC)C(C)C)C2)C(C)C,5.991399828238082,SER-F7B9115420359440,PubChem,168720904
RXRPLAZNSINGDU,2,STR-971CC9D9CF453AE51D7B,RXRPLAZNSINGDU-AFLWYUAHSA-N,CNC(=O)N[C@H]1CCC[C@@H]1C(CN)(c1ccccc1)C1CCN(CC2CN(c3ccc(S(=O)(=O)c4ccccc4)cc3)C2)CC1,8.397940008672037,SER-D0CCC78DDD1F06F9,ChEMBL;PubChem,CHEMBL5822575
RXRPLAZNSINGDU,2,STR-21023797F115C4D325D4,RXRPLAZNSINGDU-INSQSLAKSA-N,CNC(=O)N[C@@H]1CCC[C@H]1C(CN)(c1ccccc1)C1CCN(CC2CN(c3ccc(S(=O)(=O)c4ccccc4)cc3)C2)CC1,6.96657624451305,SER-D0CCC78DDD1F06F9,ChEMBL;PubChem,CHEMBL5945524
RZWRMCFYZPLCHI,2,STR-1380FDB405A07D2654DB,RZWRMCFYZPLCHI-FVVNGJPMSA-N,CNC(=O)O[C@H]1CCC[C@@H]1C(C#N)(c1ccccc1)C1CCN(CC2(F)CN(c3ccc(S(=O)(=O)c4cnn(C)c4)cc3)C2)CC1,7.167491087293763,SER-D71DF828C6360796,ChEMBL;PubChem,CHEMBL5983137
RZWRMCFYZPLCHI,2,STR-CF723552A81BEA7EC32F,RZWRMCFYZPLCHI-INJIGVFBSA-N,CNC(=O)O[C@@H]1CCC[C@H]1C(C#N)(c1ccccc1)C1CCN(CC2(F)CN(c3ccc(S(=O)(=O)c4cnn(C)c4)cc3)C2)CC1,5.443697499232712,SER-D71DF828C6360796,ChEMBL;PubChem,CHEMBL5931266
RZZLNBBDQPQGHP,2,STR-119E78597F506F0B6C75,RZZLNBBDQPQGHP-XNVRKLAPSA-N,COC(=O)N1Cc2ccccc2C(C2CCN(CCCOc3ccc(C#N)cc3)CC2)([C@H]2CCC[C@@H]2OC)C1,5.017728766960431,SER-789386810AA6A1B8,ChEMBL;PubChem,CHEMBL5758134
RZZLNBBDQPQGHP,2,STR-9E30945B1B85AD5CB97B,RZZLNBBDQPQGHP-VOKSZNSDSA-N,COC(=O)N1Cc2ccccc2C(C2CCN(CCCOc3ccc(C#N)cc3)CC2)([C@@H]2CCC[C@H]2OC)C1,4.982966660701219,SER-789386810AA6A1B8,ChEMBL;PubChem,CHEMBL6064433
SDGOMCIESMUDGQ,2,STR-990708AC2AD0842F3BCB,SDGOMCIESMUDGQ-QKZQDKRESA-N,N#CC(c1ccccc1)(C1CCN(CC2CN(c3ccc(S(=O)(=O)c4ccncc4)cc3)C2)CC1)[C@H]1CCC[C@@H]1OC(N)=O,8.045757490560675,SER-B92687DE56E5CCCB,ChEMBL;PubChem,CHEMBL5865073
SDGOMCIESMUDGQ,2,STR-4E0D965820718397652B,SDGOMCIESMUDGQ-OLPGJYTKSA-N,N#CC(c1ccccc1)(C1CCN(CC2CN(c3ccc(S(=O)(=O)c4ccncc4)cc3)C2)CC1)[C@@H]1CCC[C@H]1OC(N)=O,6.342944147142896,SER-B92687DE56E5CCCB,ChEMBL;PubChem,CHEMBL5854653
SDSJQZYQLKUFBE,2,STR-6B28BBE0B01A6E185ED9,SDSJQZYQLKUFBE-XPZBDPFPSA-N,CC(=O)O[C@H]1CCC[C@@H]1C(C#N)(c1ccccc1)C1CCN(CC2CN(c3ccc(S(C)(=O)=O)cc3)C2)CC1,7.136677139879544,SER-FBD8412D03D2F209,ChEMBL;PubChem,CHEMBL5969278
SDSJQZYQLKUFBE,2,STR-0EB8573BEAC1C0A492BB,SDSJQZYQLKUFBE-KCUXUGRMSA-N,CC(=O)O[C@@H]1CCC[C@H]1C(C#N)(c1ccccc1)C1CCN(CC2CN(c3ccc(S(C)(=O)=O)cc3)C2)CC1,5.585026652029182,SER-FBD8412D03D2F209,ChEMBL;PubChem,CHEMBL5932458
SKALBDQRURDSRO,2,STR-CD3ABA81D633A3E66F13,SKALBDQRURDSRO-XUOJJIKWSA-N,CC(C)N(C(=O)c1cc(F)ccc1Oc1cncnc1N1CC2(CCN(C(=O)[C@H]3N[C@H]4CC[C@@H]3C[C@@H]4CC3CC3)CC2)C1)C(C)C,8.275724130399212,SER-BD7F2116D422990C,ChEMBL,CHEMBL6067935
SKALBDQRURDSRO,2,STR-B5D946FAC7CA35C5B953,SKALBDQRURDSRO-RSKUZXBTSA-N,CC(C)N(C(=O)c1cc(F)ccc1Oc1cncnc1N1CC2(CCN(C(=O)[C@H]3N[C@H]4CC[C@@H]3C[C@H]4CC3CC3)CC2)C1)C(C)C,8.148741651280925,SER-BD7F2116D422990C,ChEMBL,CHEMBL6067936
SYOJWXRBJAMSKA,2,STR-B42C6A96CD90C7D4D5BD,SYOJWXRBJAMSKA-XMMPIXPASA-N,CCN(C(=O)c1cc(F)ccc1Oc1nncnc1N1CCC2(C1)CN([C@H](CCC(C)(C)N)C(C)C)C2)C(C)C,7.173925197299173,SER-F7B9115420359440,PubChem,156531430
SYOJWXRBJAMSKA,2,STR-E575F8E3658FABFC44D1,SYOJWXRBJAMSKA-DEOSSOPVSA-N,CCN(C(=O)c1cc(F)ccc1Oc1nncnc1N1CCC2(C1)CN([C@@H](CCC(C)(C)N)C(C)C)C2)C(C)C,5.642065152999546,SER-F7B9115420359440,PubChem,156531811
TWAYYWDSCYXSAC,2,STR-4F74C84E1F856F025432,TWAYYWDSCYXSAC-FWBANIIHSA-N,CCCC(=O)O[C@H]1CCC[C@@H]1C(C#N)(c1ccccc1)C1CCN(CC2CN(c3ccc(S(=O)(=O)c4ccncc4)cc3)C2)CC1,6.20551195334083,SER-B92687DE56E5CCCB,ChEMBL;PubChem,CHEMBL5863701
TWAYYWDSCYXSAC,2,STR-6B610F98DBC51ED4955E,TWAYYWDSCYXSAC-ANOPSCNCSA-N,CCCC(=O)O[C@@H]1CCC[C@H]1C(C#N)(c1ccccc1)C1CCN(CC2CN(c3ccc(S(=O)(=O)c4ccncc4)cc3)C2)CC1,4.552841968657781,SER-B92687DE56E5CCCB,ChEMBL;PubChem,CHEMBL5955983
TXPRVPJXCPOZMK,2,STR-147345C311E96CDE5202,TXPRVPJXCPOZMK-AHKZPQOWSA-N,CCN(C(=O)c1cc(F)ccc1Oc1nncnc1N1CCC2(C1)CN([C@H](CCCN[C@@H](CO)COC)C(C)C)C2)C(C)C,7.050609993355087,SER-F7B9115420359440,PubChem,156497975
TXPRVPJXCPOZMK,2,STR-3B3C5B252A05FD26B962,TXPRVPJXCPOZMK-XNMGPUDCSA-N,CCN(C(=O)c1cc(F)ccc1Oc1nncnc1N1CCC2(C1)CN([C@H](CCCN[C@H](CO)COC)C(C)C)C2)C(C)C,7.017728766960431,SER-F7B9115420359440,PubChem,156497983
TZVOKEYLSRSBPK,2,STR-6D83836432314425AF74,TZVOKEYLSRSBPK-JOCHJYFZSA-N,CCN(C(=O)c1cc(F)ccc1Oc1nncnc1N1CCC2(C1)CN([C@H](CCO)C(C)C)C2)C(C)C,6.309803919971486,SER-F7B9115420359440,PubChem,156531761
TZVOKEYLSRSBPK,2,STR-72BF5FE38870FA3B6280,TZVOKEYLSRSBPK-QFIPXVFZSA-N,CCN(C(=O)c1cc(F)ccc1Oc1nncnc1N1CCC2(C1)CN([C@@H](CCO)C(C)C)C2)C(C)C,4.051391450123564,SER-F7B9115420359440,PubChem,156531778
UDTODHMYBSKRKC,2,STR-D31C7512712D5C2245CC,UDTODHMYBSKRKC-FFXLMVMDSA-N,CS(=O)(=O)N[C@H]1CCC[C@@H]1C(C#N)(c1ccccc1)C1CCN(CC2CN(c3ccc(S(=O)(=O)c4ccncc4)cc3)C2)CC1,6.359518563029578,SER-B92687DE56E5CCCB,ChEMBL;PubChem,CHEMBL6006742
UDTODHMYBSKRKC,2,STR-1F9028E2DF2F03204766,UDTODHMYBSKRKC-DOTKWZJKSA-N,CS(=O)(=O)N[C@@H]1CCC[C@H]1C(C#N)(c1ccccc1)C1CCN(CC2CN(c3ccc(S(=O)(=O)c4ccncc4)cc3)C2)CC1,5.327902142064282,SER-B92687DE56E5CCCB,ChEMBL;PubChem,CHEMBL5884984
UGIVOZOCAQIGKH,2,STR-FB20DDC3426AF551283B,UGIVOZOCAQIGKH-AFLWYUAHSA-N,CN(C)C(=O)N[C@H]1CCC[C@@H]1C(C#N)(c1ccccc1)C1CCN(CC2CN(c3ccc(S(=O)(=O)c4ccncc4)cc3)C2)CC1,7.920818753952375,SER-B92687DE56E5CCCB,ChEMBL;PubChem,CHEMBL5753605
UGIVOZOCAQIGKH,2,STR-30E7F50211EE28460DBB,UGIVOZOCAQIGKH-INSQSLAKSA-N,CN(C)C(=O)N[C@@H]1CCC[C@H]1C(C#N)(c1ccccc1)C1CCN(CC2CN(c3ccc(S(=O)(=O)c4ccncc4)cc3)C2)CC1,5.920818753952375,SER-B92687DE56E5CCCB,ChEMBL;PubChem,CHEMBL5982259
UPXKEAPHHNBDHK,2,STR-D2329F0EB178ECBDC6B6,UPXKEAPHHNBDHK-MROBMTMESA-N,N#CC(c1ccccc1)(C1CCN(CC2CN(c3ccc(S(=O)(=O)c4ccncc4)cc3)C2)CC1)[C@H]1CCC[C@@H]1OC(=O)C1CCC1,6.954677021213342,SER-E3EDE43B771018A5,ChEMBL;PubChem,CHEMBL6027635
UPXKEAPHHNBDHK,2,STR-5A59AFF93EE296D36BC6,UPXKEAPHHNBDHK-QAFYHTLISA-N,N#CC(c1ccccc1)(C1CCN(CC2CN(c3ccc(S(=O)(=O)c4ccncc4)cc3)C2)CC1)[C@@H]1CCC[C@H]1OC(=O)C1CCC1,6.361510743045363,SER-E3EDE43B771018A5,ChEMBL;PubChem,CHEMBL5991299
UREBWGOENTXZBD,2,STR-4963BC6466091AE476AA,UREBWGOENTXZBD-FWBANIIHSA-N,CN1COCN([C@H]2CCC[C@@H]2C(C#N)(c2ccccc2)C2CCN(CC3CN(c4ccc(S(=O)(=O)c5ccncc5)cc4)C3)CC2)C1=O,7.187086643357144,SER-55C30A42270C6AFB,ChEMBL;PubChem,CHEMBL5851370
UREBWGOENTXZBD,2,STR-F7D3FB282E651DA95110,UREBWGOENTXZBD-ANOPSCNCSA-N,CN1COCN([C@@H]2CCC[C@H]2C(C#N)(c2ccccc2)C2CCN(CC3CN(c4ccc(S(=O)(=O)c5ccncc5)cc4)C3)CC2)C1=O,5.853871964321762,SER-55C30A42270C6AFB,ChEMBL;PubChem,CHEMBL5787094
VAURVTQYMPFKRB,2,STR-298210A977B1E814E254,VAURVTQYMPFKRB-KFAUHABRSA-N,CNC(=O)O[C@H]1CCC[C@@H]1C(Cn1ccnc1)(c1ccccc1)C1CCN(CC2CN(c3ccc(S(=O)(=O)c4ccccc4)cc3)C2)CC1,7.920818753952375,SER-7D8EB39B423AE666,ChEMBL;PubChem,CHEMBL5852741
VAURVTQYMPFKRB,2,STR-3601397C7850DBE7E578,VAURVTQYMPFKRB-IVWYEHFPSA-N,CNC(=O)O[C@@H]1CCC[C@H]1C(Cn1ccnc1)(c1ccccc1)C1CCN(CC2CN(c3ccc(S(=O)(=O)c4ccccc4)cc3)C2)CC1,7.376750709602099,SER-7D8EB39B423AE666,ChEMBL;PubChem,CHEMBL5981944
VDJTWLOLAUELBT,2,STR-33EC56FC5D9EE8140CC4,VDJTWLOLAUELBT-YFTHYISFSA-N,C=CC(=O)Nc1ccc(S(=O)(=O)c2ccc(N3CC(CN4CCC([C@@](C#N)(c5cccc(F)c5)[C@H]5CCC[C@@H]5OC(=O)NC)CC4)C3)cc2)cc1,8.698970004336019,SER-D0CCC78DDD1F06F9,ChEMBL;PubChem,CHEMBL5794245
VDJTWLOLAUELBT,2,STR-50194E6CF0AF9E3900D0,VDJTWLOLAUELBT-VHYZKNOSSA-N,C=CC(=O)Nc1ccc(S(=O)(=O)c2ccc(N3CC(CN4CCC([C@](C#N)(c5cccc(F)c5)[C@H]5CCC[C@@H]5OC(=O)NC)CC4)C3)cc2)cc1,5.657577319177793,SER-D0CCC78DDD1F06F9,ChEMBL;PubChem,CHEMBL5826660
VIVQBGAVUNUMKT,2,STR-53AEACA9E792A76EA570,VIVQBGAVUNUMKT-MYABOAQRSA-N,CNC(=O)O[C@H]1CCC[C@@H]1C(C#N)(c1ccccc1)C1CCN(CC2CN(c3ccc(C)cc3)C2)CC1,6.950781977329818,SER-FBD8412D03D2F209,ChEMBL;PubChem,CHEMBL5937223
VIVQBGAVUNUMKT,2,STR-FE6ABAC0F054BFEC1BAA,VIVQBGAVUNUMKT-FYZJSYNQSA-N,CNC(=O)O[C@@H]1CCC[C@H]1C(C#N)(c1ccccc1)C1CCN(CC2CN(c3ccc(C)cc3)C2)CC1,5.327902142064282,SER-FBD8412D03D2F209,ChEMBL;PubChem,CHEMBL5777979
VJIXVSWXFJDMJM,2,STR-624DE6171936672A9284,VJIXVSWXFJDMJM-RWSKJCERSA-N,CC(=O)O[C@H]1CCC[C@@H]1[C@](C#N)(c1ccccc1)C1CCN(CC2CN(c3ccc(C#N)cc3)C2)CC1,7.397940008672037,SER-FBD8412D03D2F209,ChEMBL,CHEMBL4453006
VJIXVSWXFJDMJM,2,STR-93B1E6E77462AC33263F,VJIXVSWXFJDMJM-JFHPUIQFSA-N,CC(=O)O[C@@H]1CCC[C@H]1[C@](C#N)(c1ccccc1)C1CCN(CC2CN(c3ccc(C#N)cc3)C2)CC1,5.455931955649724,SER-FBD8412D03D2F209,ChEMBL,CHEMBL4462347
VYTCGCANNASGQW,2,STR-C9E0EFAEE2C6ACA45C7C,VYTCGCANNASGQW-QKZQDKRESA-N,CNC(=O)O[C@H]1CCC[C@@H]1C(Cn1ccnc1C)(c1cccc(F)c1)C1CCN(CC2CN(c3ccc(Cl)cc3)C2)CC1,8.221848749616356,SER-647213101879D186,ChEMBL;PubChem,CHEMBL5893927
VYTCGCANNASGQW,2,STR-978644C1BF9EC9F346BF,VYTCGCANNASGQW-OLPGJYTKSA-N,CNC(=O)O[C@@H]1CCC[C@H]1C(Cn1ccnc1C)(c1cccc(F)c1)C1CCN(CC2CN(c3ccc(Cl)cc3)C2)CC1,6.268411234813261,SER-647213101879D186,ChEMBL;PubChem,CHEMBL5979798
WBULQNFTJPOIQV,2,STR-435B0469D981B3FB0F4C,WBULQNFTJPOIQV-DEOSSOPVSA-N,CNC(=O)CC[C@@H](C(C)C)N1CC2(CCN(c3ncnnc3Oc3ccc(F)cc3-c3cncnc3C3CC3)C2)C1,6.431798275933005,SER-7A71BD39A789D797,PubChem,156531791
WBULQNFTJPOIQV,2,STR-077D7D9C480B1958E4A3,WBULQNFTJPOIQV-XMMPIXPASA-N,CNC(=O)CC[C@H](C(C)C)N1CC2(CCN(c3ncnnc3Oc3ccc(F)cc3-c3cncnc3C3CC3)C2)C1,4.224025668870631,SER-7A71BD39A789D797,PubChem,156531793
WBWKKVOKDMNJBT,2,STR-0C77A21AB4DE90C1EA09,WBWKKVOKDMNJBT-KSSJMHQNSA-N,CS(=O)(=O)c1ccc(N2CC(CN3CCC(C(C#N)(c4ccccc4)[C@@H]4CCC[C@H]4O)CC3)C2)cc1,5.42021640338319,SER-FBD8412D03D2F209,ChEMBL;PubChem,CHEMBL5782644
WBWKKVOKDMNJBT,2,STR-338D75E25E61086DDEB0,WBWKKVOKDMNJBT-ASYYUYISSA-N,CS(=O)(=O)c1ccc(N2CC(CN3CCC(C(C#N)(c4ccccc4)[C@H]4CCC[C@@H]4O)CC3)C2)cc1,5.187086643357144,SER-FBD8412D03D2F209,ChEMBL;PubChem,CHEMBL5817490
WJJHIHFEUAWTMY,2,STR-FBAAC5A0D7488D667D40,WJJHIHFEUAWTMY-MROBMTMESA-N,CNC(=O)O[C@H]1CCC[C@@H]1C(Cn1ccnc1C)(c1cccc(F)c1)C1CCN(CC2CN(c3ccc(S(=O)(=O)c4cnn(C)c4)cc3)C2)CC1,8.522878745280337,SER-D71646C8B89AF1C0,ChEMBL;PubChem,CHEMBL5964939
WJJHIHFEUAWTMY,2,STR-E79EEF3E7440D2C5F50E,WJJHIHFEUAWTMY-QAFYHTLISA-N,CNC(=O)O[C@@H]1CCC[C@H]1C(Cn1ccnc1C)(c1cccc(F)c1)C1CCN(CC2CN(c3ccc(S(=O)(=O)c4cnn(C)c4)cc3)C2)CC1,7.309803919971486,SER-D71646C8B89AF1C0,ChEMBL;PubChem,CHEMBL5883185
WKBFQDUNEQECJK,2,STR-6549D4F285AE9D37C874,WKBFQDUNEQECJK-LBNVMWSVSA-N,CCN(C(=O)c1cc(F)ccc1Oc1nncnc1N1CCC2(C1)CN([C@H](CCCN(C)C[C@H](C)C(=O)NC)C(C)C)C2)C(C)C,6.522878745280337,SER-F7B9115420359440,PubChem,156531577
WKBFQDUNEQECJK,2,STR-08F8459D1F8F16B6681D,WKBFQDUNEQECJK-LEAFIULHSA-N,CCN(C(=O)c1cc(F)ccc1Oc1nncnc1N1CCC2(C1)CN([C@H](CCCN(C)C[C@@H](C)C(=O)NC)C(C)C)C2)C(C)C,6.3979400086720375,SER-F7B9115420359440,PubChem,156498118
WYRSUBFHMKGIDZ,2,STR-E15050249B2D732BD2E2,WYRSUBFHMKGIDZ-MTUARQITSA-N,CSC[C@H]1CCC[C@@H]1C(C#N)(c1ccccc1)C1CCN(CC2CN(c3ccc(S(=O)(=O)c4ccncc4)cc3)C2)CC1,4.987162775294828,SER-B92687DE56E5CCCB,ChEMBL;PubChem,CHEMBL5932259
WYRSUBFHMKGIDZ,2,STR-A50D555FBD2E6BE12E86,WYRSUBFHMKGIDZ-MVBJGFHDSA-N,CSC[C@@H]1CCC[C@H]1C(C#N)(c1ccccc1)C1CCN(CC2CN(c3ccc(S(=O)(=O)c4ccncc4)cc3)C2)CC1,4.769551078621726,SER-B92687DE56E5CCCB,ChEMBL;PubChem,CHEMBL5742182
WYVZOEWNGVZXJJ,2,STR-C7777FCF0556D85B0DAB,WYVZOEWNGVZXJJ-AREMUKBSSA-N,CCN(C(=O)c1cc(F)ccc1Oc1nnccc1N1CCC2(C1)CN([C@H](CCCN(C)C)C(C)C)C2)C(C)C,6.292429823902063,SER-725533906D2EDF46,PubChem,156531909
WYVZOEWNGVZXJJ,2,STR-0B3A10F091CFA83F82BC,WYVZOEWNGVZXJJ-SANMLTNESA-N,CCN(C(=O)c1cc(F)ccc1Oc1nnccc1N1CCC2(C1)CN([C@@H](CCCN(C)C)C(C)C)C2)C(C)C,5.432973633840939,SER-725533906D2EDF46,PubChem,156531911
XGDPJMZKJSYGJF,2,STR-1764644935E711FBFE13,XGDPJMZKJSYGJF-FVVNGJPMSA-N,CNC(=O)O[C@H]1CCC[C@@H]1C(C#N)(c1ccccc1)C1CCN(CC2CN(c3ccc(S(=O)(=O)c4ccn(C)n4)cc3)C2)CC1,8.154901959985743,SER-8207B72B2003740B,ChEMBL;PubChem,CHEMBL5777937
XGDPJMZKJSYGJF,2,STR-AD791DBCBA03342A8D18,XGDPJMZKJSYGJF-INJIGVFBSA-N,CNC(=O)O[C@@H]1CCC[C@H]1C(C#N)(c1ccccc1)C1CCN(CC2CN(c3ccc(S(=O)(=O)c4ccn(C)n4)cc3)C2)CC1,7.167491087293763,SER-8207B72B2003740B,ChEMBL;PubChem,CHEMBL5844945
XGFRLKILDHBJKF,2,STR-9C7406FBB59A2F2C8D9C,XGFRLKILDHBJKF-CVSIUOJSSA-N,CNC(=O)O[C@H]1CCC[C@@H]1C(CN1CCCC1)(c1ccccc1)C1CCN(CC2CN(c3ccc(S(=O)(=O)c4ccccc4)cc3)C2)CC1,7.200659450546418,SER-A1DEE028F1D5BB4A,ChEMBL;PubChem,CHEMBL5889988
XGFRLKILDHBJKF,2,STR-288DA5D629242E618088,XGFRLKILDHBJKF-XTPKGQMJSA-N,CNC(=O)O[C@@H]1CCC[C@H]1C(CN1CCCC1)(c1ccccc1)C1CCN(CC2CN(c3ccc(S(=O)(=O)c4ccccc4)cc3)C2)CC1,5.853871964321762,SER-A1DEE028F1D5BB4A,ChEMBL;PubChem,CHEMBL5841585
XOGANROEWWVGCF,2,STR-1626E26FA9CDEFB597A0,XOGANROEWWVGCF-VEZYWKGHSA-N,C=CC(=O)N1CCC[C@H](S(=O)(=O)c2ccc(N3CC(CN4CCC([C@@](CN5CCC5)(c5cccc(F)c5)[C@H]5CCC[C@@H]5NC(=O)OC)CC4)(OC)C3)cc2)C1,8.522878745280337,SER-583E6F43269B3DBD,ChEMBL,CHEMBL5079839
XOGANROEWWVGCF,2,STR-D294CA925BADF351BAE7,XOGANROEWWVGCF-DODHXRRRSA-N,C=CC(=O)N1CCC[C@@H](S(=O)(=O)c2ccc(N3CC(CN4CCC([C@@](CN5CCC5)(c5cccc(F)c5)[C@H]5CCC[C@@H]5NC(=O)OC)CC4)(OC)C3)cc2)C1,8.431798275933005,SER-583E6F43269B3DBD,ChEMBL,CHEMBL5083305
XOTPULAWZVCKSJ,2,STR-09808CFD40E7489BA72B,XOTPULAWZVCKSJ-HEVKVOQNSA-N,N#CC(c1ccccc1)(C1CCN(CC2CN(c3ccc(S(=O)(=O)c4ccccc4)cc3)C2)CC1)[C@H]1CCC[C@@H]1OC(N)=O,7.853871964321762,SER-D0CCC78DDD1F06F9,ChEMBL;PubChem,CHEMBL5948781
XOTPULAWZVCKSJ,2,STR-5757A82E1BB3E6BCC920,XOTPULAWZVCKSJ-ZJACYBTKSA-N,N#CC(c1ccccc1)(C1CCN(CC2CN(c3ccc(S(=O)(=O)c4ccccc4)cc3)C2)CC1)[C@@H]1CCC[C@H]1OC(N)=O,6.480172006224281,SER-D0CCC78DDD1F06F9,ChEMBL;PubChem,CHEMBL5871583
XVLUCSMHEWTUJD,2,STR-7C604423619052A15AC8,XVLUCSMHEWTUJD-IEKJTBOOSA-N,CC(=O)O[C@H]1CCC[C@@H]1C(C#N)(c1ccccc1)C1CCN(CC2CN(c3ccc(S(=O)(=O)c4ccncc4)cc3)C2)CC1,8.154901959985743,SER-B92687DE56E5CCCB,ChEMBL;PubChem,CHEMBL5769793
XVLUCSMHEWTUJD,2,STR-F56D36E1BD6B0DD11077,XVLUCSMHEWTUJD-ORITWGEGSA-N,CC(=O)O[C@@H]1CCC[C@H]1C(C#N)(c1ccccc1)C1CCN(CC2CN(c3ccc(S(=O)(=O)c4ccncc4)cc3)C2)CC1,5.77642098432889,SER-B92687DE56E5CCCB,ChEMBL;PubChem,CHEMBL5763872
XWVPFMAEIFLCFQ,2,STR-6F1C926A5BCCC888A7D5,XWVPFMAEIFLCFQ-OIFRRMEBSA-N,CO[C@H]1CCC[C@@H]1[C@](C#N)(c1ccccc1)C1CCN(CC2CN(c3ccc(C#N)cc3)C2)CC1,4.815308569182402,SER-FBD8412D03D2F209,ChEMBL,CHEMBL4515980
XWVPFMAEIFLCFQ,2,STR-74AB0C5D40C92C89D385,XWVPFMAEIFLCFQ-IDZRBWSNSA-N,CO[C@@H]1CCC[C@H]1[C@](C#N)(c1ccccc1)C1CCN(CC2CN(c3ccc(C#N)cc3)C2)CC1,4.718966632752273,SER-FBD8412D03D2F209,ChEMBL,CHEMBL4474336
YBJXBORFFTXBGD,2,STR-0298F7259BA97653A4EC,YBJXBORFFTXBGD-SRBHEWTHSA-N,CO[C@H]1CCC[C@@H]1C1(C2CCN(CCCOc3ccc(C(=O)O)cc3)CC2)CNCc2ccccc21,3.9229956732066498,SER-789386810AA6A1B8,PubChem,132104438
YBJXBORFFTXBGD,2,STR-D41A5C57D5FA03036814,YBJXBORFFTXBGD-QWKOWPTQSA-N,CO[C@@H]1CCC[C@H]1C1(C2CCN(CCCOc3ccc(C(=O)O)cc3)CC2)CNCc2ccccc21,3.314079207805465,SER-789386810AA6A1B8,PubChem,132104440
YCHRNEMAHYDBHW,2,STR-8A794CDE3E0D8F1C731C,YCHRNEMAHYDBHW-UEMWQVMZSA-N,C=CC(=O)N1CC(S(=O)(=O)c2ccc(N3CC(CN4CCC([C@@](C#N)(c5cccc(F)c5)[C@H]5CCC[C@@H]5OC(=O)NC)CC4)C3)cc2)C1,8.301029995663981,SER-0A8207C373DE3400,ChEMBL;PubChem,CHEMBL5933901
YCHRNEMAHYDBHW,2,STR-9D9B1AE963E341CF559B,YCHRNEMAHYDBHW-VLSLJKOQSA-N,C=CC(=O)N1CC(S(=O)(=O)c2ccc(N3CC(CN4CCC([C@](C#N)(c5cccc(F)c5)[C@H]5CCC[C@@H]5OC(=O)NC)CC4)C3)cc2)C1,6.427128397799519,SER-0A8207C373DE3400,ChEMBL;PubChem,CHEMBL5838994
YOQWWUCULBZDSG,2,STR-0C136D4784FF4E1D4A7F,YOQWWUCULBZDSG-IXCJQBJRSA-N,CCN(C(=O)c1cc(F)ccc1Oc1nncnc1N1CCC2(C1)CN([C@H](CCCN(C)[C@H](CO)COC)C(C)C)C2)C(C)C,7.221848749616356,SER-F7B9115420359440,PubChem,156497996
YOQWWUCULBZDSG,2,STR-89EE640F6F04A852B27F,YOQWWUCULBZDSG-XTEPFMGCSA-N,CCN(C(=O)c1cc(F)ccc1Oc1nncnc1N1CCC2(C1)CN([C@H](CCCN(C)[C@@H](CO)COC)C(C)C)C2)C(C)C,6.795880017344075,SER-F7B9115420359440,PubChem,156498035
YYRTZOYRPFJVQM,2,STR-FF3501C24AF8F8557BD2,YYRTZOYRPFJVQM-JWTXWEFBSA-N,COC(=O)N[C@H]1CCC[C@@H]1C(C#N)(c1ccccc1)C1CCN(CC2CN(c3ccc(S(=O)(=O)c4ccc(C(=O)O)cc4)cc3)C2)CC1,7.823908740944319,SER-D0CCC78DDD1F06F9,ChEMBL;PubChem,CHEMBL5913912
YYRTZOYRPFJVQM,2,STR-BF401908AD838E3D878A,YYRTZOYRPFJVQM-CKTNNRQRSA-N,COC(=O)N[C@@H]1CCC[C@H]1C(C#N)(c1ccccc1)C1CCN(CC2CN(c3ccc(S(=O)(=O)c4ccc(C(=O)O)cc4)cc3)C2)CC1,5.568636235841012,SER-D0CCC78DDD1F06F9,ChEMBL;PubChem,CHEMBL5779827
ZDFHPRMYCCSWNO,2,STR-A1381CEB41898F753D78,ZDFHPRMYCCSWNO-KZNDPDLVSA-N,COC(=O)N[C@H]1CCC[C@@H]1C(C#N)(c1ccccc1)C1CCN(CC2CN(c3ccc(S(=O)(=O)C4CC4)cc3)C2)CC1,7.508638306165727,SER-6F3389DAFB00746E,ChEMBL;PubChem,CHEMBL6050552
ZDFHPRMYCCSWNO,2,STR-6F61DD7B53632CC333BC,ZDFHPRMYCCSWNO-NNTSECMXSA-N,COC(=O)N[C@@H]1CCC[C@H]1C(C#N)(c1ccccc1)C1CCN(CC2CN(c3ccc(S(=O)(=O)C4CC4)cc3)C2)CC1,5.292429823902063,SER-6F3389DAFB00746E,ChEMBL;PubChem,CHEMBL6034858
ZIZYVXSVTLULAA,2,STR-4D89EA9F20765D09F97C,ZIZYVXSVTLULAA-XMMPIXPASA-N,CCN(C(=O)c1cc(F)ccc1Oc1nncnc1N1CCC2(C1)CN([C@H](CCN(C)C)C(C)C)C2)C(C)C,6.3979400086720375,SER-F7B9115420359440,PubChem,156531454
ZIZYVXSVTLULAA,2,STR-E963AE7E2CFE53ED5D83,ZIZYVXSVTLULAA-DEOSSOPVSA-N,CCN(C(=O)c1cc(F)ccc1Oc1nncnc1N1CCC2(C1)CN([C@@H](CCN(C)C)C(C)C)C2)C(C)C,5.080398976215889,SER-F7B9115420359440,PubChem,156531460
ZJNVALXKIUZRSB,2,STR-90DF1DEF11EC083FD360,ZJNVALXKIUZRSB-LAFOQLOWSA-N,CNC(=O)N[C@H]1CCC[C@@H]1C(CNC(=O)c1cocn1)(c1ccccc1)C1CCN(CC2CN(c3ccc(C#N)cc3)C2)CC1,7.494850021680094,SER-71F2CDD537A67AE5,ChEMBL;PubChem,CHEMBL5757381
ZJNVALXKIUZRSB,2,STR-86DE9B893F458A7FEC98,ZJNVALXKIUZRSB-UFKOFYMYSA-N,CNC(=O)N[C@@H]1CCC[C@H]1C(CNC(=O)c1cocn1)(c1ccccc1)C1CCN(CC2CN(c3ccc(C#N)cc3)C2)CC1,5.42021640338319,SER-71F2CDD537A67AE5,ChEMBL;PubChem,CHEMBL5896173
ZPCGSMFETVJELP,2,STR-AB1714536DDACDAFACEC,ZPCGSMFETVJELP-KOPQTXDBSA-N,CC(=O)N[C@H]1CCC[C@@H]1C(C#N)(c1ccccc1)C1CCN(CC2CN(c3ccc(S(=O)(=O)C4CC4)cc3)C2)CC1,7.537602002101044,SER-6F3389DAFB00746E,ChEMBL;PubChem,CHEMBL5835118
ZPCGSMFETVJELP,2,STR-E5059C295BEFCBEAC7A4,ZPCGSMFETVJELP-NWBPNMJXSA-N,CC(=O)N[C@@H]1CCC[C@H]1C(C#N)(c1ccccc1)C1CCN(CC2CN(c3ccc(S(=O)(=O)C4CC4)cc3)C2)CC1,5.481486060122112,SER-6F3389DAFB00746E,ChEMBL;PubChem,CHEMBL5901057
ZSXCXYOKSWOXBU,2,STR-85CC09FA46180DEFBF79,ZSXCXYOKSWOXBU-VNIGXCIGSA-N,CC(=O)O[C@H]1CCC[C@@H]1C(C#N)(c1cccc(F)c1)C1CCN(CC2CN(c3ccc(S(=O)(=O)c4ccccc4)cc3)C2)CC1,7.886056647693163,SER-D0CCC78DDD1F06F9,ChEMBL;PubChem,CHEMBL5993949
ZSXCXYOKSWOXBU,2,STR-F3E4FB7B2DAC6DD0B0EA,ZSXCXYOKSWOXBU-CLDIWPSMSA-N,CC(=O)O[C@@H]1CCC[C@H]1C(C#N)(c1cccc(F)c1)C1CCN(CC2CN(c3ccc(S(=O)(=O)c4ccccc4)cc3)C2)CC1,4.860120913598763,SER-D0CCC78DDD1F06F9,ChEMBL;PubChem,CHEMBL5914883
ZXNPZTCLXAMYFY,2,STR-C5BD1A6A0620B892A540,ZXNPZTCLXAMYFY-XMMPIXPASA-N,CCN(C(=O)c1cc(F)ccc1Oc1nncnc1N1CCC2(C1)CN([C@H](CCCCN)C(C)C)C2)C(C)C,6.568636235841012,SER-F7B9115420359440,PubChem,156531907
ZXNPZTCLXAMYFY,2,STR-86534CE59FD1A258EC1F,ZXNPZTCLXAMYFY-DEOSSOPVSA-N,CCN(C(=O)c1cc(F)ccc1Oc1nncnc1N1CCC2(C1)CN([C@@H](CCCCN)C(C)C)C2)C(C)C,5.254144804826272,SER-F7B9115420359440,PubChem,156531409
