connectivity_key,structures,maximum_p_activity,minimum_p_activity,structure_ids,activity_span_log10
BAJNALQCHSQUMV,4,6.795880017344075,4.732593581247096,STR-4F507812C726BEF9FE1F;STR-97B7AB1532A54CF194EB;STR-BB65ACE90322DCB1AF4C;STR-BDF33E354DAE4939F700,2.0632864360969787
GGIYEWDSYGQHQG,4,7.102372908709558,5.260427655549908,STR-25FD7B5E9510CCADC7E9;STR-4FD9E5C0590E883535A1;STR-918CDACAD6A3ADC5DD7E;STR-B00EBDE672D151BF05E0,1.8419452531596505
GORAKAHLMGAALX,4,6.585026652029182,4.909741947068683,STR-25ACFB2C189546A8CDF4;STR-8E158147825BE52377FD;STR-A81FD784C5400DE7DDA0;STR-DADA1B47F9BA05C17134,1.6752847049604984
GTILRIPAVDNTIG,4,5.443697499232712,3.8535618647142256,STR-40E0E7043CC563C31D2B;STR-4C43BCDB33EE423B9ECC;STR-8131638FF64AE92C8993;STR-DE57A0D88EA762894E60,1.5901356345184867
GWDOGFQBFWTQSO,4,8.221848749616356,6.402304814074488,STR-09E54D8A9B952AC86D2A;STR-377B42435916FCE77AA8;STR-4342C90FE7E456F909D0;STR-913F46730FAF3C502A72,1.8195439355418683
HGNXEODCTLZEEQ,4,7.055517327849831,5.266000713461613,STR-00EAB22F635715DE8799;STR-19696E299ED51B516AAC;STR-34A22E8D07A7D066A07D;STR-7B1655073C306BE222B5,1.7895166143882175
LBZIHFPAAWTXAW,4,7.236572006437063,4.92009553233328,STR-B3713976D3715B01F866;STR-CD94BD50EF1121AE4E8B;STR-D1C0AC976A090EAA245E;STR-F2780D30E185047C1A28,2.3164764741037835
LPQSXRARPNKWLW,4,6.292429823902063,4.564155634015559,STR-0C1D3CBEB06D4D0E10FA;STR-28D764E3D7E6595F8FAA;STR-5C1522C845914F088582;STR-B53DCF54F31F57F891A0,1.7282741898865046
WZDYSMKHVNWSMO,4,5.995678626217357,4.392009141452825,STR-104DDD12D2A71EF11558;STR-13DD6488A0AF0E3C9021;STR-CB25E0AA22D6E282838A;STR-D863AF536402BD1BA1AF,1.6036694847645316
XOMQNBYRAKVRPP,4,7.275724130399211,5.1095789811990855,STR-148B8C4077863A1C12AD;STR-1E3B65B659C49B92801F;STR-D2049436E0A3A1A3ABCB;STR-F935C48B5CC4A6286518,2.1661451492001254
AUWUGRCKTQSGJY,3,7.251811972993799,6.95337673444808,STR-2427F8EACDBEB2183A48;STR-7F50B57FFABE6350EAF5;STR-C21882423633547B198F,0.2984352385457196
FFGIAMNWBZNVQQ,3,6.991399828238082,5.6020599913279625,STR-607EE12240E722EC08AE;STR-6CA56A9373037E1AABA1;STR-852CFBD6CFCE9E722768,1.3893398369101195
IFIHGWNVFQFWAX,3,7.102372908709558,6.366531544420413,STR-079F3F9421D0EFF32E86;STR-5151BA76FE38FE2C9C70;STR-96042A1C627CE2CBBC1F,0.7358413642891453
JTUOGOXWKQAKOR,3,8.443697499232712,6.910094888560602,STR-BAFF2FF7D3D8F1D2F783;STR-E7EA8D7931BFDDAB9B7B;STR-FB32B5E0FE59CE4699E6,1.5336026106721103
MMASTHCMDVBHKI,3,6.6777807052660805,5.59176003468815,STR-93357EA1BA889F037426;STR-C07EE6A6B313BC7131B8;STR-F91EC5999F2BF329A3B8,1.0860206705779305
PDUGAXSIWNMIBQ,3,7.236572006437063,5.560667306169737,STR-648FC2156F27220D48EE;STR-876F949BC6A8C1B80B12;STR-CAD50D46562C0D29D331,1.675904700267326
QBITUTDDFZQXDO,3,6.568636235841012,6.276544327964814,STR-07CEA1A415CFED11C760;STR-5292CC2045CB1C1E8EBD;STR-FE3645A659C52B524F3A,0.2920919078761983
SGLVKVDOHBWLEU,3,6.7447274948966935,6.2839966563652006,STR-094F554E2B0D3487D695;STR-28EBAE9BC55156C6772E;STR-ACDFA018CA06C93D8221,0.460730838531493
UDIGWQWOIBIODT,3,7.0,5.480172006224281,STR-6BB8114D41C4FAE5B067;STR-8F7CBFDB7C53A966A008;STR-9DDC4364CC264A5D1AE9,1.5198279937757189
YLADDJNCJBCBJE,3,7.045757490560675,5.853871964321762,STR-14DBFF17DA73564FE5B6;STR-458F60594CF32D1C3B3A;STR-97EC0B8AC90C0B7FCB6A,1.191885526238913
YTBQSXQHHWVUTN,3,6.886056647693163,6.443697499232712,STR-0E18A32C09E2471DF027;STR-1D90C1470EBB9030FBBA;STR-DA810ABA63D56EF0FE8C,0.44235914846045077
AKEJRDWFJSZNFQ,2,7.050609993355087,5.785156151952302,STR-B437BC949901A5D8DC9A;STR-F316B31F563C35F0560E,1.2654538414027847
ATMCISWSCCZRKA,2,6.625251653989896,3.783570169123749,STR-88BBF77299762B038C6D;STR-A723964BC2F481BF1509,2.8416814848661467
BEJJQUKWUUMXNO,2,6.698970004336019,5.688246138944246,STR-6E87454FEE741EE39D57;STR-F60A396C51FDEB446C33,1.010723865391773
BGKLHJYVRIJUSH,2,7.2441251443275085,7.00436480540245,STR-8327CD7E287E5727BD93;STR-CEC3B82DF09531954FAB,0.23976033892505821
BIOXWGVAXOLAGN,2,6.249491605148654,5.337242168318426,STR-F4223A1339E66808912C;STR-FA1FDFBE4B94F7A252F5,0.9122494368302281
BKJAOQMLDWABBS,2,7.0,5.546681659952963,STR-38B1872E6995BD9A227F;STR-6CAE53F54456642C32C0,1.453318340047037
BWVRLXPZVNPZJD,2,4.935542010773082,4.935542010773082,STR-8162199E4581352B8C4E;STR-E1A559FB704F9D78FD76,0.0
CCNWGENWCZNTMO,2,7.481486060122112,7.0655015487564325,STR-3ACD95779D752A7D6CB7;STR-75FB4472D88CB6D25B7C,0.4159845113656795
CJQQTVQISYHBBS,2,7.180456064458131,4.943095148663527,STR-40FF751350DD414E6552;STR-E082AD0DE1F3A12CC536,2.2373609157946035
CMKBAOQEJWGPEB,2,8.522878745280337,6.79317412396815,STR-32FEF1FCB73DC9ADA20D;STR-913D178EB83662F51B15,1.7297046213121874
CREKPRIJPIEMSU,2,7.853871964321762,6.302770657240282,STR-080A59F9B1BCF4DFA65B;STR-3941BFA7C86C7BEE8530,1.5511013070814794
CSKBZNRLMHBUOA,2,7.698970004336019,6.7495799976911055,STR-06E53FF33324D9B1A44A;STR-AEBCF9F47DC8FFE6B030,0.9493900066449132
CXFJNJZPBYIKCK,2,6.709965388637482,6.51999305704285,STR-ADD6623F7AD60FDD956E;STR-C6579F1285FA63B28E81,0.18997233159463178
DAIHYYRKXDJZEY,2,5.251258731316314,4.882728704344236,STR-562B91EA5B528B52D63B;STR-977651FE1C7684004EBE,0.3685300269720786
DBVLDGQLWGJCAW,2,4.716698771296451,4.424812155072339,STR-80B7C819E96F09B4FE2E;STR-8BAA965F9B38F093E239,0.2918866162241116
DCFDPTPAVDCHET,2,8.154901959985743,8.096910013008056,STR-40B1021373C595DF25D7;STR-AD35C124559ACD44BE3E,0.05799194697768684
DCWOLQRIQKZEQR,2,6.013228265733755,4.9779842601822795,STR-10AE5FE75F08293C000F;STR-FD2C6D69C0E7C03090A5,1.0352440055514753
DDHCZSCWWXSEAD,2,7.318758762624412,5.6777807052660805,STR-4719AA5EBF6B16DABB7E;STR-A8561A75D1EC79B3C31D,1.640978057358332
DEPPLXMJKNUFKQ,2,6.585026652029182,6.552841968657781,STR-9D9A08BEFE284CB422FE;STR-B546DF2C9D9B81A938ED,0.032184683371401235
DSOWOWNLUVRUIU,2,8.522878745280337,6.935542010773082,STR-39A915FABCDA41B4B311;STR-D517B4FC121862D9BE6F,1.5873367345072555
DUJVKXCQENCSHD,2,7.744727494896693,5.769551078621726,STR-1C195E0EFD40C42EDEE4;STR-E971954B90C3DF1122E8,1.9751764162749668
DUTWQEQSHXCWOC,2,8.045757490560675,6.055024091587953,STR-30D1E5B8E9867EA8DE8A;STR-5B65D30F2628A312D8CA,1.990733398972722
DWGJLXQABXXXMP,2,6.823908740944319,5.585026652029182,STR-5368CF10D83D68530041;STR-79F48E1A5DF36F1BBEBF,1.2388820889151368
FCWYUXWVVVDCKM,2,6.6777807052660805,6.522878745280337,STR-BDA869F5010D8C8F45A3;STR-DDBCB16E6E8600360172,0.15490195998574308
FKYDKSHIPWIYBA,2,6.508638306165727,4.152489034796752,STR-3BD3AAFB21D6F0AE245A;STR-B51853407B4A9AF321D2,2.3561492713689747
FNBOKVKCHUGFKA,2,6.789198036565084,5.377785977033705,STR-73C772FB7948E1F95E72;STR-82F62D7E24DAAC315910,1.4114120595313793
FNTDEOLCBADNAL,2,7.022276394711152,5.645891560852599,STR-38C10D94ABD1F231B9D1;STR-6C0290A40DE07CB70C53,1.3763848338585536
FQIXLSTYHBMVEG,2,8.045757490560675,6.913640169325252,STR-B714BC7381C3BA11A1BD;STR-F27337C7FFCA9EF1AAB4,1.1321173212354232
FTEVZAMYIRYPOL,2,8.045757490560675,6.071092309756047,STR-0F9EB3D0BA8F609CF473;STR-3DF232D656AC9EFDA4D4,1.974665180804628
GGRLJDZHMGTFIW,2,6.769551078621726,5.468521082957745,STR-5470E2C155BCDC752B33;STR-F6B3210B924167EFDCBB,1.3010299956639813
GKIFDNSCASLJLJ,2,7.346787486224656,5.2441251443275085,STR-0449028356C19D0EDA3B;STR-4942B912C9C5FBB61901,2.1026623418971475
GQLDAZNFIWROOP,2,8.301029995663981,6.7447274948966935,STR-2159345A857E58155448;STR-AF457B5C4AE166B10ED6,1.5563025007672877
HBSNMUDWKGGMQS,2,6.045757490560675,4.985479461242076,STR-4699291DA7C1B49340A3;STR-D5C69694B8C40CD738C2,1.0602780293185985
HFHVSSGMYSWPIR,2,8.568636235841012,8.337242168318426,STR-704625FB7455957A2AA3;STR-C16923E52D20199D1E6F,0.2313940675225865
HHCHMJCRVXIDBH,2,6.229147988357855,5.021363051615525,STR-D8D1585BDF74480ED2A1;STR-DB7599D364AC5B610473,1.2077849367423301
HTBPNCRHOIYFLK,2,8.096910013008056,7.337242168318426,STR-142DC3F04BDF2ABC0F0A;STR-ADF0DC68688651046789,0.7596678446896306
IECWYAQPPKAUSB,2,5.481486060122112,5.327902142064282,STR-00A1D39E2CC2B5C8F906;STR-4866DF3FD3D34FBFE093,0.15358391805783
IFDKQQVTCZCWIE,2,7.958607314841775,5.508638306165727,STR-B56EF6AC340F28C175E6;STR-E71EA49855240EBB6F7C,2.4499690086760477
ILUZWIYOFDJNNW,2,6.366531544420413,4.350081281264581,STR-03825B6A51D0B0744A5D;STR-241F2E6DC7BEF8AE2212,2.016450263155832
IMFGOOMHVAOEIE,2,7.508638306165727,6.882728704344236,STR-86D1B692A1E09C06CB18;STR-DB5B02FE39EDDB48AD19,0.6259096018214914
IQANJWWWYDKCSR,2,5.79317412396815,3.034737135044418,STR-38D78133670C2C6A5AEA;STR-A03DAF6611859C5C8983,2.758436988923732
JHZNQRHFDIODOT,2,6.958607314841775,5.671620396561263,STR-D7B6A133DED6C54A6E85;STR-F51B7D171A1ED736805D,1.2869869182805118
JMMWSUCDLGCMSN,2,6.583359492661719,5.292429823902063,STR-18A0CA3C76D3D31427DE;STR-4C0B23EB03D4979A79B0,1.2909296687596559
JMYCKYHWTOYVCO,2,7.096910013008056,5.614393726401688,STR-4EBA07B20CCDE9D2E322;STR-FBA598C340B2023BE63F,1.4825162866063684
JSUYFSVTAJSTRY,2,7.552841968657781,6.110138278741811,STR-025D3FCF7FCF0D4F8D78;STR-8DC5EC4D0143F4C7CD6A,1.4427036899159695
JTTZBVRZQHYQAJ,2,5.346787486224656,5.309803919971486,STR-1DF62CB592FCCE0FC1BB;STR-B9EA30DEB7647D41BA70,0.0369835662531699
JXQJLZYVDRMZDL,2,8.045757490560675,6.55129368009492,STR-3FB33B6320D7624C2E9C;STR-40A2759B420CC95C7ED1,1.4944638104657546
KBCHFACNIBEZDD,2,8.397940008672037,6.607303046740334,STR-9E4FCF8CA68285C7D759;STR-C3AB20114EC3D149B3FF,1.7906369619317033
KBTYQWIXHSZION,2,7.537602002101044,7.537602002101044,STR-21AE2CAF6E5125C8BCF4;STR-E6C9DB27889E0D91BF2B,0.0
KCKQSQHKDSVFJU,2,6.53313237964589,4.935542010773082,STR-09276AA2563E2F930001;STR-9CEE978B571562B060A4,1.5975903688728081
KXPSUXIZTPMMPF,2,7.795880017344075,5.484126156288321,STR-8A96AEE3549DB26F33DD;STR-A540B6064EC41BB600F8,2.311753861055754
LLWPWJSOOSUKCR,2,4.632644078973981,3.9531148091622903,STR-84B9176A329FC508D11B;STR-DFFE7919620276588DCE,0.6795292698116908
LOLWSLIKQBDZNW,2,7.187086643357144,5.400116927926312,STR-00A2ED8561E7DE80CF5F;STR-8535ECCB37B9DE83B0D3,1.786969715430832
LQTOWKWWEGWBLV,2,7.301029995663981,5.207608310501746,STR-24BA8A5718C0F3749245;STR-506A8FF202D4B27FF220,2.0934216851622356
MIUPMJHGNQWPQS,2,7.958607314841775,6.244887733604928,STR-A62EFE6B816DF994EE32;STR-AE07246DCCF5CCC9E046,1.7137195812368464
MJBBPCAFFYHQRO,2,8.522878745280337,6.522878745280337,STR-4ED5D5CE4BFD95B4D0C2;STR-5E430B1B17CD1D28B026,2.0
MJKJCKNSGHMGKB,2,6.214670164989233,4.064492734175287,STR-2CFC8301293C2B82E4A6;STR-D4CCFA73123FE6C43206,2.1501774308139456
MKUJDUKEABOIAI,2,5.6807553715226815,5.2839966563652006,STR-751E14E3FB418B1577CE;STR-BFADD52B1F3CC9E98A32,0.39675871515748096
MPKSENOWQPDREO,2,5.161150909262744,5.031517051446064,STR-08A590BAA6ADDB004EDA;STR-15A2DC000277D973D434,0.12963385781668002
MTNNOKFINBKFMT,2,6.920818753952375,5.302770657240282,STR-12F4BE5B3B9958528331;STR-8B2AB072C4548D2116F2,1.6180480967120925
MTSJANLOLAEYMN,2,7.207608310501746,6.886056647693163,STR-7490FDF2026E2906146B;STR-BB5DA7F787A2FB885A08,0.3215516628085826
MWEDWZMQICDMIU,2,5.7447274948966935,5.568636235841012,STR-9D5FA8EC64504ACC3524;STR-DB0E19CA615A608C5F2D,0.17609125905568135
MYVKCHDXVPKEKS,2,8.096910013008056,6.528708288941061,STR-CB65BC34DC11FA6EB615;STR-FB8F85C9A962EBF8FA78,1.568201724066995
NGZLPTJEQODDAQ,2,7.1249387366083,5.698970004336019,STR-6F0B243CDCAB8EEB6068;STR-FD744C47D05214C5E9EE,1.4259687322722812
NIKCFGNIXVGTAN,2,7.853871964321762,6.086716098239581,STR-0C1A3C79DDA24756CB7A;STR-BAB280176B241974F757,1.767155866082181
NIXPDHYMMWJNBK,2,4.58838029403677,4.531652669587842,STR-478CD9F8B251C1F54424;STR-79AE077C5280C92A481E,0.05672762444892765
NLOFCWGPKOGXNK,2,6.455931955649724,5.0245681914907365,STR-71C6205ED0F8C1804176;STR-CDBF5137E00EE2651EDD,1.4313637641589878
NVRCFDBJZOGQJV,2,8.0,6.0,STR-65405A355B35D329B436;STR-79D75B6A88F0457FA1C2,2.0
OMPMVDNVMBQWBE,2,6.886056647693163,6.886056647693163,STR-312EF6BDB711E79D339B;STR-96E35423F541E47EB48A,0.0
ONCIPTNPPSWVQS,2,6.259637310505756,4.3314277308154425,STR-8D22035F518E37FF47A2;STR-B362D479FEC6A2A08BC5,1.9282095796903134
OTOKSKUUDODMQT,2,7.080921907623926,5.421360790031928,STR-640F627423409BE4C4E0;STR-FB98DD14CDC38EDCF612,1.6595611175919984
OYJIUPJJIAQOGS,2,5.013228265733755,4.7423214251308154,STR-6C4B7845EEA627B51A73;STR-FC134713F6D36D29BA09,0.27090684060293935
OZNSRDJOBNUWQA,2,7.823908740944319,5.920818753952375,STR-64726CEBE1C119AD1032;STR-D3545E8919D6A24E9EFC,1.9030899869919438
PRVONHNKNRFPNB,2,6.619788758288394,6.443697499232712,STR-175E6B8A02C7A1A8161C;STR-B2AFEC539C3D9634128E,0.17609125905568135
PUOUJWXILKKQSQ,2,7.292429823902063,6.920818753952375,STR-CE767B2CC0FDE9DEDE13;STR-EFBDC82F897837532FAC,0.3716110699496884
PUYITSCFEXVUDJ,2,8.221848749616356,5.947306058075032,STR-39162221D259757C11ED;STR-B9B055BBCE39C09309A4,2.274542691541324
PVOOIBFXNSELJT,2,5.721246399047171,5.721246399047171,STR-3C59D20673A9FF87E080;STR-9115E8E5409E0FED2178,0.0
QBAAZHFEOGJQPO,2,7.154901959985743,7.0915149811213505,STR-0385B7365D2BE1443660;STR-E3B8278C7728D509C360,0.0633869788643926
QEEXMEYJDQDSAZ,2,6.853871964321762,5.229147988357855,STR-0C41A5E0103FBE24922F;STR-1E3BF4938C186E9DEDED,1.6247239759639065
QKIUANDYULVCFE,2,6.920818753952375,5.935542010773082,STR-6C98F61E1E52A5856618;STR-A801C2BEEB406E6E0F33,0.985276743179293
QKNJSAPOLRJCFI,2,5.187086643357144,4.82102305270683,STR-64416BC7F3D621D83B3A;STR-EABF9B602E7C57DDC695,0.366063590650314
QLAKMMMMNNGFLX,2,8.0,6.255707016877324,STR-2BD8E1D3643B1EDA4E91;STR-C24E330B171F75FD816E,1.7442929831226763
QSXVPAMGQSDCKK,2,7.744727494896693,6.069050968832477,STR-94C191645BE5B0A1978A;STR-F1E7C121ED0AA1CBD4E4,1.6756765260642155
QUXGGZVJCJQVBS,2,7.886056647693163,5.337242168318426,STR-229990C98B9D4B27D490;STR-35F6D1EC02194FC314E7,2.5488144793747374
QWSJUONIFZYYTB,2,7.522878745280337,6.2958494831602,STR-7A2E8FB7325B12C5539B;STR-85AF727985BBEB438A71,1.227029262120137
RCDWXAWZKNCQGU,2,4.841637507904751,4.634512015109101,STR-54ED728D29C775C2EEED;STR-8271C886AE561654AC45,0.20712549279565007
RDMGTXHHFUCBPL,2,8.397940008672037,6.795880017344075,STR-1E9D02C95D733A0CE623;STR-469219CCEE1D20BDAA81,1.6020599913279625
RGGXIRGKGSGLAE,2,7.920818753952375,6.655607726314889,STR-55608317294F39D42FCE;STR-94607F80C78D17F7F58B,1.265211027637486
RQKGACYLPBOFDP,2,6.568636235841012,6.552841968657781,STR-9EEB3BED6CC8A84F57AD;STR-F80C61F109C8A7A8A056,0.015794267183231625
RQQWEQZHCLJHSS,2,8.397940008672037,8.301029995663981,STR-74748864A5B42BEF5513;STR-CAC36670E13A5F8A68CE,0.09691001300805624
RXDYQQDYECDPEA,2,7.267606240177031,5.991399828238082,STR-19CC959BDEEEA861FDD9;STR-62EAA7BC9A8608AAD9F0,1.276206411938949
RXRPLAZNSINGDU,2,8.397940008672037,6.96657624451305,STR-21023797F115C4D325D4;STR-971CC9D9CF453AE51D7B,1.4313637641589878
RZWRMCFYZPLCHI,2,7.167491087293763,5.443697499232712,STR-1380FDB405A07D2654DB;STR-CF723552A81BEA7EC32F,1.723793588061051
RZZLNBBDQPQGHP,2,5.017728766960431,4.982966660701219,STR-119E78597F506F0B6C75;STR-9E30945B1B85AD5CB97B,0.034762106259211834
SDGOMCIESMUDGQ,2,8.045757490560675,6.342944147142896,STR-4E0D965820718397652B;STR-990708AC2AD0842F3BCB,1.7028133434177786
SDSJQZYQLKUFBE,2,7.136677139879544,5.585026652029182,STR-0EB8573BEAC1C0A492BB;STR-6B28BBE0B01A6E185ED9,1.5516504878503623
SKALBDQRURDSRO,2,8.275724130399212,8.148741651280925,STR-B5D946FAC7CA35C5B953;STR-CD3ABA81D633A3E66F13,0.1269824791182863
SYOJWXRBJAMSKA,2,7.173925197299173,5.642065152999546,STR-B42C6A96CD90C7D4D5BD;STR-E575F8E3658FABFC44D1,1.531860044299627
TWAYYWDSCYXSAC,2,6.20551195334083,4.552841968657781,STR-4F74C84E1F856F025432;STR-6B610F98DBC51ED4955E,1.6526699846830493
TXPRVPJXCPOZMK,2,7.050609993355087,7.017728766960431,STR-147345C311E96CDE5202;STR-3B3C5B252A05FD26B962,0.03288122639465563
TZVOKEYLSRSBPK,2,6.309803919971486,4.051391450123564,STR-6D83836432314425AF74;STR-72BF5FE38870FA3B6280,2.258412469847922
UDTODHMYBSKRKC,2,6.359518563029578,5.327902142064282,STR-1F9028E2DF2F03204766;STR-D31C7512712D5C2245CC,1.031616420965296
UGIVOZOCAQIGKH,2,7.920818753952375,5.920818753952375,STR-30E7F50211EE28460DBB;STR-FB20DDC3426AF551283B,2.0
UPXKEAPHHNBDHK,2,6.954677021213342,6.361510743045363,STR-5A59AFF93EE296D36BC6;STR-D2329F0EB178ECBDC6B6,0.5931662781679794
UREBWGOENTXZBD,2,7.187086643357144,5.853871964321762,STR-4963BC6466091AE476AA;STR-F7D3FB282E651DA95110,1.3332146790353825
VAURVTQYMPFKRB,2,7.920818753952375,7.376750709602099,STR-298210A977B1E814E254;STR-3601397C7850DBE7E578,0.5440680443502757
VDJTWLOLAUELBT,2,8.698970004336019,5.657577319177793,STR-33EC56FC5D9EE8140CC4;STR-50194E6CF0AF9E3900D0,3.0413926851582254
VIVQBGAVUNUMKT,2,6.950781977329818,5.327902142064282,STR-53AEACA9E792A76EA570;STR-FE6ABAC0F054BFEC1BAA,1.622879835265536
VJIXVSWXFJDMJM,2,7.397940008672037,5.455931955649724,STR-624DE6171936672A9284;STR-93B1E6E77462AC33263F,1.9420080530223123
VYTCGCANNASGQW,2,8.221848749616356,6.268411234813261,STR-978644C1BF9EC9F346BF;STR-C9E0EFAEE2C6ACA45C7C,1.9534375148030954
WBULQNFTJPOIQV,2,6.431798275933005,4.224025668870631,STR-077D7D9C480B1958E4A3;STR-435B0469D981B3FB0F4C,2.207772607062374
WBWKKVOKDMNJBT,2,5.42021640338319,5.187086643357144,STR-0C77A21AB4DE90C1EA09;STR-338D75E25E61086DDEB0,0.23312976002604557
WJJHIHFEUAWTMY,2,8.522878745280337,7.309803919971486,STR-E79EEF3E7440D2C5F50E;STR-FBAAC5A0D7488D667D40,1.2130748253088512
WKBFQDUNEQECJK,2,6.522878745280337,6.3979400086720375,STR-08F8459D1F8F16B6681D;STR-6549D4F285AE9D37C874,0.1249387366082999
WYRSUBFHMKGIDZ,2,4.987162775294828,4.769551078621726,STR-A50D555FBD2E6BE12E86;STR-E15050249B2D732BD2E2,0.2176116966731021
WYVZOEWNGVZXJJ,2,6.292429823902063,5.432973633840939,STR-0B3A10F091CFA83F82BC;STR-C7777FCF0556D85B0DAB,0.859456190061124
XGDPJMZKJSYGJF,2,8.154901959985743,7.167491087293763,STR-1764644935E711FBFE13;STR-AD791DBCBA03342A8D18,0.9874108726919797
XGFRLKILDHBJKF,2,7.200659450546418,5.853871964321762,STR-288DA5D629242E618088;STR-9C7406FBB59A2F2C8D9C,1.346787486224656
XOGANROEWWVGCF,2,8.522878745280337,8.431798275933005,STR-1626E26FA9CDEFB597A0;STR-D294CA925BADF351BAE7,0.09108046934733238
XOTPULAWZVCKSJ,2,7.853871964321762,6.480172006224281,STR-09808CFD40E7489BA72B;STR-5757A82E1BB3E6BCC920,1.3736999580974807
XVLUCSMHEWTUJD,2,8.154901959985743,5.77642098432889,STR-7C604423619052A15AC8;STR-F56D36E1BD6B0DD11077,2.378480975656853
XWVPFMAEIFLCFQ,2,4.815308569182402,4.718966632752273,STR-6F1C926A5BCCC888A7D5;STR-74AB0C5D40C92C89D385,0.09634193643012878
YBJXBORFFTXBGD,2,3.9229956732066498,3.314079207805465,STR-0298F7259BA97653A4EC;STR-D41A5C57D5FA03036814,0.6089164654011849
YCHRNEMAHYDBHW,2,8.301029995663981,6.427128397799519,STR-8A794CDE3E0D8F1C731C;STR-9D9B1AE963E341CF559B,1.873901597864462
YOQWWUCULBZDSG,2,7.221848749616356,6.795880017344075,STR-0C136D4784FF4E1D4A7F;STR-89EE640F6F04A852B27F,0.42596873227228116
YYRTZOYRPFJVQM,2,7.823908740944319,5.568636235841012,STR-BF401908AD838E3D878A;STR-FF3501C24AF8F8557BD2,2.2552725051033065
ZDFHPRMYCCSWNO,2,7.508638306165727,5.292429823902063,STR-6F61DD7B53632CC333BC;STR-A1381CEB41898F753D78,2.2162084822636636
ZIZYVXSVTLULAA,2,6.3979400086720375,5.080398976215889,STR-4D89EA9F20765D09F97C;STR-E963AE7E2CFE53ED5D83,1.3175410324561483
ZJNVALXKIUZRSB,2,7.494850021680094,5.42021640338319,STR-86DE9B893F458A7FEC98;STR-90DF1DEF11EC083FD360,2.074633618296904
ZPCGSMFETVJELP,2,7.537602002101044,5.481486060122112,STR-AB1714536DDACDAFACEC;STR-E5059C295BEFCBEAC7A4,2.0561159419789323
ZSXCXYOKSWOXBU,2,7.886056647693163,4.860120913598763,STR-85CC09FA46180DEFBF79;STR-F3E4FB7B2DAC6DD0B0EA,3.0259357340944
ZXNPZTCLXAMYFY,2,6.568636235841012,5.254144804826272,STR-86534CE59FD1A258EC1F;STR-C5BD1A6A0620B892A540,1.3144914310147398
