structure_id,scaffold_group_id,outer_fold,observed_pic50,pred__honest_stack,absolute_error,pred__v8,absolute_error_v8,v9_improvement_vs_v8,molecular_weight,mol_logp,tpsa,rotatable_bonds,maximum_train_tanimoto,interval90_half_width,extrapolation_or_abstention_flag,measurement_modality,source_family,training_mmp_cliff_member,mmp_analog_covered,observation_count,label_range,label_mad,protocol_completeness_mean,conflict_review,lineage_or_evaluation_caution,nearest_analog_ids,nearest_analog_similarities
HSTR-D2B96E16BB37C7EBD8F296D6,HSCF-FF9BF415876435BF3988DD75FCB551BFF9C78A01154D828AE3698AD09B520D37,3,12.0,5.37978664525721,6.62021335474279,5.4927978515625,6.5072021484375,-0.11301120630529038,278.399,3.2332,6.48,1.0,0.36585365853658536,0.9880827452834966,True,unresolved,quantitative_pic50_release,False,False,1,0.0,0.0,0.0,False,False,"[""HSTR-66BBCAA16FE4E2287C95469B"", ""HSTR-B83DD4A6AB42548C74605D22"", ""HSTR-944B9A45021367FB9761746A""]","[0.36585365853658536, 0.3269230769230769, 0.32558139534883723]"
HSTR-D2B0F01046BB4F30ADB8FB21,HSCF-3989BC9D6A1C5A367680C7531EF9456FDFA2B2FB9C8D9AE686D0DFBF539FF1A8,0,10.67778070526608,5.105356040865284,5.572424664400796,5.128866195678711,5.5489145095873695,-0.023510154813426887,485.584,3.2362,97.82,4.0,0.4948453608247423,0.960840556938126,True,patch_clamp_electrophysiology,chembl_herg_specialized_view,False,False,1,0.0,0.0,3.0,False,False,"[""HSTR-5F9F868E29E61D1F92F5D664"", ""HSTR-7DB78180B9BA7ACE8D8E2962"", ""HSTR-B68BD16767514639ABBBA4A7""]","[0.4948453608247423, 0.4090909090909091, 0.3917525773195876]"
HSTR-0AC3987242B0A74F0ADB5DC4,HSCF-5319CEE0BF1A7F48F04F1949B0FEE9DC20E79B10620B477F7167E06CE64C335B,3,0.02000000000032664,4.860675619205721,4.840675619205395,4.954831600189209,4.934831600188883,0.09415598098348799,583.512,7.0109,79.31,7.0,0.6615384615384615,0.9880827452834966,False,patch_clamp_electrophysiology,chembl_herg_specialized_view,True,True,2,6.532725749242019e-13,3.2663628746210094e-13,1.0,False,False,"[""HSTR-92917206776044CC8AC01E02"", ""HSTR-B6FA360C67C44140672DE6F9"", ""HSTR-ADE1654B4FA30EF6A142C155""]","[0.6615384615384615, 0.6307692307692307, 0.6212121212121212]"
HSTR-9FB06B881656F5B6E3AED874,HSCF-3989BC9D6A1C5A367680C7531EF9456FDFA2B2FB9C8D9AE686D0DFBF539FF1A8,0,9.853871964321762,5.202450549502338,4.651421414819424,5.23516845703125,4.618703507290512,-0.03271790752891235,499.611,3.54462,97.82,4.0,0.494949494949495,0.960840556938126,True,patch_clamp_electrophysiology,chembl_herg_specialized_view,False,False,1,0.0,0.0,3.0,False,False,"[""HSTR-5F9F868E29E61D1F92F5D664"", ""HSTR-7DB78180B9BA7ACE8D8E2962"", ""HSTR-B68BD16767514639ABBBA4A7""]","[0.494949494949495, 0.3956043956043956, 0.3939393939393939]"
HSTR-DF11107E3FB5556449C4FBEB,HSCF-B7528669E5D0F23ACDE08319814B3EC703833DD182EE8028B9628E008F5A44F3,3,0.8000000004946721,5.319294968934947,4.519294968440274,5.309703826904297,4.509703826409625,-0.009591142030648925,486.616,4.9831,80.92,6.0,0.671875,0.9880827452834966,False,patch_clamp_electrophysiology,chembl_herg_specialized_view,True,True,2,1.0106556702638159e-09,5.053278351319079e-10,1.0,False,False,"[""HSTR-B6FA360C67C44140672DE6F9"", ""HSTR-ADE1654B4FA30EF6A142C155"", ""HSTR-62B86EA65638C8790D5D5DD5""]","[0.671875, 0.6119402985074627, 0.6086956521739131]"
HSTR-AEF846B0299593FAB1FAADD8,HSCF-8240273136D970D89ED3EE5714700470A0053120857C5337622C339389B73B71,1,8.0,3.5671933994661984,4.432806600533802,3.9166195392608643,4.083380460739136,-0.34942613979466586,764.007,2.356,197.07,8.0,0.7789473684210526,0.969152967196047,False,binding_unspecified,chembl_herg_specialized_view,False,False,2,0.0,0.0,0.0,False,False,"[""HSTR-8047D683ACB90B9B92F13BAF"", ""HSTR-EAFD53412118BCBDFE86ED77"", ""HSTR-1DA753209BC8DF7B6D644D49""]","[0.7789473684210526, 0.7708333333333334, 0.7708333333333334]"
HSTR-3C92480773295719B4C579AF,HSCF-F56B5E85DE33FEF65DDD12B02321118200FED523663F5F9B69F42B9235AC4C53,4,0.2900000000005778,4.597425764370284,4.307425764369706,4.776159286499023,4.486159286498445,0.1787335221287396,538.652,5.186,96.47,7.0,0.676923076923077,0.9905061418310943,False,patch_clamp_electrophysiology,chembl_herg_specialized_view,True,True,2,1.1555756351810942e-12,5.777878175905471e-13,1.0,False,False,"[""HSTR-BED81B8D6C4A87C9106085F5"", ""HSTR-92917206776044CC8AC01E02"", ""HSTR-6DF6F4DF595BCF9AB8B21A77""]","[0.676923076923077, 0.6521739130434783, 0.6268656716417911]"
HSTR-3B041022FE2EF5F11816E862,HSCF-C35A2924CC3C30EEED07E705209376850A8491F09C10B98E4299E19F9E1BE8C5,4,9.2839966563652,5.058005153461358,4.225991502903843,5.046584129333496,4.2374125270317045,0.011421024127861834,340.721,2.3491,83.78,5.0,0.5806451612903226,0.9905061418310943,False,binding_unspecified,chembl_herg_specialized_view,True,False,3,3.652012026122975e-10,0.0,1.0,False,False,"[""HSTR-DD03CB6A3756AAD207E26C15"", ""HSTR-0C12DC89F54EA9286E51D3BB"", ""HSTR-1A101E5153ADB1D9A8C153E5""]","[0.5806451612903226, 0.3880597014925373, 0.38571428571428573]"
HSTR-8366AC3F23CEFF528AAF7DFB,HSCF-C35A2924CC3C30EEED07E705209376850A8491F09C10B98E4299E19F9E1BE8C5,4,9.292429823951032,5.19617111395388,4.096258709997152,5.060517311096191,4.231912512854841,0.13565380285768835,338.749,2.8594,74.55,4.0,0.4153846153846154,0.9905061418310943,True,binding_unspecified,chembl_herg_specialized_view,False,False,2,9.793588162665401e-11,4.8967940813327004e-11,0.0,False,False,"[""HSTR-0C12DC89F54EA9286E51D3BB"", ""HSTR-1A101E5153ADB1D9A8C153E5"", ""HSTR-1F3EE5FA8D0A6E181F59DBCC""]","[0.4153846153846154, 0.4117647058823529, 0.390625]"
HSTR-01C76A7BCD433A73786EE046,HSCF-C35A2924CC3C30EEED07E705209376850A8491F09C10B98E4299E19F9E1BE8C5,4,9.318758762624412,5.262095134995714,4.056663627628699,5.322203636169434,3.996555126454979,-0.06010850117371991,308.267,2.171,74.55,4.0,0.41935483870967744,0.9905061418310943,True,binding_unspecified,chembl_herg_specialized_view,True,False,3,3.7558756105227076e-10,0.0,1.0,False,False,"[""HSTR-0C12DC89F54EA9286E51D3BB"", ""HSTR-A768EC4E640EE195EAA9DC64"", ""HSTR-4238B138F13D192036FA1293""]","[0.41935483870967744, 0.4067796610169492, 0.3939393939393939]"
HSTR-C751C049CBE3F4C1E56FCDB9,HSCF-C35A2924CC3C30EEED07E705209376850A8491F09C10B98E4299E19F9E1BE8C5,4,9.187086643357144,5.16916905846456,4.017917584892584,5.126911163330078,4.060175480027066,0.042257895134482304,324.722,2.6853,74.55,4.0,0.40625,0.9905061418310943,True,binding_unspecified,chembl_herg_specialized_view,False,False,3,3.5714364798877796e-10,0.0,1.0,False,False,"[""HSTR-0C12DC89F54EA9286E51D3BB"", ""HSTR-1A101E5153ADB1D9A8C153E5"", ""HSTR-7F36E5D0D7D70555F0BF86BB""]","[0.40625, 0.40298507462686567, 0.4]"
HSTR-ADB6C4D2BE43CF4C288BC755,HSCF-76B09D2450D881FF9C41B15278A82A1A3F2D05711437CE2BD2AD66D25288BA31,3,8.657577319,4.69220553603931,3.9653717829606894,4.737746238708496,3.9198310802915035,-0.04554070266918586,286.239,2.2824,111.13,1.0,0.4,0.9880827452834966,True,unresolved,quantitative_pic50_release,False,False,1,0.0,0.0,0.0,False,False,"[""HSTR-A2047D344B1A6F0CA1BFB5F2"", ""HSTR-412764A513596AFB1580CD55"", ""HSTR-337242D675E4A49ABB918EB9""]","[0.4, 0.3958333333333333, 0.3673469387755102]"
HSTR-C924754EA53F68494E5CA369,HSCF-C35A2924CC3C30EEED07E705209376850A8491F09C10B98E4299E19F9E1BE8C5,4,9.292429823951032,5.350640050248332,3.9417897737027,5.268769264221191,4.023660559729841,0.0818707860271406,322.294,2.3451,74.55,4.0,0.421875,0.9905061418310943,True,radioligand_binding,chembl_herg_specialized_view,True,False,2,9.793588162665401e-11,4.8967940813327004e-11,1.5,False,False,"[""HSTR-0C12DC89F54EA9286E51D3BB"", ""HSTR-1A101E5153ADB1D9A8C153E5"", ""HSTR-D4A2C9CDA8CF45D9946FA14F""]","[0.421875, 0.39705882352941174, 0.38461538461538464]"
HSTR-78483DCEE9DB299418D3F36D,HSCF-8CA7CAED3B0BB953018FA3C2053549C544522941CBBE272B2DF4460B9BAEEE17,0,9.40893539298675,5.542158625521142,3.866776767465608,5.454761028289795,3.9541743646969554,0.08739759723134721,513.52,4.1787,98.26,6.0,0.5425531914893617,0.960840556938126,False,binding_unspecified,chembl_herg_specialized_view,True,False,2,2.6499691330172936e-11,1.3249845665086468e-11,0.0,False,False,"[""HSTR-046CE5B06A986A77352361E7"", ""HSTR-FF4A5184DEC262F87EFE153E"", ""HSTR-DC76CFB0D7B48B99C8BEFE7E""]","[0.5425531914893617, 0.53125, 0.5268817204301075]"
HSTR-FDA2BF262D9B8DFB2A323E23,HSCF-8CA7CAED3B0BB953018FA3C2053549C544522941CBBE272B2DF4460B9BAEEE17,0,8.671620396561263,4.80699923592555,3.8646211606357133,4.898533344268799,3.773087052292464,-0.09153410834324927,516.558,2.01098,151.51,7.0,0.6129032258064516,0.960840556938126,False,binding_unspecified,chembl_herg_specialized_view,False,False,3,0.08940041096323093,0.006160308438737161,0.0,True,True,"[""HSTR-8E1D50677BBE8361FEF1C325"", ""HSTR-10FF2EE4CF94DADCA40B07BD"", ""HSTR-BB16872B8BFE87D06CAA3215""]","[0.6129032258064516, 0.5714285714285714, 0.5656565656565656]"
HSTR-319078477193C6DE0A710A8F,HSCF-5F48F97A23B5E46A44EDFFE9780A984B69690441DE72BE6F4547B942EC3F2B10,0,1.619788758,5.484003478761968,3.864214720761968,5.5009236335754395,3.881134875575439,0.0169201548134712,422.544,3.9517,52.57,3.0,0.5573770491803278,0.960840556938126,False,unresolved,quantitative_pic50_release,False,False,1,0.0,0.0,0.0,False,False,"[""HSTR-8D7CC690B765CB5888129BCA"", ""HSTR-BD716AA9A086AE2E051A58FB"", ""HSTR-53A5D3DBF544205AD2E1D2FB""]","[0.5573770491803278, 0.46153846153846156, 0.45588235294117646]"
HSTR-9DB7146719CD63AEB53D8EC7,HSCF-79EA888083A71BAD398E22C52A29F4E6BA3652BF820D752CEF67F9A2D1D9A2B0,3,2.301029996,6.120849446938704,3.8198194509387036,5.888498306274414,3.587468310274414,-0.23235114066428952,458.433,5.5344,35.58,2.0,0.43478260869565216,0.9880827452834966,True,unresolved,quantitative_pic50_release,False,False,1,0.0,0.0,0.0,False,False,"[""HSTR-7D56140A2DE6ED919484C22C"", ""HSTR-8DCB6CAE62F2A711B5FDCF85"", ""HSTR-A3DF76341072F5996CABDCD7""]","[0.43478260869565216, 0.39436619718309857, 0.3835616438356164]"
HSTR-EF4949E38CDD8AFB40C24767,HSCF-8CA7CAED3B0BB953018FA3C2053549C544522941CBBE272B2DF4460B9BAEEE17,0,9.060480747190692,5.243017849972829,3.8174628972178626,5.241616725921631,3.8188640212690608,0.0014011240511981882,484.56,3.34,122.05,6.0,0.494949494949495,0.960840556938126,True,binding_unspecified,chembl_herg_specialized_view,False,False,2,3.813820370623944e-10,1.906910185311972e-10,0.0,False,False,"[""HSTR-046CE5B06A986A77352361E7"", ""HSTR-DC76CFB0D7B48B99C8BEFE7E"", ""HSTR-8353C3E54BD25DC250B65B30""]","[0.494949494949495, 0.4948453608247423, 0.49019607843137253]"
HSTR-8EFDE08CD001038DA7966201,HSCF-126329405E07C30CA64FF0D6190A98E6E75727B86F65BAE0A68CF9C2619E0C2C,0,9.454694646499998,5.642756903407894,3.8119377430921046,5.614989280700684,3.8397053657993148,0.027767622707210116,290.515,5.5369,3.88,12.0,0.5151515151515151,0.960840556938126,False,unresolved,quantitative_pic50_release,False,False,2,0.19629464500000005,0.09814732250000002,0.0,True,True,"[""HSTR-E0ACAB31166E9E060B53AC0B"", ""HSTR-6DDC3F3974BAC4E6E32ED7CC"", ""HSTR-82E474546E26C814422D211B""]","[0.5151515151515151, 0.5, 0.5]"
HSTR-1E8B1F8BBD228C3675BCFE2E,HSCF-8CA7CAED3B0BB953018FA3C2053549C544522941CBBE272B2DF4460B9BAEEE17,0,9.136677139939772,5.354251484645201,3.7824256552945714,5.245884418487549,3.8907927214522235,0.10836706615765213,511.529,3.4467,107.49,7.0,0.6931818181818182,0.960840556938126,False,binding_unspecified,chembl_herg_specialized_view,True,False,2,1.2045475727973098e-10,6.022737863986549e-11,0.0,False,False,"[""HSTR-046CE5B06A986A77352361E7"", ""HSTR-FF4A5184DEC262F87EFE153E"", ""HSTR-E2B51F72D4AC33AA9BB8D6B8""]","[0.6931818181818182, 0.6777777777777778, 0.6703296703296703]"
HSTR-5C37BECBF2505ECDE26B572C,HSCF-200020BF7B40106929CB3614F2FFD1F53611BA0E4F330428326E180A57EF826A,3,0.6000000000008285,4.353184072624342,3.7531840726235135,4.245596885681152,3.645596885680324,-0.10758718694318947,391.943,3.30118,59.73,7.0,0.582089552238806,0.9880827452834966,False,patch_clamp_electrophysiology,chembl_herg_specialized_view,True,True,2,1.6570078642530461e-12,8.285039321265231e-13,1.0,False,False,"[""HSTR-454205CCAB9DE90995CF4628"", ""HSTR-AAC6E2E43BEE31E6E79B28E1"", ""HSTR-E4CC4D4119414776DFDA8A35""]","[0.582089552238806, 0.5735294117647058, 0.5571428571428572]"
HSTR-840C7A5689D691E00D8EF181,HSCF-8CA7CAED3B0BB953018FA3C2053549C544522941CBBE272B2DF4460B9BAEEE17,0,8.849267963267469,5.0976336326272635,3.751634330640205,5.104536533355713,3.744731429911756,-0.006902900728449346,505.575,3.1771,116.72,8.0,0.5425531914893617,0.960840556938126,False,binding_unspecified,chembl_herg_specialized_view,False,False,2,0.009208001465061955,0.004604000732530977,0.0,True,True,"[""HSTR-3DF04B68C666A95D957296E2"", ""HSTR-8E1D50677BBE8361FEF1C325"", ""HSTR-046CE5B06A986A77352361E7""]","[0.5425531914893617, 0.5376344086021505, 0.53125]"
HSTR-FF7327F38F8F86FC3602D2BA,HSCF-D3FAA4C876ED89605BE24B01B0A78E891E26378634FE33B7A6BBFDAD7CC1AC5D,4,9.0,5.277298580385473,3.722701419614527,5.158451557159424,3.841548442840576,0.11884702322604923,394.456,3.53522,96.85,4.0,0.5079365079365079,0.9905061418310943,False,unresolved,quantitative_pic50_release,False,False,1,0.0,0.0,0.0,False,False,"[""HSTR-8C5307C9F37923E94928C893"", ""HSTR-A6D0D2203F9F8B21AFBB6743"", ""HSTR-FEC6D1961FF6D2B1F452A6C3""]","[0.5079365079365079, 0.28378378378378377, 0.28378378378378377]"
HSTR-E7771F6BBBF2DE5307B11B63,HSCF-8CA7CAED3B0BB953018FA3C2053549C544522941CBBE272B2DF4460B9BAEEE17,0,8.774721495479973,5.116829124443206,3.657892371036767,5.238880634307861,3.5358408611721117,-0.1220515098646553,495.543,2.90326,145.84,6.0,0.6236559139784946,0.960840556938126,False,binding_unspecified,chembl_herg_specialized_view,True,False,2,0.0103408329599457,0.00517041647997285,0.0,True,True,"[""HSTR-2E445286DC4485659BBE47F4"", ""HSTR-046CE5B06A986A77352361E7"", ""HSTR-16B53A255BAD8A30C2367AC4""]","[0.6236559139784946, 0.6153846153846154, 0.6063829787234043]"
HSTR-E5D8D061803E94DF5882DB86,HSCF-8CA7CAED3B0BB953018FA3C2053549C544522941CBBE272B2DF4460B9BAEEE17,0,8.795880017172038,5.1514320694753115,3.644447947696727,5.09707498550415,3.698805031667888,0.054357083971161124,500.559,3.04018,131.28,7.0,0.5102040816326531,0.960840556938126,False,binding_unspecified,chembl_herg_specialized_view,False,False,2,3.440749907213103e-10,1.7203749536065516e-10,0.0,False,False,"[""HSTR-3DF04B68C666A95D957296E2"", ""HSTR-8E1D50677BBE8361FEF1C325"", ""HSTR-046CE5B06A986A77352361E7""]","[0.5102040816326531, 0.5051546391752577, 0.5]"
HSTR-45C968F4EB3D2FD5B5E7AB17,HSCF-8CA7CAED3B0BB953018FA3C2053549C544522941CBBE272B2DF4460B9BAEEE17,0,8.919016691841776,5.281956464912382,3.6370602269293943,5.141422271728516,3.7775944201132603,0.14053419318386595,506.582,3.365,101.5,7.0,0.5473684210526316,0.960840556938126,False,binding_unspecified,chembl_herg_specialized_view,False,False,2,0.003604124316451518,0.001802062158225759,0.0,True,True,"[""HSTR-046CE5B06A986A77352361E7"", ""HSTR-8353C3E54BD25DC250B65B30"", ""HSTR-41C14C453A1725A11796CF67""]","[0.5473684210526316, 0.5408163265306123, 0.5408163265306123]"
HSTR-F1AEA1F097354B53AFF11EE2,HSCF-C35A2924CC3C30EEED07E705209376850A8491F09C10B98E4299E19F9E1BE8C5,4,8.671620396561263,5.035349122929914,3.6362712736313485,5.048154830932617,3.6234655656286456,-0.012805708002702865,308.267,2.171,74.55,4.0,0.4918032786885246,0.9905061418310943,True,binding_unspecified,chembl_herg_specialized_view,True,False,3,4.3873704669294966e-10,0.0,1.0,False,False,"[""HSTR-1204C79159ADD5551213E5C4"", ""HSTR-0C12DC89F54EA9286E51D3BB"", ""HSTR-4238B138F13D192036FA1293""]","[0.4918032786885246, 0.3968253968253968, 0.373134328358209]"
HSTR-47255192870B2C07B65F1293,HSCF-8CA7CAED3B0BB953018FA3C2053549C544522941CBBE272B2DF4460B9BAEEE17,0,8.703356966321762,5.096085934381747,3.607271031940015,5.022668361663818,3.6806886046579432,0.07341757271792826,500.559,3.04018,131.28,7.0,0.5204081632653061,0.960840556938126,False,binding_unspecified,chembl_herg_specialized_view,False,False,2,0.008773924643524111,0.004386962321762056,0.0,True,True,"[""HSTR-3DF04B68C666A95D957296E2"", ""HSTR-8E1D50677BBE8361FEF1C325"", ""HSTR-046CE5B06A986A77352361E7""]","[0.5204081632653061, 0.5, 0.49504950495049505]"
HSTR-8B2BF4C06813E3B58E853A5D,HSCF-8CA7CAED3B0BB953018FA3C2053549C544522941CBBE272B2DF4460B9BAEEE17,0,9.050609993177543,5.4485933214406,3.6020166717369433,5.28358793258667,3.7670220605908735,0.16500538885393023,531.51,4.3178,98.26,6.0,0.6629213483146067,0.960840556938126,False,binding_unspecified,chembl_herg_specialized_view,True,False,2,3.5508662676875247e-10,1.7754331338437623e-10,0.0,False,False,"[""HSTR-046CE5B06A986A77352361E7"", ""HSTR-FF4A5184DEC262F87EFE153E"", ""HSTR-E2B51F72D4AC33AA9BB8D6B8""]","[0.6629213483146067, 0.6483516483516484, 0.6413043478260869]"
HSTR-F3F3E1CB1D674937746D67A8,HSCF-FA31EFF30EAEEAC07EA00D78A580968395E368E32AE0E9F680A99C7450F57A2B,2,5.346787486224656,8.94062809259241,3.5938406063677544,8.337247848510742,2.990460362286086,-0.6033802440816682,494.512,4.451,60.08,7.0,0.7763157894736842,0.9780001955240021,False,patch_clamp_electrophysiology,chembl_herg_specialized_view,False,False,3,3.539269161693163,2.2465584947894968e-10,2.3333333333333335,True,True,"[""HSTR-309A7575633A5ED63175BA99"", ""HSTR-6069A7089E1B447F032B7269"", ""HSTR-3A0510E143CC9E699506D880""]","[0.7763157894736842, 0.7671232876712328, 0.7402597402597403]"
HSTR-C27419EC56BC9D44B8A991F3,HSCF-B13FDFE9C290AB77BCA43345616E1478A04EEE9D7423E2EC50C6827711773A6B,1,1.045757491,4.633892256497598,3.588134765497598,4.842745304107666,3.796987813107666,0.2088530476100683,551.573,4.7997,94.53,5.0,0.5357142857142857,0.969152967196047,False,unresolved,quantitative_pic50_release,False,False,1,0.0,0.0,0.0,False,False,"[""HSTR-5155C0AF8ACE0A49D95D519C"", ""HSTR-FEAA2FF0DE83C899082E6038"", ""HSTR-EB0A759AF90067DFC2C2D027""]","[0.5357142857142857, 0.45054945054945056, 0.4375]"
HSTR-ACBC771247E000C079A46B6F,HSCF-56DEE5D4533BD4E712202AC628A2E12DC38141B4A4A4FD719D8601457B7B6058,0,7.4089353929735005,3.834084947350976,3.5748504456225243,4.090096473693848,3.318838919279653,-0.2560115263428715,733.937,1.7856,193.91,7.0,0.8072289156626506,0.960840556938126,False,binding_unspecified,chembl_herg_specialized_view,False,False,3,3.0000000000264997,2.6499691330172936e-11,0.0,True,True,"[""HSTR-F6CE8D00598716760CC1651C"", ""HSTR-CC1DF3C17681D9926DBA60AF"", ""HSTR-CA8F0BA7970FCF4D038FAB6B""]","[0.8072289156626506, 0.7790697674418605, 0.7419354838709677]"
HSTR-D2FC3F9F74E4942529A097C9,HSCF-8CA7CAED3B0BB953018FA3C2053549C544522941CBBE272B2DF4460B9BAEEE17,0,8.922635896303735,5.377908495236105,3.5447274010676297,5.252763748168945,3.6698721481347896,0.12514474706715983,521.593,4.00612,107.49,8.0,0.6593406593406593,0.960840556938126,False,binding_unspecified,chembl_herg_specialized_view,True,False,2,0.0036342846074681745,0.0018171423037340872,0.0,True,True,"[""HSTR-046CE5B06A986A77352361E7"", ""HSTR-FF4A5184DEC262F87EFE153E"", ""HSTR-E2B51F72D4AC33AA9BB8D6B8""]","[0.6593406593406593, 0.6451612903225806, 0.6382978723404256]"
HSTR-0E1550552D46BAF8CB4212AF,HSCF-8CA7CAED3B0BB953018FA3C2053549C544522941CBBE272B2DF4460B9BAEEE17,0,9.004364805201224,5.522709194582077,3.4816556106191463,5.4085822105407715,3.5957825946604522,0.11412698404130595,513.52,4.1787,98.26,6.0,0.5652173913043478,0.960840556938126,False,binding_unspecified,chembl_herg_specialized_view,True,False,2,4.0244962917768135e-10,2.0122481458884067e-10,0.0,False,False,"[""HSTR-046CE5B06A986A77352361E7"", ""HSTR-FF4A5184DEC262F87EFE153E"", ""HSTR-E2B51F72D4AC33AA9BB8D6B8""]","[0.5652173913043478, 0.5531914893617021, 0.5473684210526316]"
HSTR-74A145A45F5040BB6E38A145,HSCF-83A83E6DF8D054BB29ED268018E4FCA13EA2F379608BE888ADA08293996A4AD0,1,9.0,5.520135861157841,3.479864138842159,5.508643627166748,3.491356372833252,0.011492233991092782,351.381,3.9999,74.08,6.0,0.34782608695652173,0.969152967196047,True,unresolved,quantitative_pic50_release,False,False,1,0.0,0.0,0.0,False,False,"[""HSTR-DAC2D05C81F328EAC7B94210"", ""HSTR-00A266FC1B228A3022AFDBA5"", ""HSTR-C1CF4EAFF76D092A8CA716AA""]","[0.34782608695652173, 0.3116883116883117, 0.27631578947368424]"
HSTR-54A7464D51D18FA86BA1C600,HSCF-535FCCE8E20030CE4B10A31D61CFC8F3EC5D92556235F12A942A995348371C2C,4,1.124938737,4.6021224896411335,3.4771837526411336,4.639166831970215,3.514228094970215,0.03704434232908138,465.961,2.6901,83.3,6.0,0.6666666666666666,0.9905061418310943,False,unresolved,quantitative_pic50_release,True,True,1,0.0,0.0,0.0,False,False,"[""HSTR-159BB65CDF5D20F953E6B10E"", ""HSTR-90B2AB4A507EC4350D512C2C"", ""HSTR-06172816C6EA13F32EB0221E""]","[0.6666666666666666, 0.6575342465753424, 0.6388888888888888]"
HSTR-2162D21D3CFDFAAB62A4FE00,HSCF-8CA7CAED3B0BB953018FA3C2053549C544522941CBBE272B2DF4460B9BAEEE17,0,8.679858685018619,5.225904030956589,3.45395465406203,5.235300540924072,3.4445581440945467,-0.009396509967483091,484.56,3.34,122.05,6.0,0.5376344086021505,0.960840556938126,False,binding_unspecified,chembl_herg_specialized_view,False,False,2,0.00415596003723806,0.00207798001861903,0.0,True,True,"[""HSTR-DC76CFB0D7B48B99C8BEFE7E"", ""HSTR-CA49B20BCB433D2B756388C6"", ""HSTR-03052BCF265860C55C56FA45""]","[0.5376344086021505, 0.5263157894736842, 0.5263157894736842]"
HSTR-FF2278EE79E72A446F6E1666,HSCF-8CA7CAED3B0BB953018FA3C2053549C544522941CBBE272B2DF4460B9BAEEE17,0,8.747153746345553,5.313031106436411,3.434122639909142,5.3338141441345215,3.413339602211032,-0.020783037698110185,505.575,3.1771,116.72,8.0,0.5666666666666667,0.960840556938126,False,binding_unspecified,chembl_herg_specialized_view,False,False,2,0.004852502691106153,0.0024262513455530765,0.0,True,True,"[""HSTR-8E1D50677BBE8361FEF1C325"", ""HSTR-046CE5B06A986A77352361E7"", ""HSTR-FF4A5184DEC262F87EFE153E""]","[0.5666666666666667, 0.5425531914893617, 0.53125]"
HSTR-011022503A435E786AF2D1B6,HSCF-8CA7CAED3B0BB953018FA3C2053549C544522941CBBE272B2DF4460B9BAEEE17,0,8.769551078810863,5.385943530786713,3.38360754802415,5.290581703186035,3.4789693756248283,0.09536182760067824,561.536,4.3264,107.49,7.0,0.6559139784946236,0.960840556938126,False,binding_unspecified,chembl_herg_specialized_view,True,False,2,3.7827341259344394e-10,1.8913670629672197e-10,0.0,False,False,"[""HSTR-046CE5B06A986A77352361E7"", ""HSTR-FF4A5184DEC262F87EFE153E"", ""HSTR-E2B51F72D4AC33AA9BB8D6B8""]","[0.6559139784946236, 0.6421052631578947, 0.6354166666666666]"
HSTR-1976C34FC6790BD3D2D920F5,HSCF-8CA7CAED3B0BB953018FA3C2053549C544522941CBBE272B2DF4460B9BAEEE17,0,8.602930321952133,5.281481409613939,3.3214489123381945,5.129132270812988,3.473798051139145,0.15234913880095036,493.539,3.3076,107.49,7.0,0.5652173913043478,0.960840556938126,False,binding_unspecified,chembl_herg_specialized_view,False,False,2,0.001740661904262808,0.000870330952131404,0.0,True,True,"[""HSTR-8E1D50677BBE8361FEF1C325"", ""HSTR-046CE5B06A986A77352361E7"", ""HSTR-FF4A5184DEC262F87EFE153E""]","[0.5652173913043478, 0.5578947368421052, 0.5463917525773195]"
HSTR-FFA9AA869E522D1F8C9D6B4B,HSCF-C35A2924CC3C30EEED07E705209376850A8491F09C10B98E4299E19F9E1BE8C5,4,8.920818753976189,5.625781432299369,3.29503732167682,5.483626365661621,3.4371923883145676,0.14215506663774757,339.733,3.07532,57.76,5.0,0.6333333333333333,0.9905061418310943,False,radioligand_binding,chembl_herg_specialized_view,True,False,2,4.7625903221160115e-11,2.3812951610580058e-11,1.5,False,False,"[""HSTR-DD03CB6A3756AAD207E26C15"", ""HSTR-0C12DC89F54EA9286E51D3BB"", ""HSTR-1A101E5153ADB1D9A8C153E5""]","[0.6333333333333333, 0.5245901639344263, 0.4264705882352941]"
HSTR-7E043585C42D718A7A5690DB,HSCF-2051450CB25968F3846DDDF5C928AD3FC824E61F0E14665067641A3F9AFC1BE5,3,1.200000003,4.493868597242048,3.293868594242048,4.5158371925354,3.3158371895354004,0.0219685952933526,424.541,3.0514,89.87,8.0,0.3023255813953488,0.9880827452834966,True,patch_clamp_electrophysiology,chembl_herg_specialized_view,False,False,3,1.9000000025966077,3.0136333428743e-09,1.3333333333333333,True,True,"[""HSTR-08AAABE08B7ED849AF833109"", ""HSTR-64D87A2265895E539178A1BA"", ""HSTR-30861B58045DCE4F86B4B269""]","[0.3023255813953488, 0.3020833333333333, 0.2976190476190476]"
HSTR-781FE3B221456E04B4A0AA67,HSCF-8CA7CAED3B0BB953018FA3C2053549C544522941CBBE272B2DF4460B9BAEEE17,0,8.494172494797564,5.211111985467388,3.2830605093301752,5.116484642028809,3.377687852768755,0.09462734343857981,478.528,2.8812,124.28,6.0,0.7469879518072289,0.960840556938126,False,binding_unspecified,chembl_herg_specialized_view,True,True,2,0.001355054404871936,0.000677527202435968,0.0,True,True,"[""HSTR-046CE5B06A986A77352361E7"", ""HSTR-E2B51F72D4AC33AA9BB8D6B8"", ""HSTR-2E445286DC4485659BBE47F4""]","[0.7469879518072289, 0.7411764705882353, 0.7325581395348837]"
HSTR-9CB8288956DF05CF8F1E119A,HSCF-45D97602BB584E807638270192C0115FC5A7BF9B5F57B41CDD05C3499210AC80,0,9.055517327924916,5.77417517512523,3.2813421527996853,5.568060874938965,3.487456452985951,0.20611430018626553,507.532,3.4832,77.51,9.0,0.632183908045977,0.960840556938126,False,patch_clamp_electrophysiology,chembl_herg_specialized_view,True,False,2,1.5016965448921837e-10,7.508482724460919e-11,2.0,False,False,"[""HSTR-83C77AC8F0FFE8900265652C"", ""HSTR-03F60B0C3023D6F7C54F021F"", ""HSTR-470DAFA65929196D841C2CE6""]","[0.632183908045977, 0.4838709677419355, 0.4631578947368421]"
HSTR-0D9CAE7C49EF7733059AD2EB,HSCF-D707876BCC74621FE2880F29A8A609D8F41FDC04649F6F9B27744E65099A984C,0,5.522878745280337,8.794641256443551,3.271762511163214,8.103214263916016,2.5803355186356782,-0.6914269925275356,336.435,3.3599,55.56,5.0,0.8235294117647058,0.960840556938126,False,binding_unspecified,chembl_herg_specialized_view,True,True,3,3.691791419989233,2.8033753096678993e-10,0.0,True,True,"[""HSTR-891B497957E3A340FE5943C8"", ""HSTR-6C4E1C59B8F840DD74A1029B"", ""HSTR-79A96A48E810352A3DF2BEBF""]","[0.8235294117647058, 0.8235294117647058, 0.803921568627451]"
HSTR-C61F8ED083875CAC5F3573FA,HSCF-C35A2924CC3C30EEED07E705209376850A8491F09C10B98E4299E19F9E1BE8C5,4,8.645891560852599,5.3779421751477,3.267949385704899,5.263123512268066,3.3827680485845324,0.11481866287963349,369.759,2.3017,77.99,7.0,0.5538461538461539,0.9905061418310943,False,binding_unspecified,chembl_herg_specialized_view,True,False,3,1.4740031417659338e-10,0.0,1.0,False,False,"[""HSTR-4238B138F13D192036FA1293"", ""HSTR-DD03CB6A3756AAD207E26C15"", ""HSTR-1A101E5153ADB1D9A8C153E5""]","[0.5538461538461539, 0.5454545454545454, 0.3835616438356164]"
HSTR-DAA297B999486F609826F4B1,HSCF-8CA7CAED3B0BB953018FA3C2053549C544522941CBBE272B2DF4460B9BAEEE17,0,8.317405816124243,5.101731268359606,3.215674547764637,5.1024322509765625,3.2149735651476803,-0.0007009826169568356,479.512,3.0046,118.49,6.0,0.7682926829268293,0.960840556938126,False,binding_unspecified,chembl_herg_specialized_view,True,True,2,0.0027058937515125336,0.0013529468757562668,0.0,True,True,"[""HSTR-046CE5B06A986A77352361E7"", ""HSTR-FF4A5184DEC262F87EFE153E"", ""HSTR-13567E6117A0F940A2A34397""]","[0.7682926829268293, 0.75, 0.735632183908046]"
HSTR-5B2F6C5892E4163ABB4CB213,HSCF-8CA7CAED3B0BB953018FA3C2053549C544522941CBBE272B2DF4460B9BAEEE17,0,8.410612213990545,5.200263554966946,3.210348659023599,5.21543025970459,3.195181954285955,-0.015166704737644032,488.523,3.17068,122.05,6.0,0.7209302325581395,0.960840556938126,False,binding_unspecified,chembl_herg_specialized_view,True,True,2,0.003353641981089339,0.0016768209905446696,0.0,True,True,"[""HSTR-046CE5B06A986A77352361E7"", ""HSTR-16B53A255BAD8A30C2367AC4"", ""HSTR-2E445286DC4485659BBE47F4""]","[0.7209302325581395, 0.7078651685393258, 0.7078651685393258]"
HSTR-F9740B1F1C5F605B17FFFFB0,HSCF-AB37AB95ADD20036B3DB25DF42602515D7A3157BD03DE7E2667E002A92417473,4,7.892790030352131,4.701340757021625,3.191449273330506,4.760181903839111,3.13260812651302,-0.05884114681748631,114.192,-0.0422,24.06,2.0,0.24561403508771928,0.9905061418310943,True,unresolved,chembl_herg_specialized_view,False,False,1,0.0,0.0,0.0,False,False,"[""HSTR-520DA8218D728DAD2E577416"", ""HSTR-F52F8E438F098C03B6D37CFE"", ""HSTR-17C64EDFE353D9FE789053E2""]","[0.24561403508771928, 0.24, 0.24]"
HSTR-C0C5948B268CEEC6B4DAC56E,HSCF-CB7EACAC36048A5A6E3702A44197BF2F7A078D992DE296EACF46386074A35D98,3,8.958607315,5.773355102895497,3.185252212104503,5.668512344360352,3.2900949706396485,0.10484275853514546,269.388,3.54832,12.47,7.0,0.46808510638297873,0.9880827452834966,True,unresolved,quantitative_pic50_release,True,False,1,0.0,0.0,0.0,False,False,"[""HSTR-B79EAD9331239ABD3CA5B31D"", ""HSTR-1C45369AD41C3293B1C15974"", ""HSTR-272DC1DF07C5A3494A744CAA""]","[0.46808510638297873, 0.4418604651162791, 0.41509433962264153]"
HSTR-05BFD8E39EF82510BC5671D8,HSCF-8CA7CAED3B0BB953018FA3C2053549C544522941CBBE272B2DF4460B9BAEEE17,0,8.639218340830055,5.456822199695989,3.182396141134066,5.3586859703063965,3.280532370523659,0.09813622938959288,556.589,4.2447,101.5,7.0,0.51,0.960840556938126,False,binding_unspecified,chembl_herg_specialized_view,False,False,2,0.0018923536601125335,0.0009461768300562667,0.0,True,True,"[""HSTR-046CE5B06A986A77352361E7"", ""HSTR-DC76CFB0D7B48B99C8BEFE7E"", ""HSTR-41C14C453A1725A11796CF67""]","[0.51, 0.494949494949495, 0.49038461538461536]"
HSTR-2EC1FFD424900BCB483102D9,HSCF-C492BC14C94FEC233141773A5968B3F48A32D8771B6CADD6485EE4259E7591E0,3,8.886056648,5.709890314353157,3.176166333646843,5.515214920043945,3.370841727956055,0.1946753943092121,280.371,3.4104,34.15,3.0,0.43859649122807015,0.9880827452834966,True,unresolved,quantitative_pic50_release,True,False,1,0.0,0.0,0.0,False,False,"[""HSTR-BA6D72D7AA1A9E6B62B673A4"", ""HSTR-6E356301606695D0DC5A9D3A"", ""HSTR-4C1A07F51C442550E079E04D""]","[0.43859649122807015, 0.43859649122807015, 0.39655172413793105]"
HSTR-72AF97092F182A1FD909CCB2,HSCF-C492BC14C94FEC233141773A5968B3F48A32D8771B6CADD6485EE4259E7591E0,3,8.886056648,5.72432462237282,3.16173202562718,5.520357608795166,3.3656990392048343,0.20396701357765412,280.371,3.4104,34.15,3.0,0.43859649122807015,0.9880827452834966,True,unresolved,quantitative_pic50_release,True,False,1,0.0,0.0,0.0,False,False,"[""HSTR-BA6D72D7AA1A9E6B62B673A4"", ""HSTR-6E356301606695D0DC5A9D3A"", ""HSTR-4C1A07F51C442550E079E04D""]","[0.43859649122807015, 0.43859649122807015, 0.39655172413793105]"
HSTR-1C6CCAFAC569CC8F85BF69FE,HSCF-C35A2924CC3C30EEED07E705209376850A8491F09C10B98E4299E19F9E1BE8C5,4,8.795880017344075,5.638310125866126,3.157569891477949,5.607511520385742,3.188368496958333,0.030798605480383934,353.76,3.3293,57.76,6.0,0.6129032258064516,0.9905061418310943,False,binding_unspecified,chembl_herg_specialized_view,True,False,3,3.440749907213103e-10,0.0,1.0,False,False,"[""HSTR-DD03CB6A3756AAD207E26C15"", ""HSTR-A7255C4A611C5982B87FBECC"", ""HSTR-4238B138F13D192036FA1293""]","[0.6129032258064516, 0.421875, 0.4142857142857143]"
HSTR-EDBA69E078263629D19CDDB4,HSCF-8CA7CAED3B0BB953018FA3C2053549C544522941CBBE272B2DF4460B9BAEEE17,0,7.884558500724623,4.743525554740266,3.1410329459843567,4.772936820983887,3.111621679740736,-0.02941126624362056,519.558,2.8667,144.79,8.0,0.53125,0.960840556938126,False,binding_unspecified,chembl_herg_specialized_view,False,False,2,0.0029962945507557848,0.0014981472753778924,0.0,True,True,"[""HSTR-8E1D50677BBE8361FEF1C325"", ""HSTR-3DF04B68C666A95D957296E2"", ""HSTR-046CE5B06A986A77352361E7""]","[0.53125, 0.5204081632653061, 0.51]"
HSTR-6038540692284A52F2EAA226,HSCF-11A66C77B3EDA7D873691BE3472DE7AF4556B365D02DCC0E60BAAC8B9365964D,1,8.85387196416088,5.724751487071168,3.129120477089713,5.593322277069092,3.260549687091789,0.13142921000207597,475.328,4.2229,81.01,4.0,0.696969696969697,0.969152967196047,True,radioligand_binding,chembl_herg_specialized_view,False,False,2,3.2176217246160377e-10,1.6088108623080188e-10,0.5,False,False,"[""HSTR-C8962DBAD6FEF8BC5337D08C"", ""HSTR-FB81327B3F41FF714DD592B0"", ""HSTR-8147CC2A92D1B559B6E6C270""]","[0.696969696969697, 0.6231884057971014, 0.5714285714285714]"
HSTR-8DA215AD300D26B9955DD6CA,HSCF-AB151C259C9CC9CECA5E32A5CB06CBE36F21B0E4661B5E2DACED25F6320B54BF,0,5.275724130399211,8.401180398342685,3.1254562679434743,7.110959053039551,1.83523492264034,-1.2902213453031344,487.57,4.6283,56.42,9.0,0.7692307692307693,0.960840556938126,True,patch_clamp_electrophysiology,chembl_herg_specialized_view,True,True,3,3.40205657526608,3.99210442481035e-10,2.3333333333333335,True,True,"[""HSTR-03F60B0C3023D6F7C54F021F"", ""HSTR-7DC712C54962A6E72C024932"", ""HSTR-470DAFA65929196D841C2CE6""]","[0.7692307692307693, 0.7682926829268293, 0.5977011494252874]"
HSTR-4B17B17991B1794D8CF22B3A,HSCF-11A66C77B3EDA7D873691BE3472DE7AF4556B365D02DCC0E60BAAC8B9365964D,1,8.443697499116357,5.319872871153809,3.1238246279625486,5.387699604034424,3.0559978950819335,-0.06782673288061503,472.444,3.5175,90.24,6.0,0.7,0.969152967196047,False,radioligand_binding,chembl_herg_specialized_view,True,False,2,2.327116277456298e-10,1.163558138728149e-10,0.5,False,False,"[""HSTR-C8962DBAD6FEF8BC5337D08C"", ""HSTR-31C32E3BC6CA9A3CF2671A1B"", ""HSTR-8147CC2A92D1B559B6E6C270""]","[0.7, 0.6363636363636364, 0.581081081081081]"
HSTR-C330E394B949DD493B898C39,HSCF-A0F71BA9C94F588D20646F67CD30A93AB4CEAD107C3C9E1D99C11E49ACF3FA50,1,8.267606240088515,5.158641052737938,3.1089651873505773,5.229030609130859,3.0385756309576557,-0.07038955639292155,410.445,3.3351,71.78,5.0,0.734375,0.969152967196047,False,radioligand_binding,chembl_herg_specialized_view,True,True,2,1.7703172261462896e-10,8.851586130731448e-11,0.5,False,False,"[""HSTR-8147CC2A92D1B559B6E6C270"", ""HSTR-FCB179928B21490575D3A8F7"", ""HSTR-C8962DBAD6FEF8BC5337D08C""]","[0.734375, 0.7230769230769231, 0.7121212121212122]"
HSTR-63DAD7133E54BD5A9B2AF89E,HSCF-8C45B2A55C37A9C79C2782776B424568DE037A6C454DBCDE50D272A3429AAB6E,1,8.0,4.895378085287462,3.1046219147125376,4.93658447265625,3.06341552734375,-0.04120638736878757,396.397,2.262,68.51,4.0,0.5714285714285714,0.969152967196047,False,unresolved,quantitative_pic50_release,True,True,1,0.0,0.0,0.0,False,False,"[""HSTR-D2AD7AD918031AEBD95E459A"", ""HSTR-B7BB2CBD47E31447E7D9DCCE"", ""HSTR-3BB6095F46F3B45AEC61DD6D""]","[0.5714285714285714, 0.5606060606060606, 0.5454545454545454]"
HSTR-C4F7BE145BE8D63198F66B6A,HSCF-C35A2924CC3C30EEED07E705209376850A8491F09C10B98E4299E19F9E1BE8C5,4,8.721246399047171,5.617055744869757,3.1041906541774145,5.6042704582214355,3.1169759408257356,0.012785286648321126,323.278,2.56102,57.76,5.0,0.5333333333333333,0.9905061418310943,True,binding_unspecified,chembl_herg_specialized_view,False,False,3,4.717115587027365e-11,0.0,1.0,False,False,"[""HSTR-0C12DC89F54EA9286E51D3BB"", ""HSTR-DD03CB6A3756AAD207E26C15"", ""HSTR-1A101E5153ADB1D9A8C153E5""]","[0.5333333333333333, 0.49230769230769234, 0.4117647058823529]"
HSTR-56921FB4FE62B6351865192B,HSCF-F7101EAD3F8F27E1EE6EDF674EF1133FF65E25C71650C862ECA451DAB844A74D,2,8.769551079,5.669867927502221,3.0996831514977785,5.529119491577148,3.240431587422851,0.14074843592507236,474.601,4.55778,91.58,12.0,0.36470588235294116,0.9780001955240021,True,unresolved,quantitative_pic50_release,True,False,3,3.7827341259344394e-10,0.0,0.0,False,False,"[""HSTR-96C42C11EDA205FA63B17BF9"", ""HSTR-915FAE5CD5704952EF8828CE"", ""HSTR-67540AE0077A597B7EB4CC57""]","[0.36470588235294116, 0.36470588235294116, 0.32323232323232326]"
HSTR-2371052335CEBDFE6756204D,HSCF-421F5CC6E8EB744EA2B066CE729536E44A073CAA578F9FB3132AA18B828B8F41,4,7.853871964321762,4.774780742843611,3.0790912214781505,4.806367874145508,3.047504090176254,-0.0315871313018965,463.929,3.90132,101.1,6.0,0.43333333333333335,0.9905061418310943,True,unresolved,chembl_herg_specialized_view,False,False,1,0.0,0.0,0.0,False,False,"[""HSTR-8427C9A46D208F9FD30D264D"", ""HSTR-07246C3EC4DF1197B46EB9AC"", ""HSTR-63208D619C423B6E2A0647F8""]","[0.43333333333333335, 0.4329896907216495, 0.4148936170212766]"
HSTR-15BC25335CDD5C279DF04077,HSCF-8CA7CAED3B0BB953018FA3C2053549C544522941CBBE272B2DF4460B9BAEEE17,0,8.173601338415505,5.10477238873112,3.0688289496843852,5.007296562194824,3.166304776220681,0.0974758265362956,537.642,2.87182,132.4,7.0,0.5376344086021505,0.960840556938126,False,binding_unspecified,chembl_herg_specialized_view,False,False,2,0.000647717168993367,0.0003238585844966835,0.0,True,True,"[""HSTR-DC76CFB0D7B48B99C8BEFE7E"", ""HSTR-03052BCF265860C55C56FA45"", ""HSTR-CA49B20BCB433D2B756388C6""]","[0.5376344086021505, 0.5263157894736842, 0.5263157894736842]"
HSTR-742B68E280A399E6C6948AF3,HSCF-8CA7CAED3B0BB953018FA3C2053549C544522941CBBE272B2DF4460B9BAEEE17,0,8.376234307082166,5.3141995714788965,3.0620347356032696,5.2837443351745605,3.0924899719076056,0.030455236304335997,505.575,3.1771,116.72,8.0,0.627906976744186,0.960840556938126,False,binding_unspecified,chembl_herg_specialized_view,False,False,2,0.0010328058356670056,0.0005164029178335028,0.0,True,True,"[""HSTR-8E1D50677BBE8361FEF1C325"", ""HSTR-046CE5B06A986A77352361E7"", ""HSTR-FF4A5184DEC262F87EFE153E""]","[0.627906976744186, 0.5824175824175825, 0.5698924731182796]"
HSTR-09807C529AA20CC7D067357E,HSCF-C35A2924CC3C30EEED07E705209376850A8491F09C10B98E4299E19F9E1BE8C5,4,8.505845405981557,5.450205929209234,3.0556394767723223,5.6231489181518555,2.8826964878297012,-0.17294298894262106,367.787,3.8903,57.76,6.0,0.5873015873015873,0.9905061418310943,False,binding_unspecified,chembl_herg_specialized_view,True,False,3,1.84439130634928e-11,0.0,1.0,False,False,"[""HSTR-DD03CB6A3756AAD207E26C15"", ""HSTR-5864C79CC11FE579182A7F75"", ""HSTR-0C12DC89F54EA9286E51D3BB""]","[0.5873015873015873, 0.4375, 0.39705882352941174]"
HSTR-CFB4ACB71C018DD1EC95F0CF,HSCF-8CA7CAED3B0BB953018FA3C2053549C544522941CBBE272B2DF4460B9BAEEE17,0,8.483469153669857,5.432604192065127,3.05086496160473,5.216333866119385,3.267135287550472,0.21627032594574214,497.958,3.9524,98.26,6.0,0.6818181818181818,0.960840556938126,False,binding_unspecified,chembl_herg_specialized_view,True,False,2,0.003966187339713656,0.001983093669856828,0.0,True,True,"[""HSTR-FF4A5184DEC262F87EFE153E"", ""HSTR-046CE5B06A986A77352361E7"", ""HSTR-E2B51F72D4AC33AA9BB8D6B8""]","[0.6818181818181818, 0.6781609195402298, 0.6555555555555556]"
HSTR-2D10D9225D7D294F03C9AE9B,HSCF-60805499B7989F9A0E58638B59D72EAF42F48DCE63752B19724AF3D1975A6C29,1,8.245651664,5.21314873937625,3.03250292462375,5.315588474273682,2.9300631897263187,-0.1024397348974313,295.386,3.8497,45.06,4.0,0.7068965517241379,0.969152967196047,False,unresolved,quantitative_pic50_release,True,True,1,0.0,0.0,0.0,False,False,"[""HSTR-147312F3B41D06C4A51D4872"", ""HSTR-DBE63C9DF0C11549BA982A00"", ""HSTR-AFAE09AF3927C831C5974C8F""]","[0.7068965517241379, 0.5555555555555556, 0.484375]"
HSTR-BED81B8D6C4A87C9106085F5,HSCF-5319CEE0BF1A7F48F04F1949B0FEE9DC20E79B10620B477F7167E06CE64C335B,3,1.3600000010199806,4.372810720287035,3.012810719267054,4.661738395690918,3.301738394670937,0.2889276754038832,514.622,5.7041,79.31,7.0,0.7457627118644068,0.9880827452834966,False,patch_clamp_electrophysiology,chembl_herg_specialized_view,True,True,2,1.960038797932384e-09,9.80019398966192e-10,1.0,False,False,"[""HSTR-92917206776044CC8AC01E02"", ""HSTR-B6FA360C67C44140672DE6F9"", ""HSTR-3C92480773295719B4C579AF""]","[0.7457627118644068, 0.6833333333333333, 0.676923076923077]"
HSTR-740CE8355AECC6BC2CB3FB1A,HSCF-7302184313D223274194BE4E4ACFAC68217DBECE8D6A4AFB7CD275A851957578,3,1.301029996,4.2859879616414,2.9849579656414,4.287374973297119,2.986344977297119,0.0013870116557193057,365.411,0.0237,132.96,4.0,0.4246575342465753,0.9880827452834966,True,unresolved,quantitative_pic50_release,False,False,1,0.0,0.0,0.0,False,False,"[""HSTR-F0F8BB45DC0388318E5B47AA"", ""HSTR-0D91E4B171872EF52ECD4116"", ""HSTR-235E7769F87ABA8643C4B170""]","[0.4246575342465753, 0.38961038961038963, 0.32926829268292684]"
HSTR-16F8AA23A0DCB5FADD7F4E15,HSCF-8CA7CAED3B0BB953018FA3C2053549C544522941CBBE272B2DF4460B9BAEEE17,0,8.37675070980105,5.393023586947295,2.9837271228537547,5.28192138671875,3.0948293230822994,0.11110220022854467,509.994,3.8219,107.49,7.0,0.5157894736842106,0.960840556938126,False,binding_unspecified,chembl_herg_specialized_view,False,False,2,3.979003793119773e-10,1.9895018965598865e-10,0.0,False,False,"[""HSTR-8E1D50677BBE8361FEF1C325"", ""HSTR-6D363B6BE04FA4D798F13CE7"", ""HSTR-D851E6F95AA7649EE18041E9""]","[0.5157894736842106, 0.5104166666666666, 0.5104166666666666]"
HSTR-D0C040A587906EC170DEC241,HSCF-CF79262043049E1962195CCAD2612013D556161223A418F74D8D9378D4ED6F95,1,3.337242168,6.317135324237874,2.9798931562378743,5.992522716522217,2.655280548522217,-0.3246126077156575,473.657,5.2138,66.59,9.0,0.6730769230769231,0.969152967196047,False,unresolved,quantitative_pic50_release,False,False,1,0.0,0.0,0.0,False,False,"[""HSTR-5E1EF62D0F464918F4134C2E"", ""HSTR-78B692210A11293327CB7D4E"", ""HSTR-590E446324B8883408686FD0""]","[0.6730769230769231, 0.6, 0.5818181818181818]"
HSTR-8A71380B9AE980D82C0EA683,HSCF-8CA7CAED3B0BB953018FA3C2053549C544522941CBBE272B2DF4460B9BAEEE17,0,8.537602002050523,5.566093007951153,2.97150899409937,5.338224411010742,3.199377591039781,0.22786859694041084,507.566,3.61602,107.49,7.0,0.6666666666666666,0.960840556938126,False,binding_unspecified,chembl_herg_specialized_view,False,False,2,1.0104450609560445e-10,5.0522253047802224e-11,0.0,False,False,"[""HSTR-046CE5B06A986A77352361E7"", ""HSTR-FF4A5184DEC262F87EFE153E"", ""HSTR-E2B51F72D4AC33AA9BB8D6B8""]","[0.6666666666666666, 0.6521739130434783, 0.6451612903225806]"
HSTR-833DD45C16728A8DB759FAEB,HSCF-F7101EAD3F8F27E1EE6EDF674EF1133FF65E25C71650C862ECA451DAB844A74D,2,8.494850021840048,5.527652897544114,2.967197124295933,5.547454833984375,2.9473951878556726,-0.019801936440260626,374.484,4.06208,65.28,8.0,0.43661971830985913,0.9780001955240021,True,binding_unspecified,chembl_herg_specialized_view,True,False,2,3.199058795644305e-10,1.5995293978221525e-10,0.0,False,False,"[""HSTR-96C42C11EDA205FA63B17BF9"", ""HSTR-915FAE5CD5704952EF8828CE"", ""HSTR-7F24DC792916F5E436666245""]","[0.43661971830985913, 0.43661971830985913, 0.390625]"
HSTR-B619A68EB0BBC5C08292638D,HSCF-C35A2924CC3C30EEED07E705209376850A8491F09C10B98E4299E19F9E1BE8C5,4,8.370590400897282,5.424351129323745,2.9462392715735364,5.359827041625977,3.010763359271305,0.06452408769776863,353.304,1.7874,77.99,7.0,0.5625,0.9905061418310943,False,binding_unspecified,chembl_herg_specialized_view,False,False,3,1.0271783423831948e-10,0.0,1.0,False,False,"[""HSTR-4238B138F13D192036FA1293"", ""HSTR-DD03CB6A3756AAD207E26C15"", ""HSTR-0C12DC89F54EA9286E51D3BB""]","[0.5625, 0.4225352112676056, 0.37142857142857144]"
HSTR-564466D4D8085B32C0F9A194,HSCF-F7101EAD3F8F27E1EE6EDF674EF1133FF65E25C71650C862ECA451DAB844A74D,2,7.41173733174575,4.466151071228086,2.945586260517664,4.644235134124756,2.7675021976209937,-0.17808406289667023,421.537,4.2076,78.79,11.0,0.410958904109589,0.9780001955240021,True,binding_unspecified,chembl_herg_specialized_view,False,False,2,0.005603877491498821,0.0028019387457494105,0.0,True,True,"[""HSTR-96C42C11EDA205FA63B17BF9"", ""HSTR-915FAE5CD5704952EF8828CE"", ""HSTR-EB9FBCBA5BC82ABA4B0BB286""]","[0.410958904109589, 0.410958904109589, 0.3939393939393939]"
HSTR-8C5307C9F37923E94928C893,HSCF-4EB380FE25C5FD6322DF930B1B35E40B75903DFACEDAF2301D76C4404677B6EB,3,9.0,6.060010742073753,2.939989257926247,5.915672779083252,3.084327220916748,0.14433796299050083,402.479,4.31222,93.77,3.0,0.5079365079365079,0.9880827452834966,True,unresolved,quantitative_pic50_release,False,False,1,0.0,0.0,0.0,False,False,"[""HSTR-FF7327F38F8F86FC3602D2BA"", ""HSTR-A1D9C25A075E0EE6F6370E10"", ""HSTR-0AE2FD48D0BAD1D4ED4F2623""]","[0.5079365079365079, 0.27941176470588236, 0.2727272727272727]"
HSTR-6E1AD1351A3DADB704B125C5,HSCF-11A66C77B3EDA7D873691BE3472DE7AF4556B365D02DCC0E60BAAC8B9365964D,1,8.30102999583199,5.39220884877106,2.908821147060931,5.290161609649658,3.0108683861823327,0.10204723912140157,431.448,2.78778,104.8,4.0,0.6956521739130435,0.969152967196047,False,radioligand_binding,chembl_herg_specialized_view,True,False,2,3.360192124546302e-10,1.680096062273151e-10,0.5,False,False,"[""HSTR-C8962DBAD6FEF8BC5337D08C"", ""HSTR-282D5DC7CF5B2CEC817B33C2"", ""HSTR-8147CC2A92D1B559B6E6C270""]","[0.6956521739130435, 0.6266666666666667, 0.5753424657534246]"
HSTR-245278D736CDF720661383F7,HSCF-34D7D01CB935D3CB2EF0F6FC6056BF31C43968412BEC435FE6C2EF98B2D52E34,1,7.522878745140169,4.61778381595563,2.9050949291845383,4.712859630584717,2.810019114555452,-0.09507581462908643,233.654,3.491,54.0,2.0,0.32727272727272727,0.969152967196047,True,patch_clamp_electrophysiology,chembl_herg_specialized_view,False,False,2,2.8033753096678993e-10,1.4016876548339496e-10,0.5,False,False,"[""HSTR-A6EAF92689B25AA0428F548C"", ""HSTR-722D6D0FC526DDFBE9DDA691"", ""HSTR-15A8DD95544AE11145B38138""]","[0.32727272727272727, 0.2833333333333333, 0.2711864406779661]"
HSTR-CFEE568CD609DCB23CF09985,HSCF-8CA7CAED3B0BB953018FA3C2053549C544522941CBBE272B2DF4460B9BAEEE17,0,8.28316307649887,5.380297001297717,2.9028660752011524,5.3203911781311035,2.962771898367766,0.059905823166613636,489.576,3.47692,107.49,7.0,0.5666666666666667,0.960840556938126,False,binding_unspecified,chembl_herg_specialized_view,False,False,2,0.0016671590022614424,0.0008335795011307212,0.0,True,True,"[""HSTR-8E1D50677BBE8361FEF1C325"", ""HSTR-DC76CFB0D7B48B99C8BEFE7E"", ""HSTR-046CE5B06A986A77352361E7""]","[0.5666666666666667, 0.5434782608695652, 0.5425531914893617]"
HSTR-2573357F96C24EAE8E2CA332,HSCF-11A66C77B3EDA7D873691BE3472DE7AF4556B365D02DCC0E60BAAC8B9365964D,1,8.207608310750873,5.306467275244894,2.9011410355059786,5.176427364349365,3.0311809464015074,0.1300399108955288,442.418,3.1943,81.01,4.0,0.7384615384615385,0.969152967196047,False,radioligand_binding,chembl_herg_specialized_view,False,False,2,4.982538825970551e-10,2.4912694129852753e-10,0.5,False,False,"[""HSTR-C8962DBAD6FEF8BC5337D08C"", ""HSTR-04F05733EC142CFAFDD117DA"", ""HSTR-8147CC2A92D1B559B6E6C270""]","[0.7384615384615385, 0.6142857142857143, 0.6086956521739131]"
HSTR-43DA1CA0166938ECC909C7D4,HSCF-8CA7CAED3B0BB953018FA3C2053549C544522941CBBE272B2DF4460B9BAEEE17,0,8.308478500361385,5.4240579801320505,2.8844205202293347,5.293868541717529,3.014609958643856,0.13018943841452124,479.968,3.8133,98.26,6.0,0.5555555555555556,0.960840556938126,False,binding_unspecified,chembl_herg_specialized_view,True,False,2,0.002650839277229977,0.0013254196386149886,0.0,True,True,"[""HSTR-D851E6F95AA7649EE18041E9"", ""HSTR-FF4A5184DEC262F87EFE153E"", ""HSTR-046CE5B06A986A77352361E7""]","[0.5555555555555556, 0.5425531914893617, 0.5376344086021505]"
HSTR-E0CC1358486FFAF80441FFAF,HSCF-11A66C77B3EDA7D873691BE3472DE7AF4556B365D02DCC0E60BAAC8B9365964D,1,8.130768280134511,5.256464755073213,2.874303525061298,5.229783535003662,2.900984745130849,0.02668122006955098,434.492,3.4785,81.01,5.0,0.7272727272727273,0.969152967196047,False,radioligand_binding,chembl_herg_specialized_view,True,False,2,2.6902391425664973e-10,1.3451195712832487e-10,0.5,False,False,"[""HSTR-C8962DBAD6FEF8BC5337D08C"", ""HSTR-8147CC2A92D1B559B6E6C270"", ""HSTR-7894523C57FE7A38B30DE34A""]","[0.7272727272727273, 0.6231884057971014, 0.6216216216216216]"
HSTR-2396C83C7C3D0395B111BC0C,HSCF-D80BF97B2DFB1C1A48C156E389388AB7819EF5CDA7A8CDC3B85AC7525BC68135,1,9.387216143,6.51504290319933,2.87217323980067,6.227431774139404,3.1597843688605955,0.2876111290599255,375.472,4.0388,39.52,4.0,0.6166666666666667,0.969152967196047,True,unresolved,quantitative_pic50_release,False,False,1,0.0,0.0,0.0,False,False,"[""HSTR-3EF02905EEF9D9BD1F0B42C3"", ""HSTR-60E00CFAD5D2FDB7A22C5CF1"", ""HSTR-B1D61224F29384F5A7971461""]","[0.6166666666666667, 0.3442622950819672, 0.3287671232876712]"
HSTR-05380029FC9930CE88407FAD,HSCF-A29E48D360741CD8FF96B77E0AB5968F4133DFFC29A2BBE3BB05AA9CEB9E0CB7,4,8.374687549019164,5.504213299525629,2.870474249493535,5.392769813537598,2.9819177354815665,0.11144348598803155,367.342,4.7184,21.7,5.0,0.559322033898305,0.9905061418310943,False,patch_clamp_electrophysiology,chembl_herg_specialized_view,False,False,2,3.8324898810060404e-11,1.9162449405030202e-11,2.0,False,False,"[""HSTR-002A541614AA1E58DE9D270D"", ""HSTR-08A3B7D5B237CF7BE1751D95"", ""HSTR-6B4725F2926956D261D0ED2C""]","[0.559322033898305, 0.53125, 0.5238095238095238]"
HSTR-6AEFFE8439A34348BA5E9368,HSCF-C35A2924CC3C30EEED07E705209376850A8491F09C10B98E4299E19F9E1BE8C5,4,8.614393726401687,5.754331325712734,2.8600624006889532,5.7460174560546875,2.8683762703469995,0.008313869658046258,337.761,3.6655,48.53,5.0,0.4426229508196721,0.9905061418310943,True,binding_unspecified,chembl_herg_specialized_view,False,False,3,4.0168757209357864e-10,0.0,1.0,False,False,"[""HSTR-A7255C4A611C5982B87FBECC"", ""HSTR-4238B138F13D192036FA1293"", ""HSTR-DD03CB6A3756AAD207E26C15""]","[0.4426229508196721, 0.43283582089552236, 0.4264705882352941]"
HSTR-A14EACE6191A2DCB992A0A81,HSCF-11A66C77B3EDA7D873691BE3472DE7AF4556B365D02DCC0E60BAAC8B9365964D,1,8.602059991163982,5.743511004778051,2.858548986385931,5.5059309005737305,3.096129090590251,0.23758010420432019,485.334,3.6786,81.01,4.0,0.7272727272727273,0.969152967196047,True,radioligand_binding,chembl_herg_specialized_view,True,False,2,3.2796165783111064e-10,1.6398082891555532e-10,0.5,False,False,"[""HSTR-C8962DBAD6FEF8BC5337D08C"", ""HSTR-F1701F86F06E8F62B942F385"", ""HSTR-8147CC2A92D1B559B6E6C270""]","[0.7272727272727273, 0.6111111111111112, 0.6]"
HSTR-AE2510EE8F8A313E52BAA351,HSCF-42C576D18597395848E60916463D53D537E2B38A19C94201D5839EA54D8AA6AD,1,7.759450752,4.903455835988014,2.855994916011986,4.881492614746094,2.8779581372539065,0.021963221241920294,423.539,1.609,119.67,8.0,0.6301369863013698,0.969152967196047,False,unresolved,quantitative_pic50_release,True,True,1,0.0,0.0,0.0,False,False,"[""HSTR-F24CFA64D78D5A55ABB56644"", ""HSTR-4DD8897C47B2014A29BDA754"", ""HSTR-E0A63961AA53627DB52CB006""]","[0.6301369863013698, 0.5194805194805194, 0.4166666666666667]"
HSTR-FB3E055A794D6FDBCD38F679,HSCF-11A66C77B3EDA7D873691BE3472DE7AF4556B365D02DCC0E60BAAC8B9365964D,1,8.2518119729969,5.402768222751517,2.849043750245384,5.250870704650879,3.000941268346022,0.1518975181006379,460.408,3.648,81.01,4.0,0.7846153846153846,0.969152967196047,False,radioligand_binding,chembl_herg_specialized_view,True,True,2,6.201261726346274e-12,3.100630863173137e-12,0.5,False,False,"[""HSTR-C8962DBAD6FEF8BC5337D08C"", ""HSTR-8147CC2A92D1B559B6E6C270"", ""HSTR-FA320EDD61D5B07A4D8AC495""]","[0.7846153846153846, 0.7272727272727273, 0.7246376811594203]"
HSTR-C2789450CB09B2F776246A5A,HSCF-AB151C259C9CC9CECA5E32A5CB06CBE36F21B0E4661B5E2DACED25F6320B54BF,0,5.267606240177031,8.100557493710703,2.832951253533672,6.9720869064331055,1.7044806662560745,-1.1284705872775973,501.597,5.0184,56.42,9.0,0.7590361445783133,0.960840556938126,True,patch_clamp_electrophysiology,chembl_herg_specialized_view,True,True,3,3.3174204120291817,1.7703083443620926e-10,2.3333333333333335,True,True,"[""HSTR-7DC712C54962A6E72C024932"", ""HSTR-83C77AC8F0FFE8900265652C"", ""HSTR-F3F3E1CB1D674937746D67A8""]","[0.7590361445783133, 0.6627906976744186, 0.6428571428571429]"
HSTR-E4FCFF6B6FCC1A78BE6598A8,HSCF-8C45B2A55C37A9C79C2782776B424568DE037A6C454DBCDE50D272A3429AAB6E,1,8.0,5.172750980876786,2.8272490191232142,5.103825569152832,2.896174430847168,0.06892541172395372,416.378,3.5987,59.28,4.0,0.5714285714285714,0.969152967196047,False,unresolved,quantitative_pic50_release,True,True,1,0.0,0.0,0.0,False,False,"[""HSTR-D2AD7AD918031AEBD95E459A"", ""HSTR-B7BB2CBD47E31447E7D9DCCE"", ""HSTR-3BB6095F46F3B45AEC61DD6D""]","[0.5714285714285714, 0.5606060606060606, 0.5454545454545454]"
HSTR-AD101337C2A1ECD164A0246B,HSCF-11A66C77B3EDA7D873691BE3472DE7AF4556B365D02DCC0E60BAAC8B9365964D,1,8.173925197149586,5.351893978517906,2.82203121863168,5.239719867706299,2.9342053294432873,0.11217411081160744,406.438,2.9161,81.01,4.0,0.7076923076923077,0.969152967196047,False,radioligand_binding,chembl_herg_specialized_view,False,False,2,2.991722425349508e-10,1.495861212674754e-10,0.5,False,False,"[""HSTR-C8962DBAD6FEF8BC5337D08C"", ""HSTR-F583E087D94795E15CD39C6C"", ""HSTR-8147CC2A92D1B559B6E6C270""]","[0.7076923076923077, 0.5942028985507246, 0.5797101449275363]"
HSTR-3C0CFB1484C536635D8E75BB,HSCF-8CA7CAED3B0BB953018FA3C2053549C544522941CBBE272B2DF4460B9BAEEE17,0,8.077017119258198,5.267603115615693,2.8094140036425044,5.182713508605957,2.8943036106522406,0.08488960700973625,506.582,3.365,101.5,7.0,0.7209302325581395,0.960840556938126,False,binding_unspecified,chembl_herg_specialized_view,True,True,2,0.0025928105163988135,0.0012964052581994068,0.0,True,True,"[""HSTR-046CE5B06A986A77352361E7"", ""HSTR-8353C3E54BD25DC250B65B30"", ""HSTR-41C14C453A1725A11796CF67""]","[0.7209302325581395, 0.7078651685393258, 0.7078651685393258]"
HSTR-96BEBB6423147265587E8AAD,HSCF-D2F2809922CC41AC5A2AF59789CF31985DF0D40CA477B975ED239CFB8058D6B0,4,7.659952682338607,4.862916983527742,2.7970356988108644,4.913680553436279,2.7462721289023273,-0.05076356990853714,427.401,5.64882,46.4,4.0,0.5735294117647058,0.9905061418310943,False,patch_clamp_electrophysiology,chembl_herg_specialized_view,False,False,1,0.0,0.0,2.0,False,False,"[""HSTR-435EED0DFB68EE1DD3D15D0F"", ""HSTR-A6C8CEFE99A714E67EE70F3A"", ""HSTR-6F9B9D24CAEC7BF29F79FEF0""]","[0.5735294117647058, 0.5454545454545454, 0.5416666666666666]"
HSTR-5072A850B95A8CC86B87AFCE,HSCF-8CA7CAED3B0BB953018FA3C2053549C544522941CBBE272B2DF4460B9BAEEE17,0,8.056754637488844,5.264138493601413,2.7926161438874306,5.201292514801025,2.8554621226878183,0.06284597880038767,521.549,3.0856,124.56,7.0,0.735632183908046,0.960840556938126,False,binding_unspecified,chembl_herg_specialized_view,True,True,2,0.002474618977686305,0.0012373094888431524,0.0,True,True,"[""HSTR-046CE5B06A986A77352361E7"", ""HSTR-FF4A5184DEC262F87EFE153E"", ""HSTR-E2B51F72D4AC33AA9BB8D6B8""]","[0.735632183908046, 0.7191011235955056, 0.6923076923076923]"
HSTR-CA3E92CAB5B213A77331AC98,HSCF-8CA7CAED3B0BB953018FA3C2053549C544522941CBBE272B2DF4460B9BAEEE17,0,7.9140490546579505,5.127296174045319,2.7867528806126316,5.025315284729004,2.8887337699289466,0.101980889316315,555.632,3.01092,132.4,7.0,0.6063829787234043,0.960840556938126,False,binding_unspecified,chembl_herg_specialized_view,True,False,2,0.013539398684098813,0.006769699342049407,0.0,True,True,"[""HSTR-046CE5B06A986A77352361E7"", ""HSTR-FF4A5184DEC262F87EFE153E"", ""HSTR-DC76CFB0D7B48B99C8BEFE7E""]","[0.6063829787234043, 0.59375, 0.5913978494623656]"
HSTR-453DAF794583025A73982D4D,HSCF-C35A2924CC3C30EEED07E705209376850A8491F09C10B98E4299E19F9E1BE8C5,4,8.735182176990463,5.949309356768382,2.785872820222081,5.80277156829834,2.9324106086921233,0.1465377884700425,301.781,3.03632,48.53,4.0,0.47368421052631576,0.9905061418310943,True,binding_unspecified,chembl_herg_specialized_view,False,False,3,9.537259870739945e-12,0.0,1.0,False,False,"[""HSTR-A7255C4A611C5982B87FBECC"", ""HSTR-0C12DC89F54EA9286E51D3BB"", ""HSTR-4238B138F13D192036FA1293""]","[0.47368421052631576, 0.4666666666666667, 0.4603174603174603]"
HSTR-705F66A619EFEFE26A996039,HSCF-3167F87EA6F3059347F114386367859E5E0636A88B36D8EC1AFBDC30C5E97636,4,6.0,3.2231226188204225,2.7768773811795775,3.7696235179901123,2.2303764820098877,-0.5465008991696898,691.862,5.2695,134.16,10.0,0.8421052631578947,0.9905061418310943,True,unresolved,quantitative_pic50_release,False,False,1,0.0,0.0,0.0,False,False,"[""HSTR-6A48893997D47BBEEB0A7318"", ""HSTR-5355EF36D039AA42623867F7"", ""HSTR-0DC3BB0283A715311B67C0D2""]","[0.8421052631578947, 0.6226415094339622, 0.5663716814159292]"
HSTR-5A12F32AD56B16CFAC8853B8,HSCF-AB151C259C9CC9CECA5E32A5CB06CBE36F21B0E4661B5E2DACED25F6320B54BF,0,5.107905397309519,7.881613833390159,2.77370843608064,6.929769515991211,1.8218641186816917,-0.9518443173989484,505.56,4.9255,56.42,8.0,0.7682926829268293,0.960840556938126,True,patch_clamp_electrophysiology,chembl_herg_specialized_view,True,True,3,3.136219747327509,3.0951952112445724e-10,2.3333333333333335,True,True,"[""HSTR-7DC712C54962A6E72C024932"", ""HSTR-F3F3E1CB1D674937746D67A8"", ""HSTR-83C77AC8F0FFE8900265652C""]","[0.7682926829268293, 0.7125, 0.6705882352941176]"
HSTR-DBCFB32DEFAB8E9A1471FE57,HSCF-C35A2924CC3C30EEED07E705209376850A8491F09C10B98E4299E19F9E1BE8C5,4,8.280668713016274,5.507932480035407,2.7727362329808667,5.640292167663574,2.6403765453526997,-0.13235968762816697,351.788,4.2265,48.53,5.0,0.45901639344262296,0.9905061418310943,True,binding_unspecified,chembl_herg_specialized_view,False,False,3,1.6273205005745695e-11,0.0,1.0,False,False,"[""HSTR-5864C79CC11FE579182A7F75"", ""HSTR-0C12DC89F54EA9286E51D3BB"", ""HSTR-D5FF29638250FBDC992E5838""]","[0.45901639344262296, 0.4153846153846154, 0.4126984126984127]"
HSTR-5C792AEE6F50E06BD8D873CB,HSCF-22ECFC8B52732A738EFC7403F6C1AF6CBC3CDC2C4713B6E9C5561A72F50D6CB8,1,8.301029996,5.529361969624017,2.771668026375983,5.613957405090332,2.6870725909096684,-0.08459543546631476,310.466,4.5522,16.13,5.0,0.6666666666666666,0.969152967196047,False,unresolved,quantitative_pic50_release,True,True,1,0.0,0.0,0.0,False,False,"[""HSTR-7777E28189C515229E6EBF59"", ""HSTR-C61E5A3B4E5350F4511746E9"", ""HSTR-9BFBA041EB6CFC8D3EBB588B""]","[0.6666666666666666, 0.6470588235294118, 0.6470588235294118]"
HSTR-149FC48477594564E5F283FF,HSCF-CB7EACAC36048A5A6E3702A44197BF2F7A078D992DE296EACF46386074A35D98,3,8.48148606,5.711492583382725,2.769993476617275,5.664475917816162,2.817010142183838,0.04701666556656292,285.387,3.2485,21.7,8.0,0.47619047619047616,0.9880827452834966,True,unresolved,quantitative_pic50_release,True,False,1,0.0,0.0,0.0,False,False,"[""HSTR-1C45369AD41C3293B1C15974"", ""HSTR-B79EAD9331239ABD3CA5B31D"", ""HSTR-272DC1DF07C5A3494A744CAA""]","[0.47619047619047616, 0.46808510638297873, 0.4423076923076923]"
HSTR-E03072E18609220BFFF3073A,HSCF-B664162B9443A4D7AD6C087738BD3FB42869FD5084978AC5047A2E265E1379D3,0,9.408935393,6.648634521683084,2.7603008713169164,6.535841941833496,2.873093451166504,0.11279257984958768,590.64,3.0021,186.87,13.0,0.5245901639344263,0.960840556938126,True,unresolved,quantitative_pic50_release,True,True,1,0.0,0.0,0.0,False,False,"[""HSTR-5D8C164A5C3492D70E69E774"", ""HSTR-358BA6E1717608E15BA73351"", ""HSTR-272DC1DF07C5A3494A744CAA""]","[0.5245901639344263, 0.49230769230769234, 0.47761194029850745]"
HSTR-9AEE5C68574BDA6821C40B7D,HSCF-AB151C259C9CC9CECA5E32A5CB06CBE36F21B0E4661B5E2DACED25F6320B54BF,0,4.958607314920887,7.695984505303117,2.7373771903822295,6.596013069152832,1.6374057542319447,-1.0999714361502848,517.596,3.9908,76.65,10.0,0.7804878048780488,0.960840556938126,True,patch_clamp_electrophysiology,chembl_herg_specialized_view,True,True,2,1.582254327558985e-10,7.911271637794925e-11,1.5,False,False,"[""HSTR-83C77AC8F0FFE8900265652C"", ""HSTR-7DC712C54962A6E72C024932"", ""HSTR-F3F3E1CB1D674937746D67A8""]","[0.7804878048780488, 0.7325581395348837, 0.6206896551724138]"
HSTR-6C05381F405BE932EF4A90F3,HSCF-A0F71BA9C94F588D20646F67CD30A93AB4CEAD107C3C9E1D99C11E49ACF3FA50,1,7.832682665125912,5.09573984985668,2.7369428152692317,5.108028411865234,2.7246542532606775,-0.012288562008554216,428.435,3.4742,71.78,5.0,0.6666666666666666,0.969152967196047,False,radioligand_binding,chembl_herg_specialized_view,True,True,2,2.518234509807371e-10,1.2591172549036855e-10,0.5,False,False,"[""HSTR-471A8231B1262864A5B900F7"", ""HSTR-8147CC2A92D1B559B6E6C270"", ""HSTR-FCB179928B21490575D3A8F7""]","[0.6666666666666666, 0.6428571428571429, 0.6338028169014085]"
HSTR-99919E3A8FD0032C849381D8,HSCF-A0F71BA9C94F588D20646F67CD30A93AB4CEAD107C3C9E1D99C11E49ACF3FA50,1,7.982966660850609,5.253400582761183,2.7295660780894258,5.316517353057861,2.666449307792748,-0.06311677029667795,410.445,3.3351,71.78,5.0,0.7014925373134329,0.969152967196047,False,radioligand_binding,chembl_herg_specialized_view,True,True,2,2.9878055585186303e-10,1.4939027792593151e-10,0.5,False,False,"[""HSTR-8147CC2A92D1B559B6E6C270"", ""HSTR-FCB179928B21490575D3A8F7"", ""HSTR-C8962DBAD6FEF8BC5337D08C""]","[0.7014925373134329, 0.6911764705882353, 0.6811594202898551]"
HSTR-28FCF91EBC6E2474C97F9FFE,HSCF-0690154230848E79114D460FDD68E51C877167ADC6F5C7B84F962A5AD85E6F95,2,2.657577319,5.386351549410701,2.728774230410701,5.369298458099365,2.711721139099365,-0.017053091311336033,303.764,4.8664,25.16,3.0,0.4727272727272727,0.9780001955240021,True,unresolved,quantitative_pic50_release,True,True,1,0.0,0.0,0.0,False,False,"[""HSTR-D0B12A9A8CC73D3F3855A615"", ""HSTR-35D83AD6A7E92B5976838BBE"", ""HSTR-94C43ABA50E347EFA2882171""]","[0.4727272727272727, 0.4727272727272727, 0.39705882352941174]"
HSTR-B1283710B0D727358E63BB80,HSCF-A0F71BA9C94F588D20646F67CD30A93AB4CEAD107C3C9E1D99C11E49ACF3FA50,1,7.3214816209598865,4.594977702149237,2.72650391881065,4.797321319580078,2.5241603013798084,-0.2023436174308415,437.471,3.2849,91.65,5.0,0.7230769230769231,0.969152967196047,False,radioligand_binding,chembl_herg_specialized_view,True,True,3,3.0000000000401146,4.0113690147336456e-11,0.3333333333333333,True,True,"[""HSTR-8147CC2A92D1B559B6E6C270"", ""HSTR-FCB179928B21490575D3A8F7"", ""HSTR-C8962DBAD6FEF8BC5337D08C""]","[0.7230769230769231, 0.7121212121212122, 0.7014925373134329]"
HSTR-EE65B4004549FB6C858C1B5C,HSCF-34D7D01CB935D3CB2EF0F6FC6056BF31C43968412BEC435FE6C2EF98B2D52E34,1,7.522878745140169,4.796426935454056,2.726451809686113,4.731233596801758,2.791645148338411,0.06519333865229804,199.209,2.8376,54.0,2.0,0.3148148148148148,0.969152967196047,True,patch_clamp_electrophysiology,chembl_herg_specialized_view,False,False,2,2.8033753096678993e-10,1.4016876548339496e-10,0.5,False,False,"[""HSTR-E83D4C85C64416381FFA76F0"", ""HSTR-DBB2EE1F582D0BC215F82825"", ""HSTR-4DCFF28DFA5857B0A3C520F7""]","[0.3148148148148148, 0.28, 0.27419354838709675]"
HSTR-7863E905D00A181E112CD7CD,HSCF-8CA7CAED3B0BB953018FA3C2053549C544522941CBBE272B2DF4460B9BAEEE17,0,8.103199088320467,5.38096671643532,2.7222323718851476,5.323144435882568,2.780054652437899,0.057822280552751515,547.612,3.3452,133.79,9.0,0.5306122448979592,0.960840556938126,False,binding_unspecified,chembl_herg_specialized_view,False,False,2,0.0016523586409356028,0.0008261793204678014,0.0,True,True,"[""HSTR-8E1D50677BBE8361FEF1C325"", ""HSTR-3DF04B68C666A95D957296E2"", ""HSTR-046CE5B06A986A77352361E7""]","[0.5306122448979592, 0.52, 0.49514563106796117]"
HSTR-DFBC7A42124ADC0021BFC2D5,HSCF-C35A2924CC3C30EEED07E705209376850A8491F09C10B98E4299E19F9E1BE8C5,4,8.785156151952302,6.066736303295813,2.718419848656489,5.914588451385498,2.870567700566804,0.152147851910315,287.754,2.78234,48.53,3.0,0.6037735849056604,0.9905061418310943,False,binding_unspecified,chembl_herg_specialized_view,True,False,3,4.7698733851575525e-11,0.0,1.0,False,False,"[""HSTR-0C12DC89F54EA9286E51D3BB"", ""HSTR-1A101E5153ADB1D9A8C153E5"", ""HSTR-7F36E5D0D7D70555F0BF86BB""]","[0.6037735849056604, 0.48333333333333334, 0.4827586206896552]"
HSTR-FC8AC7690956749B76959DDA,HSCF-0690154230848E79114D460FDD68E51C877167ADC6F5C7B84F962A5AD85E6F95,2,7.958607314920887,5.251350907653864,2.7072564072670238,5.309344291687012,2.6492630232338756,-0.05799338403314813,288.753,4.489,8.17,2.0,0.5306122448979592,0.9780001955240021,False,binding_unspecified,chembl_herg_specialized_view,True,True,2,1.582254327558985e-10,7.911271637794925e-11,0.0,False,False,"[""HSTR-D0B12A9A8CC73D3F3855A615"", ""HSTR-35D83AD6A7E92B5976838BBE"", ""HSTR-6800F07CEA4EBE9CA8889D75""]","[0.5306122448979592, 0.5306122448979592, 0.4423076923076923]"
HSTR-F3A1F8760D1EFDA7DEB32C08,HSCF-DB94641920CE31AF05F05644C98E5F57A55146F750736300BAC584C0216DCE73,3,8.0,5.298405244184751,2.7015947558152487,5.414061546325684,2.5859384536743164,-0.11565630214093225,517.653,4.11872,79.18,7.0,0.7530864197530864,0.9880827452834966,False,radioligand_binding,chembl_herg_specialized_view,False,False,2,0.0,0.0,1.0,False,False,"[""HSTR-BBB05C3F2AB15DE541313076"", ""HSTR-ED1E5B06175BAAACFB9B7D22"", ""HSTR-0B920767F78E133AEB622EA0""]","[0.7530864197530864, 0.7530864197530864, 0.7261904761904762]"
HSTR-D0B12A9A8CC73D3F3855A615,HSCF-BA63237933914276F3F1C434FE56B6B95602533E25432C706D8BECD622359878,4,3.690369833,6.3897812192909695,2.6994113862909694,6.14046573638916,2.45009590338916,-0.24931548290180938,327.81,4.9048,19.03,2.0,0.7446808510638298,0.9905061418310943,True,unresolved,quantitative_pic50_release,True,True,1,0.0,0.0,0.0,False,False,"[""HSTR-35D83AD6A7E92B5976838BBE"", ""HSTR-6800F07CEA4EBE9CA8889D75"", ""HSTR-94C43ABA50E347EFA2882171""]","[0.7446808510638298, 0.6078431372549019, 0.5737704918032787]"
HSTR-F54B313D83987BA6122A6678,HSCF-08A75A4A2BD0F4DA7A07292324A23816A3A963AE178CB043CD05D2949D20DEB7,3,8.318758763,5.621744932301537,2.697013830698463,5.356176853179932,2.9625819098200683,0.2655680791216053,357.207,4.0148,51.22,4.0,0.5254237288135594,0.9880827452834966,False,unresolved,quantitative_pic50_release,False,False,1,0.0,0.0,0.0,False,False,"[""HSTR-019732545D8042ED89FE41B2"", ""HSTR-8D10D764A8BE8F39FD519A28"", ""HSTR-F12B43C5935DF5B8F742BD69""]","[0.5254237288135594, 0.46153846153846156, 0.46153846153846156]"
HSTR-1931F0B2951E157E556C9D03,HSCF-DB94641920CE31AF05F05644C98E5F57A55146F750736300BAC584C0216DCE73,3,8.0,5.305616261478695,2.6943837385213047,5.414061546325684,2.5859384536743164,-0.10844528484698834,517.653,4.11872,79.18,7.0,0.7530864197530864,0.9880827452834966,False,unresolved,quantitative_pic50_release,False,False,1,0.0,0.0,0.0,False,False,"[""HSTR-BBB05C3F2AB15DE541313076"", ""HSTR-ED1E5B06175BAAACFB9B7D22"", ""HSTR-0B920767F78E133AEB622EA0""]","[0.7530864197530864, 0.7530864197530864, 0.7261904761904762]"
HSTR-0985419193B745C87AD754B5,HSCF-CB7EACAC36048A5A6E3702A44197BF2F7A078D992DE296EACF46386074A35D98,3,8.508638306,5.817069132016474,2.6915691739835257,5.788965702056885,2.719672603943115,0.028103429959589477,289.806,3.8933,12.47,7.0,0.46511627906976744,0.9880827452834966,True,unresolved,quantitative_pic50_release,True,False,1,0.0,0.0,0.0,False,False,"[""HSTR-1C45369AD41C3293B1C15974"", ""HSTR-B79EAD9331239ABD3CA5B31D"", ""HSTR-272DC1DF07C5A3494A744CAA""]","[0.46511627906976744, 0.4583333333333333, 0.4339622641509434]"
HSTR-34B23C329BE1BF4A520051FE,HSCF-34D7D01CB935D3CB2EF0F6FC6056BF31C43968412BEC435FE6C2EF98B2D52E34,1,7.522878745140169,4.833900516843894,2.688978228296275,4.7839202880859375,2.738958457054231,0.04998022875795627,213.236,3.14602,54.0,2.0,0.33962264150943394,0.969152967196047,True,patch_clamp_electrophysiology,chembl_herg_specialized_view,False,False,2,2.8033753096678993e-10,1.4016876548339496e-10,0.5,False,False,"[""HSTR-C560337C1B0EBA1448464456"", ""HSTR-5760A5B579597BAEB86A3D0C"", ""HSTR-039A4F3FDAF9FDE989551EC4""]","[0.33962264150943394, 0.3333333333333333, 0.32075471698113206]"
HSTR-787FD0762D7420B164515DA8,HSCF-7ED033A5CA022DB498D05E3EE3711243F46F3928984FDB9BB726634CCBF79BFB,2,4.795880017344075,7.484678472541924,2.6887984551978494,7.133067607879639,2.3371875905355637,-0.35161086466228575,480.607,4.276,51.29,8.0,0.7894736842105263,0.9780001955240021,True,patch_clamp_electrophysiology,chembl_herg_specialized_view,True,True,3,3.5051499786639813,3.440749907213103e-10,2.3333333333333335,True,True,"[""HSTR-9A242B76CA6288F4188DEF68"", ""HSTR-3DC92946A8F37883941D682F"", ""HSTR-A20DB7E05B7263BEBF7BBA73""]","[0.7894736842105263, 0.7894736842105263, 0.6144578313253012]"
HSTR-E2B38DEC41F40F27C1CD6C45,HSCF-11A66C77B3EDA7D873691BE3472DE7AF4556B365D02DCC0E60BAAC8B9365964D,1,8.397940008672037,5.709232219481348,2.6887077891906896,5.351312637329102,3.046627371342936,0.3579195821522463,424.428,3.0552,81.01,4.0,0.78125,0.969152967196047,True,radioligand_binding,chembl_herg_specialized_view,False,False,3,3.5740312680556805,3.2796165783111064e-10,0.3333333333333333,True,True,"[""HSTR-C8962DBAD6FEF8BC5337D08C"", ""HSTR-8147CC2A92D1B559B6E6C270"", ""HSTR-5F8A14B927B6B76B527D7E7A""]","[0.78125, 0.6716417910447762, 0.647887323943662]"
HSTR-F5F994C4324D13D99C23AAF9,HSCF-F7101EAD3F8F27E1EE6EDF674EF1133FF65E25C71650C862ECA451DAB844A74D,2,7.483469153669857,4.795185645340545,2.688283508329312,4.838773250579834,2.644695903090023,-0.043587605239289395,446.547,4.07928,102.58,11.0,0.38271604938271603,0.9780001955240021,True,binding_unspecified,chembl_herg_specialized_view,True,False,2,0.003966187339713656,0.001983093669856828,0.0,True,True,"[""HSTR-915FAE5CD5704952EF8828CE"", ""HSTR-96C42C11EDA205FA63B17BF9"", ""HSTR-67540AE0077A597B7EB4CC57""]","[0.38271604938271603, 0.38271604938271603, 0.3368421052631579]"
HSTR-2B5B7E7A14C102E65D948843,HSCF-C35A2924CC3C30EEED07E705209376850A8491F09C10B98E4299E19F9E1BE8C5,4,8.220403508742175,5.546423390973637,2.6739801177685374,5.539426326751709,2.6809771819904658,0.006997064221928362,371.75,3.2789,57.76,7.0,0.5538461538461539,0.9905061418310943,True,binding_unspecified,chembl_herg_specialized_view,True,False,3,2.5782576074107055e-10,0.0,1.0,False,False,"[""HSTR-DD03CB6A3756AAD207E26C15"", ""HSTR-4238B138F13D192036FA1293"", ""HSTR-1204C79159ADD5551213E5C4""]","[0.5538461538461539, 0.4492753623188406, 0.4142857142857143]"
HSTR-4135C9178A67AC3D8CCA5616,HSCF-CB7EACAC36048A5A6E3702A44197BF2F7A078D992DE296EACF46386074A35D98,3,8.619788758,5.947769607120091,2.672019150879909,6.027160167694092,2.5926285903059085,-0.07939056057400062,324.251,4.5467,12.47,7.0,0.42105263157894735,0.9880827452834966,True,unresolved,quantitative_pic50_release,True,False,1,0.0,0.0,0.0,False,False,"[""HSTR-2FC5A8D02884108F161F48F5"", ""HSTR-7A28D2A49F6C80E95E77AC0F"", ""HSTR-1C45369AD41C3293B1C15974""]","[0.42105263157894735, 0.40816326530612246, 0.40425531914893614]"
HSTR-0A37BA56510C5A62C11B96B7,HSCF-8CA7CAED3B0BB953018FA3C2053549C544522941CBBE272B2DF4460B9BAEEE17,0,7.8552724170039765,5.191112352310218,2.6641600646937587,5.141567230224609,2.713705186779367,0.04954512208560846,523.565,3.3162,116.72,8.0,0.6853932584269663,0.960840556938126,False,binding_unspecified,chembl_herg_specialized_view,True,False,2,0.002800906007953685,0.0014004530039768426,0.0,True,True,"[""HSTR-046CE5B06A986A77352361E7"", ""HSTR-FF4A5184DEC262F87EFE153E"", ""HSTR-E2B51F72D4AC33AA9BB8D6B8""]","[0.6853932584269663, 0.6703296703296703, 0.6630434782608695]"
HSTR-C2205DED3BEA689F68793BEE,HSCF-A0F71BA9C94F588D20646F67CD30A93AB4CEAD107C3C9E1D99C11E49ACF3FA50,1,7.692503962043394,5.03240954758294,2.6600944144604535,5.062469482421875,2.6300344796215187,-0.030059934838934765,422.456,3.5291,79.62,5.0,0.746031746031746,0.969152967196047,False,radioligand_binding,chembl_herg_specialized_view,True,True,2,8.678746610257804e-11,4.339373305128902e-11,0.5,False,False,"[""HSTR-8147CC2A92D1B559B6E6C270"", ""HSTR-FCB179928B21490575D3A8F7"", ""HSTR-C8962DBAD6FEF8BC5337D08C""]","[0.746031746031746, 0.734375, 0.7230769230769231]"
HSTR-2D1253FD6F419584E61B5FA0,HSCF-C35A2924CC3C30EEED07E705209376850A8491F09C10B98E4299E19F9E1BE8C5,4,8.47237009912866,5.813873721221704,2.658496377906957,5.859779357910156,2.6125907412185043,-0.04590563668845249,323.734,3.41152,48.53,4.0,0.5517241379310345,0.9905061418310943,False,binding_unspecified,chembl_herg_specialized_view,False,False,3,1.2865974952092074e-10,0.0,1.0,False,False,"[""HSTR-0C12DC89F54EA9286E51D3BB"", ""HSTR-7F36E5D0D7D70555F0BF86BB"", ""HSTR-1A101E5153ADB1D9A8C153E5""]","[0.5517241379310345, 0.46774193548387094, 0.4461538461538462]"
HSTR-1B80DD694CF7569CB0C452C3,HSCF-BD7D95F8CA3A7A70A483DC3DFE5C33EDA078AEC30CE2107AA9DFBBEA2EBEA022,4,9.142667504,6.484907749752379,2.6577597542476212,6.358382225036621,2.784285278963379,0.12652552471575795,379.46,2.7984,84.66,6.0,0.6964285714285714,0.9905061418310943,True,unresolved,quantitative_pic50_release,True,True,1,0.0,0.0,0.0,False,False,"[""HSTR-AB0EC8F1F39A6FA0F2CB6B8A"", ""HSTR-6014E5A7F836F5F523EF116A"", ""HSTR-0D9CAE7C49EF7733059AD2EB""]","[0.6964285714285714, 0.6964285714285714, 0.6964285714285714]"
HSTR-8C8EDFF586AF4EC886330D10,HSCF-D98F15A80EEE94C591595D090824193A96C011504C73CF2D51EB492BFD028055,2,9.0,6.34586815284526,2.6541318471547397,6.019134044647217,2.980865955352783,0.3267341081980435,433.936,4.028,65.2,6.0,0.7246376811594203,0.9780001955240021,True,unresolved,quantitative_pic50_release,False,True,1,0.0,0.0,0.0,False,False,"[""HSTR-E3316CBA82A4A2E17EDAD962"", ""HSTR-2F22E83964B5F6066A086B9E"", ""HSTR-04A2DA6780B067CB1BE1E14A""]","[0.7246376811594203, 0.4186046511627907, 0.38372093023255816]"
HSTR-314E612D64F12C262C27DB38,HSCF-DB94641920CE31AF05F05644C98E5F57A55146F750736300BAC584C0216DCE73,3,8.0,5.346885537132615,2.653114462867385,5.3644256591796875,2.6355743408203125,-0.017540122047072337,517.653,4.11872,79.18,7.0,0.7530864197530864,0.9880827452834966,False,unresolved,quantitative_pic50_release,False,False,1,0.0,0.0,0.0,False,False,"[""HSTR-D70960B49C9238DD31817B8E"", ""HSTR-846003AE480EB65D0DFB2531"", ""HSTR-A1FD4A533EEA52DDB9A2F872""]","[0.7530864197530864, 0.7261904761904762, 0.7261904761904762]"
HSTR-5225FA087C4D7E1906BBF61C,HSCF-BD7D95F8CA3A7A70A483DC3DFE5C33EDA078AEC30CE2107AA9DFBBEA2EBEA022,4,9.142667503784367,6.489621346331537,2.6530461574528292,6.334268093109131,2.8083994106752357,0.15535325322240645,379.46,2.7984,84.66,6.0,0.6964285714285714,0.9905061418310943,True,binding_unspecified,chembl_herg_specialized_view,True,True,2,4.31269242540111e-10,2.156346212700555e-10,0.0,False,False,"[""HSTR-AB0EC8F1F39A6FA0F2CB6B8A"", ""HSTR-6014E5A7F836F5F523EF116A"", ""HSTR-0D9CAE7C49EF7733059AD2EB""]","[0.6964285714285714, 0.6964285714285714, 0.6964285714285714]"
HSTR-58328FAABA6D85B6C426E870,HSCF-BEEB8C22A3047B5F45A79A2A317596E8E60C3D530317CBD218780EF01CBCC42C,0,4.0,6.6514848007104215,2.6514848007104215,6.354964256286621,2.354964256286621,-0.2965205444238004,457.622,4.5535,63.05,9.0,0.5915492957746479,0.960840556938126,True,unresolved,quantitative_pic50_release,False,False,1,0.0,0.0,0.0,False,False,"[""HSTR-603CD82A37E5D1454C3C4995"", ""HSTR-1B72C7BFC41B1875787CAE4C"", ""HSTR-55590DCD1FD04C0C8E349C59""]","[0.5915492957746479, 0.5492957746478874, 0.4868421052631579]"
HSTR-53CC58A2607A684EF1B4A89F,HSCF-276DEA659CB69FF6B5025BBDB82E83AF18A83CCB3DE25F368E4885083EEB1128,4,1.9240882385172222,4.574616707711795,2.6505284691945725,4.420175075531006,2.4960868370137836,-0.15444163218078888,444.428,5.4592,62.22,5.0,0.4657534246575342,0.9905061418310943,True,binding_unspecified,chembl_herg_specialized_view,False,False,1,0.0,0.0,0.0,False,False,"[""HSTR-9343D8E89DB16AA65821D49F"", ""HSTR-1366E4402F824E67C83D4B9C"", ""HSTR-A91EC8BDBE6670EACDBE703A""]","[0.4657534246575342, 0.4225352112676056, 0.3783783783783784]"
HSTR-97B53551A3604B2BB7549041,HSCF-D98F15A80EEE94C591595D090824193A96C011504C73CF2D51EB492BFD028055,2,9.0,6.350039999549114,2.6499600004508856,6.082084655761719,2.9179153442382812,0.2679553437873956,433.936,4.028,65.2,6.0,0.6956521739130435,0.9780001955240021,True,unresolved,quantitative_pic50_release,False,True,1,0.0,0.0,0.0,False,False,"[""HSTR-E3316CBA82A4A2E17EDAD962"", ""HSTR-04A2DA6780B067CB1BE1E14A"", ""HSTR-2F22E83964B5F6066A086B9E""]","[0.6956521739130435, 0.4268292682926829, 0.3953488372093023]"
HSTR-339562588694392E0B64CC6D,HSCF-0F268913395A41E5441A904057B4FF29E056553EFE408F1AED65DBA254374291,0,7.7958800171720375,5.155542863305263,2.640337153866774,5.045764923095703,2.7501150940763344,0.10977794020956022,508.575,3.715,102.41,6.0,0.6705882352941176,0.960840556938126,False,binding_unspecified,chembl_herg_specialized_view,True,True,2,3.440749907213103e-10,1.7203749536065516e-10,0.0,False,False,"[""HSTR-E7B3D3DD8AAFC70E6D024998"", ""HSTR-CB38B4674EF24C90A1C65CDD"", ""HSTR-B185C9177FC881FA75EE9700""]","[0.6705882352941176, 0.6705882352941176, 0.6511627906976745]"
HSTR-C7C3F23AE2D7CED81C2832C1,HSCF-11A66C77B3EDA7D873691BE3472DE7AF4556B365D02DCC0E60BAAC8B9365964D,1,7.939302159823194,5.310524668838921,2.628777490984273,5.179101467132568,2.760200692690626,0.1314232017063528,436.464,2.9247,90.24,5.0,0.6956521739130435,0.969152967196047,False,radioligand_binding,chembl_herg_specialized_view,True,False,2,3.5361225059205026e-10,1.7680612529602513e-10,0.5,False,False,"[""HSTR-C8962DBAD6FEF8BC5337D08C"", ""HSTR-472DA206A49B22482F526C67"", ""HSTR-8147CC2A92D1B559B6E6C270""]","[0.6956521739130435, 0.6266666666666667, 0.5753424657534246]"
HSTR-0F8D2F52EAB2DA4256FBB9C0,HSCF-A0F71BA9C94F588D20646F67CD30A93AB4CEAD107C3C9E1D99C11E49ACF3FA50,1,7.673664139035624,5.05269970898843,2.620964430047194,5.173288822174072,2.500375316861552,-0.12058911318564203,398.409,3.4656,62.55,4.0,0.7833333333333333,0.969152967196047,False,radioligand_binding,chembl_herg_specialized_view,True,True,2,7.124789647150465e-11,3.562394823575232e-11,0.5,False,False,"[""HSTR-8147CC2A92D1B559B6E6C270"", ""HSTR-FCB179928B21490575D3A8F7"", ""HSTR-C8962DBAD6FEF8BC5337D08C""]","[0.7833333333333333, 0.7704918032786885, 0.7580645161290323]"
HSTR-164D3F06723942BCCA9CC19F,HSCF-126329405E07C30CA64FF0D6190A98E6E75727B86F65BAE0A68CF9C2619E0C2C,0,8.455931956,5.8412586081857425,2.614673347814258,5.753553867340088,2.7023780886599127,0.0877047408456546,318.569,6.3171,3.88,14.0,0.5151515151515151,0.960840556938126,False,unresolved,quantitative_pic50_release,False,False,3,0.8973376580556813,0.2653144429999994,0.6666666666666666,True,True,"[""HSTR-E0ACAB31166E9E060B53AC0B"", ""HSTR-6DDC3F3974BAC4E6E32ED7CC"", ""HSTR-82E474546E26C814422D211B""]","[0.5151515151515151, 0.5, 0.5]"
HSTR-7D581B58C88690ED912668CC,HSCF-533495B4AE40EF4D74C7EBC15BDFE464C9E6C5AAF156A40DE8B511E99CC976FC,2,4.280668713016273,6.8929797828157096,2.6123110697994365,6.419165134429932,2.1384964214136586,-0.4738146483857779,338.745,3.5867,44.87,5.0,0.6909090909090909,0.9780001955240021,True,radioligand_binding,chembl_herg_specialized_view,True,True,3,2.643784325607469,1.6273205005745695e-11,1.6666666666666667,True,True,"[""HSTR-16EB69EDD56467FD056F7E37"", ""HSTR-8243FFA13BCBD7050806C901"", ""HSTR-E61599872C75C3C443600A4F""]","[0.6909090909090909, 0.6785714285714286, 0.6666666666666666]"
HSTR-F85EAAEC0556EA9BA1D15A42,HSCF-83B91D38D3860A1E504435AEAEB8C78E33BDFECFC12FB71CCF2734900B6BBD7A,2,1.204119983,3.8158828213035756,2.6117628383035756,4.0506672859191895,2.8465473029191894,0.23478446461561386,74.147,0.3224,0.0,0.0,0.21428571428571427,0.9780001955240021,True,unresolved,quantitative_pic50_release,False,False,1,0.0,0.0,0.0,False,False,"[""HSTR-67FE9B2B1F34464A517BC02D"", ""HSTR-789CE04CF17C696D8BB94AA1"", ""HSTR-E58FB810A073AECB2A97D274""]","[0.21428571428571427, 0.2, 0.1875]"
HSTR-D856318AD31B882D4F67E0E7,HSCF-E5956BBA4FAA0DAFF25DC59080771EC09373952B542315EFEBC1C311202BB77B,0,7.0,4.388770956127566,2.6112290438724344,4.361825942993164,2.638174057006836,0.026945013134401563,304.346,1.8383,86.71,6.0,0.3492063492063492,0.960840556938126,True,unresolved,quantitative_pic50_release,False,False,1,0.0,0.0,0.0,False,False,"[""HSTR-238A053717B586C64F511DCB"", ""HSTR-A612A1F30D3A1D42C131C700"", ""HSTR-9942DF182CE110E1026C8CD0""]","[0.3492063492063492, 0.3333333333333333, 0.3181818181818182]"
HSTR-AAAA0E872C41A709D833D57D,HSCF-8240273136D970D89ED3EE5714700470A0053120857C5337622C339389B73B71,1,6.386158178,3.775725633360186,2.6104325446398136,3.9621315002441406,2.424026677755859,-0.18640586688395455,835.086,2.1263,215.17,11.0,0.865979381443299,0.969152967196047,False,binding_unspecified,chembl_herg_specialized_view,False,False,3,3.0,1.2393108761443727e-10,0.0,True,True,"[""HSTR-1DA753209BC8DF7B6D644D49"", ""HSTR-F34A1856407E7EFD0E298027"", ""HSTR-BCF0B4AE7D11624540CB9A2E""]","[0.865979381443299, 0.8484848484848485, 0.8316831683168316]"
HSTR-17C0655E3D871EDE1BBBD825,HSCF-D98F15A80EEE94C591595D090824193A96C011504C73CF2D51EB492BFD028055,2,9.0,6.390379086076629,2.6096209139233713,6.2430877685546875,2.7569122314453125,0.14729131752194125,429.973,4.19732,65.2,6.0,0.7246376811594203,0.9780001955240021,True,unresolved,quantitative_pic50_release,False,True,1,0.0,0.0,0.0,False,False,"[""HSTR-E3316CBA82A4A2E17EDAD962"", ""HSTR-3CB9F8498C144D678AE21882"", ""HSTR-22E69DACA537361C33E83753""]","[0.7246376811594203, 0.4230769230769231, 0.3780487804878049]"
HSTR-0558A13E21EA22E76FBC9821,HSCF-5A115CFEC2C81F4CC4C5F10AEB99C59B049E05C3CB3CE6FC7838473ECE4444AE,0,5.13667714,7.744154898263576,2.6074777582635766,7.5017523765563965,2.3650752365563967,-0.2424025217071799,1013.274,5.5454,206.59,17.0,0.9333333333333333,0.960840556938126,False,unresolved,quantitative_pic50_release,False,False,1,0.0,0.0,0.0,False,False,"[""HSTR-7876C52B004D5D251F18BE59"", ""HSTR-FB048B912588A9CD358DF151"", ""HSTR-74DC4589EEE378CE07303669""]","[0.9333333333333333, 0.8468468468468469, 0.831858407079646]"
HSTR-7B25FEBFBC1AD4D11FF24903,HSCF-8CA7CAED3B0BB953018FA3C2053549C544522941CBBE272B2DF4460B9BAEEE17,0,7.801099493729359,5.198499392462095,2.6026001012672646,5.130115985870361,2.670983507858998,0.06838340659173348,475.549,3.1685,107.49,7.0,0.5434782608695652,0.960840556938126,False,binding_unspecified,chembl_herg_specialized_view,True,False,2,0.010438953458718814,0.005219476729359407,0.0,True,True,"[""HSTR-8E1D50677BBE8361FEF1C325"", ""HSTR-046CE5B06A986A77352361E7"", ""HSTR-FF4A5184DEC262F87EFE153E""]","[0.5434782608695652, 0.5368421052631579, 0.5257731958762887]"
HSTR-0D23FADAADF68C212ED57200,HSCF-0B69968BE3C615A0DC0D06F483009A49A95C36C7E4D1439624A222A1E5C8206D,2,8.32790214203214,5.726797939308315,2.6011042027238256,5.502562522888184,2.825339619143957,0.22423541642013145,472.633,4.9165,70.13,8.0,0.5384615384615384,0.9780001955240021,False,radioligand_binding,chembl_herg_specialized_view,True,True,2,6.428280130421626e-11,3.214140065210813e-11,1.0,False,False,"[""HSTR-9320462362A0056D449F1F4B"", ""HSTR-476CFA5AFBC0B3F12BB3B678"", ""HSTR-EBE47E8CA74BDB0219C57E43""]","[0.5384615384615384, 0.5333333333333333, 0.4457831325301205]"
HSTR-E5A7765AB393A03A1E3ACBB4,HSCF-31312D502BC7EE9FBB1CE7A8A6296136FCE2B5176CC7B7FB22BCAD8B95FAF9FC,0,7.309803919985743,4.711825447547461,2.5979784724382826,5.055871963500977,2.2539319564847666,-0.344046515953516,445.445,4.5257,74.54,5.0,0.6707317073170732,0.960840556938126,False,radioligand_binding,chembl_herg_specialized_view,True,True,2,2.851407998605282e-11,1.425703999302641e-11,2.0,False,False,"[""HSTR-3C6622B1416112E6E871AA86"", ""HSTR-FC47BBCDBDA4765955BEDBA1"", ""HSTR-A01D1B1AAB3C2B59D2CBC2B4""]","[0.6707317073170732, 0.6619718309859155, 0.31645569620253167]"
HSTR-C839AF77CB5D158AAAA3B191,HSCF-34D7D01CB935D3CB2EF0F6FC6056BF31C43968412BEC435FE6C2EF98B2D52E34,1,7.522878745140169,4.927703837987389,2.5951749071527797,4.796358108520508,2.726520636619661,0.13134572946688117,278.105,3.6001,54.0,2.0,0.2711864406779661,0.969152967196047,True,patch_clamp_electrophysiology,chembl_herg_specialized_view,False,False,2,2.8033753096678993e-10,1.4016876548339496e-10,0.5,False,False,"[""HSTR-E83D4C85C64416381FFA76F0"", ""HSTR-A5733B11B6D8BFC95745421A"", ""HSTR-C560337C1B0EBA1448464456""]","[0.2711864406779661, 0.26666666666666666, 0.23728813559322035]"
HSTR-2BD0808664A3F23333C4A350,HSCF-0B69968BE3C615A0DC0D06F483009A49A95C36C7E4D1439624A222A1E5C8206D,2,8.327902142,5.738534692384618,2.5893674496153816,5.542963027954102,2.7849391140458977,0.1955716644305161,472.633,4.9165,70.13,8.0,0.5384615384615384,0.9780001955240021,False,unresolved,quantitative_pic50_release,True,True,1,0.0,0.0,0.0,False,False,"[""HSTR-EBE47E8CA74BDB0219C57E43"", ""HSTR-DCA80F75F8641B803853A7DF"", ""HSTR-9320462362A0056D449F1F4B""]","[0.5384615384615384, 0.5333333333333333, 0.4457831325301205]"
HSTR-6014E5A7F836F5F523EF116A,HSCF-D707876BCC74621FE2880F29A8A609D8F41FDC04649F6F9B27744E65099A984C,0,6.214670164989233,8.796757523231364,2.5820873582421306,8.103214263916016,1.8885440989267828,-0.6935432593153479,336.435,3.3599,55.56,5.0,0.8235294117647058,0.960840556938126,False,functional_electrophysiology,chembl_herg_specialized_view,False,False,1,0.0,0.0,0.0,False,False,"[""HSTR-891B497957E3A340FE5943C8"", ""HSTR-6C4E1C59B8F840DD74A1029B"", ""HSTR-79A96A48E810352A3DF2BEBF""]","[0.8235294117647058, 0.8235294117647058, 0.803921568627451]"
HSTR-EA1A732595F93E4BE13E55A2,HSCF-11A66C77B3EDA7D873691BE3472DE7AF4556B365D02DCC0E60BAAC8B9365964D,1,8.443697499116357,5.86467366647115,2.5790238326452073,5.586792945861816,2.856904553254541,0.27788072060933366,440.883,3.5695,81.01,4.0,0.7272727272727273,0.969152967196047,True,radioligand_binding,chembl_herg_specialized_view,True,False,2,2.327116277456298e-10,1.163558138728149e-10,0.5,False,False,"[""HSTR-C8962DBAD6FEF8BC5337D08C"", ""HSTR-18B06B00D315059307E326D7"", ""HSTR-8147CC2A92D1B559B6E6C270""]","[0.7272727272727273, 0.6111111111111112, 0.6]"
